[Log truncated on 2026-07-22 - kept last 2000 lines]
2026-07-21 13:38:19,850 - V2Scraper - INFO -   Already exists (ID 6297), checking for updates...
2026-07-21 13:38:19,851 - V2Scraper - INFO -   Existing points: 41
2026-07-21 13:38:20,731 - V2Scraper - INFO -   RSC: 65 places (41 total unique)
2026-07-21 13:38:20,871 - V2Scraper - INFO - Total extracted: 41 places
2026-07-21 13:38:20,871 - V2Scraper - INFO -   No new points or corrections needed
2026-07-21 13:38:20,871 - V2Scraper - INFO -   No updates needed
2026-07-21 13:38:21,873 - V2Scraper - INFO - 
[105/292] 365 Days To The Wedding (OAHs4S1CXAlmcCbu520H)
2026-07-21 13:38:21,873 - V2Scraper - INFO -   Already exists (ID 6298), checking for updates...
2026-07-21 13:38:21,874 - V2Scraper - INFO -   Existing points: 48
2026-07-21 13:38:22,835 - V2Scraper - INFO -   RSC: 71 places (47 total unique)
2026-07-21 13:38:22,966 - V2Scraper - INFO - Total extracted: 47 places
2026-07-21 13:38:22,966 - V2Scraper - INFO -   No new points or corrections needed
2026-07-21 13:38:22,966 - V2Scraper - INFO -   No updates needed
2026-07-21 13:38:23,968 - V2Scraper - INFO - 
[106/292] Summer Pockets (OZ6C0hvndlfhdIAf7sIa)
2026-07-21 13:38:23,968 - V2Scraper - INFO -   Already exists (ID 6299), checking for updates...
2026-07-21 13:38:23,969 - V2Scraper - INFO -   Existing points: 65
2026-07-21 13:38:24,910 - V2Scraper - INFO -   RSC: 90 places (65 total unique)
2026-07-21 13:38:25,046 - V2Scraper - INFO - Total extracted: 65 places
2026-07-21 13:38:25,046 - V2Scraper - INFO -   No new points or corrections needed
2026-07-21 13:38:25,046 - V2Scraper - INFO -   No updates needed
2026-07-21 13:38:26,048 - V2Scraper - INFO - 
[107/292] I Made Friends With The Second Prettiest Girl In My Class (OaKLJatdGQqtkk4SZWdB)
2026-07-21 13:38:26,048 - V2Scraper - INFO -   Already exists (ID 6300), checking for updates...
2026-07-21 13:38:26,048 - V2Scraper - INFO -   Existing points: 26
2026-07-21 13:38:26,951 - V2Scraper - INFO -   RSC: 50 places (26 total unique)
2026-07-21 13:38:27,094 - V2Scraper - INFO - Total extracted: 26 places
2026-07-21 13:38:27,094 - V2Scraper - INFO -   No new points or corrections needed
2026-07-21 13:38:27,094 - V2Scraper - INFO -   No updates needed
2026-07-21 13:38:28,095 - V2Scraper - INFO - 
[108/292] Bleach Memories Of Nobody (PKagB1hxt8p8a39k8MVY)
2026-07-21 13:38:28,096 - V2Scraper - INFO -   Already exists (ID 6301), checking for updates...
2026-07-21 13:38:28,097 - V2Scraper - INFO -   Existing points: 10
2026-07-21 13:38:29,102 - V2Scraper - INFO -   RSC: 20 places (10 total unique)
2026-07-21 13:38:29,243 - V2Scraper - INFO - Total extracted: 10 places
2026-07-21 13:38:29,243 - V2Scraper - INFO -   No new points or corrections needed
2026-07-21 13:38:29,243 - V2Scraper - INFO -   No updates needed
2026-07-21 13:38:30,244 - V2Scraper - INFO - 
[109/292] Tamako Love Story (PMFHkoPU1pObVfazDppZ)
2026-07-21 13:38:30,244 - V2Scraper - INFO -   Already exists (ID 6302), checking for updates...
2026-07-21 13:38:30,245 - V2Scraper - INFO -   Existing points: 29
2026-07-21 13:38:31,103 - V2Scraper - INFO -   RSC: 52 places (29 total unique)
2026-07-21 13:38:31,243 - V2Scraper - INFO - Total extracted: 29 places
2026-07-21 13:38:31,243 - V2Scraper - INFO -   No new points or corrections needed
2026-07-21 13:38:31,243 - V2Scraper - INFO -   No updates needed
2026-07-21 13:38:32,244 - V2Scraper - INFO - 
[110/292] Re Zero 2 (PY8lyzbzxH7yFNe0z1kg)
2026-07-21 13:38:32,244 - V2Scraper - INFO -   Already exists (ID 6303), checking for updates...
2026-07-21 13:38:32,245 - V2Scraper - INFO -   Existing points: 7
2026-07-21 13:38:33,138 - V2Scraper - INFO -   RSC: 14 places (7 total unique)
2026-07-21 13:38:33,274 - V2Scraper - INFO - Total extracted: 7 places
2026-07-21 13:38:33,274 - V2Scraper - INFO -   No new points or corrections needed
2026-07-21 13:38:33,274 - V2Scraper - INFO -   No updates needed
2026-07-21 13:38:34,275 - V2Scraper - INFO - 
[111/292] Goodbye Lara (Q5sGWTURXZRsHIhzUbAH)
2026-07-21 13:38:34,275 - V2Scraper - INFO -   Already exists (ID 6839), checking for updates...
2026-07-21 13:38:34,276 - V2Scraper - INFO -   Existing points: 2
2026-07-21 13:38:35,224 - V2Scraper - INFO -   RSC: 18 places (9 total unique)
2026-07-21 13:38:35,362 - V2Scraper - INFO -   Posts API: 1 user-uploaded places
2026-07-21 13:38:35,362 - V2Scraper - INFO -   API: 1 user-uploaded places (9 total unique)
2026-07-21 13:38:35,362 - V2Scraper - INFO - Total extracted: 9 places
2026-07-21 13:38:35,362 - V2Scraper - INFO -   Found 7 new points!
2026-07-21 13:38:37,649 - V2Scraper - INFO -   ✅ +7 new points
2026-07-21 13:38:38,650 - V2Scraper - INFO - 
[112/292] Shoshimin (QG989BWllZZQ1ZeuErVx)
2026-07-21 13:38:38,650 - V2Scraper - INFO -   Already exists (ID 6304), checking for updates...
2026-07-21 13:38:38,651 - V2Scraper - INFO -   Existing points: 58
2026-07-21 13:38:39,850 - V2Scraper - INFO -   RSC: 82 places (57 total unique)
2026-07-21 13:38:39,989 - V2Scraper - INFO - Total extracted: 57 places
2026-07-21 13:38:39,989 - V2Scraper - INFO -   No new points or corrections needed
2026-07-21 13:38:39,989 - V2Scraper - INFO -   No updates needed
2026-07-21 13:38:40,991 - V2Scraper - INFO - 
[113/292] Slow Loop (QZEqu5MPWKCjeIQD0ChT)
2026-07-21 13:38:40,991 - V2Scraper - INFO -   Already exists (ID 6305), checking for updates...
2026-07-21 13:38:40,991 - V2Scraper - INFO -   Existing points: 32
2026-07-21 13:38:42,058 - V2Scraper - INFO -   RSC: 57 places (32 total unique)
2026-07-21 13:38:42,199 - V2Scraper - INFO - Total extracted: 32 places
2026-07-21 13:38:42,200 - V2Scraper - INFO -   No new points or corrections needed
2026-07-21 13:38:42,200 - V2Scraper - INFO -   No updates needed
2026-07-21 13:38:43,201 - V2Scraper - INFO - 
[114/292] Oregairu Snafu 2 (QdSz4uvUO8xtPQ2YnNCH)
2026-07-21 13:38:43,201 - V2Scraper - INFO -   Already exists (ID 6306), checking for updates...
2026-07-21 13:38:43,202 - V2Scraper - INFO -   Existing points: 62
2026-07-21 13:38:44,188 - V2Scraper - INFO -   RSC: 85 places (60 total unique)
2026-07-21 13:38:44,323 - V2Scraper - INFO - Total extracted: 60 places
2026-07-21 13:38:44,324 - V2Scraper - INFO -   No new points or corrections needed
2026-07-21 13:38:44,324 - V2Scraper - INFO -   No updates needed
2026-07-21 13:38:45,325 - V2Scraper - INFO - 
[115/292] Wash It All Away (QqXeEHTDBJy8XPLbqrrn)
2026-07-21 13:38:45,325 - V2Scraper - INFO -   Already exists (ID 6307), checking for updates...
2026-07-21 13:38:45,326 - V2Scraper - INFO -   Existing points: 71
2026-07-21 13:38:46,247 - V2Scraper - INFO -   RSC: 95 places (70 total unique)
2026-07-21 13:38:46,390 - V2Scraper - INFO - Total extracted: 70 places
2026-07-21 13:38:46,390 - V2Scraper - INFO -   No new points or corrections needed
2026-07-21 13:38:46,390 - V2Scraper - INFO -   No updates needed
2026-07-21 13:38:47,391 - V2Scraper - INFO - 
[116/292] Yuruyuri Summer Vacation Plus (R5O9FmDqJMUVD5L3zIo8)
2026-07-21 13:38:47,392 - V2Scraper - INFO -   Already exists (ID 6308), checking for updates...
2026-07-21 13:38:47,392 - V2Scraper - INFO -   Existing points: 8
2026-07-21 13:38:48,442 - V2Scraper - INFO -   RSC: 15 places (8 total unique)
2026-07-21 13:38:48,588 - V2Scraper - INFO - Total extracted: 8 places
2026-07-21 13:38:48,588 - V2Scraper - INFO -   No new points or corrections needed
2026-07-21 13:38:48,589 - V2Scraper - INFO -   No updates needed
2026-07-21 13:38:49,590 - V2Scraper - INFO - 
[117/292] Initial D Legend 2 (RLpqKpn3ABpw8arWkpWc)
2026-07-21 13:38:49,590 - V2Scraper - INFO -   Already exists (ID 6309), checking for updates...
2026-07-21 13:38:49,591 - V2Scraper - INFO -   Existing points: 22
2026-07-21 13:38:50,462 - V2Scraper - INFO -   RSC: 41 places (22 total unique)
2026-07-21 13:38:50,604 - V2Scraper - INFO - Total extracted: 22 places
2026-07-21 13:38:50,605 - V2Scraper - INFO -   No new points or corrections needed
2026-07-21 13:38:50,605 - V2Scraper - INFO -   No updates needed
2026-07-21 13:38:51,606 - V2Scraper - INFO - 
[118/292] Sword Art Online (RLvmUUdAaqEDbvILfPsq)
2026-07-21 13:38:51,606 - V2Scraper - INFO -   Already exists (ID 6923), checking for updates...
2026-07-21 13:38:51,607 - V2Scraper - INFO -   Existing points: 3
2026-07-21 13:38:52,543 - V2Scraper - INFO -   RSC: 6 places (3 total unique)
2026-07-21 13:38:52,685 - V2Scraper - INFO - Total extracted: 3 places
2026-07-21 13:38:52,685 - V2Scraper - INFO -   No new points or corrections needed
2026-07-21 13:38:52,685 - V2Scraper - INFO -   No updates needed
2026-07-21 13:38:53,687 - V2Scraper - INFO - 
[119/292] The Angel Next Door Spoils Me Rotten (RPnFHigPkhOePBI3ZpP7)
2026-07-21 13:38:53,687 - V2Scraper - INFO -   Already exists (ID 6310), checking for updates...
2026-07-21 13:38:53,687 - V2Scraper - INFO -   Existing points: 8
2026-07-21 13:38:54,650 - V2Scraper - INFO -   RSC: 16 places (8 total unique)
2026-07-21 13:38:54,785 - V2Scraper - INFO - Total extracted: 8 places
2026-07-21 13:38:54,786 - V2Scraper - INFO -   No new points or corrections needed
2026-07-21 13:38:54,786 - V2Scraper - INFO -   No updates needed
2026-07-21 13:38:55,787 - V2Scraper - INFO - 
[120/292] Iroduku (RawAH4VbfP7uT0pSXQv9)
2026-07-21 13:38:55,787 - V2Scraper - INFO -   Already exists (ID 6311), checking for updates...
2026-07-21 13:38:55,788 - V2Scraper - INFO -   Existing points: 76
2026-07-21 13:38:56,899 - V2Scraper - INFO -   RSC: 98 places (74 total unique)
2026-07-21 13:38:57,036 - V2Scraper - INFO - Total extracted: 74 places
2026-07-21 13:38:57,037 - V2Scraper - INFO -   No new points or corrections needed
2026-07-21 13:38:57,037 - V2Scraper - INFO -   No updates needed
2026-07-21 13:38:58,038 - V2Scraper - INFO - 
[121/292] Ride Your Wave (RdB9u0ObLQdFxMYl4nUx)
2026-07-21 13:38:58,038 - V2Scraper - INFO -   Already exists (ID 6312), checking for updates...
2026-07-21 13:38:58,039 - V2Scraper - INFO -   Existing points: 15
2026-07-21 13:38:59,087 - V2Scraper - INFO -   RSC: 30 places (15 total unique)
2026-07-21 13:38:59,231 - V2Scraper - INFO - Total extracted: 15 places
2026-07-21 13:38:59,231 - V2Scraper - INFO -   No new points or corrections needed
2026-07-21 13:38:59,231 - V2Scraper - INFO -   No updates needed
2026-07-21 13:39:00,232 - V2Scraper - INFO - 
[122/292] Anohana (S2Ck9BmF9DceONFuYdu2)
2026-07-21 13:39:00,232 - V2Scraper - INFO -   Already exists (ID 6313), checking for updates...
2026-07-21 13:39:00,233 - V2Scraper - INFO -   Existing points: 36
2026-07-21 13:39:01,147 - V2Scraper - INFO -   RSC: 59 places (35 total unique)
2026-07-21 13:39:01,291 - V2Scraper - INFO - Total extracted: 35 places
2026-07-21 13:39:01,292 - V2Scraper - INFO -   No new points or corrections needed
2026-07-21 13:39:01,292 - V2Scraper - INFO -   No updates needed
2026-07-21 13:39:02,293 - V2Scraper - INFO - 
[123/292] Star Detective Precure (SLJtXMvLjJFxkt3cKtRL)
2026-07-21 13:39:02,293 - V2Scraper - INFO -   Already exists (ID 6314), checking for updates...
2026-07-21 13:39:02,294 - V2Scraper - INFO -   Existing points: 6
2026-07-21 13:39:03,233 - V2Scraper - INFO -   RSC: 12 places (6 total unique)
2026-07-21 13:39:03,371 - V2Scraper - INFO -   Posts API: 6 user-uploaded places
2026-07-21 13:39:03,372 - V2Scraper - INFO -   API: 6 user-uploaded places (6 total unique)
2026-07-21 13:39:03,372 - V2Scraper - INFO - Total extracted: 6 places
2026-07-21 13:39:03,372 - V2Scraper - INFO -   No new points or corrections needed
2026-07-21 13:39:03,372 - V2Scraper - INFO -   No updates needed
2026-07-21 13:39:04,373 - V2Scraper - INFO - 
[124/292] Erased (SZ4J7oV1NGtk9EIFlZCO)
2026-07-21 13:39:04,373 - V2Scraper - INFO -   Already exists (ID 6315), checking for updates...
2026-07-21 13:39:04,374 - V2Scraper - INFO -   Existing points: 22
2026-07-21 13:39:05,278 - V2Scraper - INFO -   RSC: 44 places (22 total unique)
2026-07-21 13:39:05,426 - V2Scraper - INFO - Total extracted: 22 places
2026-07-21 13:39:05,427 - V2Scraper - INFO -   No new points or corrections needed
2026-07-21 13:39:05,427 - V2Scraper - INFO -   No updates needed
2026-07-21 13:39:06,428 - V2Scraper - INFO - 
[125/292] The Place Promised In Our Early Days (SvV7FwjDoS2tJiVqx4NA)
2026-07-21 13:39:06,428 - V2Scraper - INFO -   Already exists (ID 6316), checking for updates...
2026-07-21 13:39:06,429 - V2Scraper - INFO -   Existing points: 13
2026-07-21 13:39:07,346 - V2Scraper - INFO -   RSC: 26 places (13 total unique)
2026-07-21 13:39:07,481 - V2Scraper - INFO - Total extracted: 13 places
2026-07-21 13:39:07,482 - V2Scraper - INFO -   No new points or corrections needed
2026-07-21 13:39:07,482 - V2Scraper - INFO -   No updates needed
2026-07-21 13:39:08,483 - V2Scraper - INFO - 
[126/292] Your Lie In April (SxVDZdqsWoda64YFSB5I)
2026-07-21 13:39:08,483 - V2Scraper - INFO -   Already exists (ID 6317), checking for updates...
2026-07-21 13:39:08,484 - V2Scraper - INFO -   Existing points: 36
2026-07-21 13:39:09,490 - V2Scraper - INFO -   RSC: 61 places (36 total unique)
2026-07-21 13:39:09,627 - V2Scraper - INFO - Total extracted: 36 places
2026-07-21 13:39:09,627 - V2Scraper - INFO -   No new points or corrections needed
2026-07-21 13:39:09,627 - V2Scraper - INFO -   No updates needed
2026-07-21 13:39:10,628 - V2Scraper - INFO - 
[127/292] Kaguya Sama S2 (TAaEPRwIJMNDic8UNpyJ)
2026-07-21 13:39:10,629 - V2Scraper - INFO -   Already exists (ID 6318), checking for updates...
2026-07-21 13:39:10,629 - V2Scraper - INFO -   Existing points: 6
2026-07-21 13:39:11,532 - V2Scraper - INFO -   RSC: 11 places (6 total unique)
2026-07-21 13:39:11,673 - V2Scraper - INFO - Total extracted: 6 places
2026-07-21 13:39:11,673 - V2Scraper - INFO -   No new points or corrections needed
2026-07-21 13:39:11,673 - V2Scraper - INFO -   No updates needed
2026-07-21 13:39:12,674 - V2Scraper - INFO - 
[128/292] The Dangers In My Heart 2 (TCBZtniKN2tuT2Mr6sFW)
2026-07-21 13:39:12,675 - V2Scraper - INFO -   Already exists (ID 6319), checking for updates...
2026-07-21 13:39:12,675 - V2Scraper - INFO -   Existing points: 42
2026-07-21 13:39:13,595 - V2Scraper - INFO -   RSC: 64 places (42 total unique)
2026-07-21 13:39:13,733 - V2Scraper - INFO - Total extracted: 42 places
2026-07-21 13:39:13,734 - V2Scraper - INFO -   No new points or corrections needed
2026-07-21 13:39:13,734 - V2Scraper - INFO -   No updates needed
2026-07-21 13:39:14,735 - V2Scraper - INFO - 
[129/292] Gate (TSkvs59be6uQgnRQeRe9)
2026-07-21 13:39:14,735 - V2Scraper - INFO -   Already exists (ID 6320), checking for updates...
2026-07-21 13:39:14,736 - V2Scraper - INFO -   Existing points: 28
2026-07-21 13:39:15,628 - V2Scraper - INFO -   RSC: 53 places (28 total unique)
2026-07-21 13:39:15,763 - V2Scraper - INFO - Total extracted: 28 places
2026-07-21 13:39:15,764 - V2Scraper - INFO -   No new points or corrections needed
2026-07-21 13:39:15,764 - V2Scraper - INFO -   No updates needed
2026-07-21 13:39:16,765 - V2Scraper - INFO - 
[130/292] Style Of Hiroshi Nohara Lunch (TjkYh2MXRiFE4rlWLMtb)
2026-07-21 13:39:16,765 - V2Scraper - INFO -   Already exists (ID 6321), checking for updates...
2026-07-21 13:39:16,766 - V2Scraper - INFO -   Existing points: 8
2026-07-21 13:39:17,649 - V2Scraper - INFO -   RSC: 15 places (8 total unique)
2026-07-21 13:39:17,787 - V2Scraper - INFO - Total extracted: 8 places
2026-07-21 13:39:17,787 - V2Scraper - INFO -   No new points or corrections needed
2026-07-21 13:39:17,788 - V2Scraper - INFO -   No updates needed
2026-07-21 13:39:18,789 - V2Scraper - INFO - 
[131/292] Oomuro Ke Dear Friends (TokTljW8Xuc2zv5zjpL7)
2026-07-21 13:39:18,789 - V2Scraper - INFO -   Already exists (ID 6322), checking for updates...
2026-07-21 13:39:18,790 - V2Scraper - INFO -   Existing points: 29
2026-07-21 13:39:19,741 - V2Scraper - INFO -   RSC: 54 places (29 total unique)
2026-07-21 13:39:19,883 - V2Scraper - INFO - Total extracted: 29 places
2026-07-21 13:39:19,883 - V2Scraper - INFO -   No new points or corrections needed
2026-07-21 13:39:19,883 - V2Scraper - INFO -   No updates needed
2026-07-21 13:39:20,885 - V2Scraper - INFO - 
[132/292] Darling In The Franxx (U4M4jkiANLzkJ3fvBass)
2026-07-21 13:39:20,885 - V2Scraper - INFO -   Already exists (ID 6323), checking for updates...
2026-07-21 13:39:20,885 - V2Scraper - INFO -   Existing points: 5
2026-07-21 13:39:21,892 - V2Scraper - INFO -   RSC: 10 places (5 total unique)
2026-07-21 13:39:22,035 - V2Scraper - INFO - Total extracted: 5 places
2026-07-21 13:39:22,035 - V2Scraper - INFO -   No new points or corrections needed
2026-07-21 13:39:22,035 - V2Scraper - INFO -   No updates needed
2026-07-21 13:39:23,037 - V2Scraper - INFO - 
[133/292] Rascal Does Not Dream Of Santa Claus (UAxl5OxUl27L0betSu5L)
2026-07-21 13:39:23,037 - V2Scraper - INFO -   Already exists (ID 6324), checking for updates...
2026-07-21 13:39:23,038 - V2Scraper - INFO -   Existing points: 133
2026-07-21 13:39:24,042 - V2Scraper - INFO -   RSC: 156 places (131 total unique)
2026-07-21 13:39:24,185 - V2Scraper - INFO - Total extracted: 131 places
2026-07-21 13:39:24,186 - V2Scraper - INFO -   No new points or corrections needed
2026-07-21 13:39:24,186 - V2Scraper - INFO -   No updates needed
2026-07-21 13:39:25,187 - V2Scraper - INFO - 
[134/292] Digimon Adventure Last Evolution Kizuna (UFsJyag2lYH3H0hc2FOR)
2026-07-21 13:39:25,188 - V2Scraper - INFO -   Already exists (ID 6325), checking for updates...
2026-07-21 13:39:25,188 - V2Scraper - INFO -   Existing points: 23
2026-07-21 13:39:26,220 - V2Scraper - INFO -   RSC: 45 places (23 total unique)
2026-07-21 13:39:26,352 - V2Scraper - INFO - Total extracted: 23 places
2026-07-21 13:39:26,353 - V2Scraper - INFO -   No new points or corrections needed
2026-07-21 13:39:26,353 - V2Scraper - INFO -   No updates needed
2026-07-21 13:39:27,354 - V2Scraper - INFO - 
[135/292] Mirai (UVPVcuDouxDp80lD6iDf)
2026-07-21 13:39:27,354 - V2Scraper - INFO -   Already exists (ID 6326), checking for updates...
2026-07-21 13:39:27,354 - V2Scraper - INFO -   Existing points: 9
2026-07-21 13:39:28,204 - V2Scraper - INFO -   RSC: 18 places (9 total unique)
2026-07-21 13:39:28,522 - V2Scraper - INFO - Total extracted: 9 places
2026-07-21 13:39:28,522 - V2Scraper - INFO -   No new points or corrections needed
2026-07-21 13:39:28,522 - V2Scraper - INFO -   No updates needed
2026-07-21 13:39:29,524 - V2Scraper - INFO - 
[136/292] Negative Positive Angler (UXyZMhIozhcciP5RVeEq)
2026-07-21 13:39:29,524 - V2Scraper - INFO -   Already exists (ID 6327), checking for updates...
2026-07-21 13:39:29,525 - V2Scraper - INFO -   Existing points: 58
2026-07-21 13:39:30,457 - V2Scraper - INFO -   RSC: 81 places (58 total unique)
2026-07-21 13:39:30,598 - V2Scraper - INFO - Total extracted: 58 places
2026-07-21 13:39:30,599 - V2Scraper - INFO -   No new points or corrections needed
2026-07-21 13:39:30,599 - V2Scraper - INFO -   No updates needed
2026-07-21 13:39:31,600 - V2Scraper - INFO - 
[137/292] Barakamon (UcdcmZWDPCZiUdYZ6j7t)
2026-07-21 13:39:31,600 - V2Scraper - INFO -   Already exists (ID 6328), checking for updates...
2026-07-21 13:39:31,602 - V2Scraper - INFO -   Existing points: 20
2026-07-21 13:39:32,609 - V2Scraper - INFO -   RSC: 39 places (20 total unique)
2026-07-21 13:39:32,744 - V2Scraper - INFO - Total extracted: 20 places
2026-07-21 13:39:32,744 - V2Scraper - INFO -   No new points or corrections needed
2026-07-21 13:39:32,744 - V2Scraper - INFO -   No updates needed
2026-07-21 13:39:33,745 - V2Scraper - INFO - 
[138/292] Rascal Does Not Dream Of A Dreaming Girl (UnHZjOgLD7JW5aUXBdwc)
2026-07-21 13:39:33,745 - V2Scraper - INFO -   Already exists (ID 6329), checking for updates...
2026-07-21 13:39:33,746 - V2Scraper - INFO -   Existing points: 35
2026-07-21 13:39:34,636 - V2Scraper - INFO -   RSC: 59 places (34 total unique)
2026-07-21 13:39:34,774 - V2Scraper - INFO - Total extracted: 34 places
2026-07-21 13:39:34,774 - V2Scraper - INFO -   No new points or corrections needed
2026-07-21 13:39:34,774 - V2Scraper - INFO -   No updates needed
2026-07-21 13:39:35,776 - V2Scraper - INFO - 
[139/292] Sao Ordinal Scale (Ur5mrwrBPVePfw7X3LNc)
2026-07-21 13:39:35,776 - V2Scraper - INFO -   Already exists (ID 6330), checking for updates...
2026-07-21 13:39:35,776 - V2Scraper - INFO -   Existing points: 10
2026-07-21 13:39:36,710 - V2Scraper - INFO -   RSC: 20 places (10 total unique)
2026-07-21 13:39:36,848 - V2Scraper - INFO - Total extracted: 10 places
2026-07-21 13:39:36,848 - V2Scraper - INFO -   No new points or corrections needed
2026-07-21 13:39:36,848 - V2Scraper - INFO -   No updates needed
2026-07-21 13:39:37,848 - V2Scraper - INFO - 
[140/292] Jujutsu Kaisen 2 (UrP8DF1mot4eA2YfzSJk)
2026-07-21 13:39:37,849 - V2Scraper - INFO -   Already exists (ID 6331), checking for updates...
2026-07-21 13:39:37,850 - V2Scraper - INFO -   Existing points: 77
2026-07-21 13:39:38,777 - V2Scraper - INFO -   RSC: 102 places (77 total unique)
2026-07-21 13:39:38,914 - V2Scraper - INFO - Total extracted: 77 places
2026-07-21 13:39:38,915 - V2Scraper - INFO -   No new points or corrections needed
2026-07-21 13:39:38,915 - V2Scraper - INFO -   No updates needed
2026-07-21 13:39:39,916 - V2Scraper - INFO - 
[141/292] A Place Further Than The Universe (V8ZUeVmlHtP2Wh4scQ77)
2026-07-21 13:39:39,916 - V2Scraper - INFO -   Already exists (ID 6332), checking for updates...
2026-07-21 13:39:39,917 - V2Scraper - INFO -   Existing points: 37
2026-07-21 13:39:40,792 - V2Scraper - INFO -   RSC: 61 places (37 total unique)
2026-07-21 13:39:40,930 - V2Scraper - INFO - Total extracted: 37 places
2026-07-21 13:39:40,930 - V2Scraper - INFO -   No new points or corrections needed
2026-07-21 13:39:40,931 - V2Scraper - INFO -   No updates needed
2026-07-21 13:39:41,932 - V2Scraper - INFO - 
[142/292] Girls Panzer (VD31WwqZ3Ok7A1Fcr892)
2026-07-21 13:39:41,932 - V2Scraper - INFO -   Already exists (ID 6333), checking for updates...
2026-07-21 13:39:41,933 - V2Scraper - INFO -   Existing points: 22
2026-07-21 13:39:42,886 - V2Scraper - INFO -   RSC: 42 places (22 total unique)
2026-07-21 13:39:43,026 - V2Scraper - INFO - Total extracted: 22 places
2026-07-21 13:39:43,027 - V2Scraper - INFO -   No new points or corrections needed
2026-07-21 13:39:43,027 - V2Scraper - INFO -   No updates needed
2026-07-21 13:39:44,028 - V2Scraper - INFO - 
[143/292] My Dress Up Darling (VIQzdK6tzpH3rImWUzQ6)
2026-07-21 13:39:44,028 - V2Scraper - INFO -   Already exists (ID 6334), checking for updates...
2026-07-21 13:39:44,029 - V2Scraper - INFO -   Existing points: 35
2026-07-21 13:39:44,994 - V2Scraper - INFO -   RSC: 59 places (35 total unique)
2026-07-21 13:39:45,132 - V2Scraper - INFO - Total extracted: 35 places
2026-07-21 13:39:45,132 - V2Scraper - INFO -   No new points or corrections needed
2026-07-21 13:39:45,132 - V2Scraper - INFO -   No updates needed
2026-07-21 13:39:46,133 - V2Scraper - INFO - 
[144/292] Blend S (VVAuTlfMEMbesT8lj0Me)
2026-07-21 13:39:46,134 - V2Scraper - INFO -   Already exists (ID 6335), checking for updates...
2026-07-21 13:39:46,134 - V2Scraper - INFO -   Existing points: 9
2026-07-21 13:39:47,149 - V2Scraper - INFO -   RSC: 18 places (9 total unique)
2026-07-21 13:39:47,295 - V2Scraper - INFO - Total extracted: 9 places
2026-07-21 13:39:47,296 - V2Scraper - INFO -   No new points or corrections needed
2026-07-21 13:39:47,296 - V2Scraper - INFO -   No updates needed
2026-07-21 13:39:48,297 - V2Scraper - INFO - 
[145/292] Steins Gate (VYoUbJBIkUiLX3HPYQGl)
2026-07-21 13:39:48,297 - V2Scraper - INFO -   Already exists (ID 6336), checking for updates...
2026-07-21 13:39:48,298 - V2Scraper - INFO -   Existing points: 65
2026-07-21 13:39:49,518 - V2Scraper - INFO -   RSC: 89 places (64 total unique)
2026-07-21 13:39:49,664 - V2Scraper - INFO - Total extracted: 64 places
2026-07-21 13:39:49,665 - V2Scraper - INFO -   No new points or corrections needed
2026-07-21 13:39:49,665 - V2Scraper - INFO -   No updates needed
2026-07-21 13:39:50,666 - V2Scraper - INFO - 
[146/292] Teasing Master Takagi San 2 (VhH877Oq00jh2nXka21n)
2026-07-21 13:39:50,666 - V2Scraper - INFO -   Already exists (ID 6337), checking for updates...
2026-07-21 13:39:50,667 - V2Scraper - INFO -   Existing points: 13
2026-07-21 13:39:51,834 - V2Scraper - INFO -   RSC: 26 places (13 total unique)
2026-07-21 13:39:51,972 - V2Scraper - INFO - Total extracted: 13 places
2026-07-21 13:39:51,972 - V2Scraper - INFO -   No new points or corrections needed
2026-07-21 13:39:51,972 - V2Scraper - INFO -   No updates needed
2026-07-21 13:39:52,973 - V2Scraper - INFO - 
[147/292] Bang Dream Its Mygo (VkynuahKEcbI6q0ygptX)
2026-07-21 13:39:52,973 - V2Scraper - INFO -   Already exists (ID 6338), checking for updates...
2026-07-21 13:39:52,974 - V2Scraper - INFO -   Existing points: 35
2026-07-21 13:39:53,834 - V2Scraper - INFO -   RSC: 59 places (35 total unique)
2026-07-21 13:39:53,975 - V2Scraper - INFO - Total extracted: 35 places
2026-07-21 13:39:53,976 - V2Scraper - INFO -   No new points or corrections needed
2026-07-21 13:39:53,976 - V2Scraper - INFO -   No updates needed
2026-07-21 13:39:54,977 - V2Scraper - INFO - 
[148/292] Touring After The Apocalypse (VwCzosaRb9Xdvs1m8bls)
2026-07-21 13:39:54,977 - V2Scraper - INFO -   Already exists (ID 6339), checking for updates...
2026-07-21 13:39:54,978 - V2Scraper - INFO -   Existing points: 109
2026-07-21 13:39:56,002 - V2Scraper - INFO -   RSC: 132 places (108 total unique)
2026-07-21 13:39:56,150 - V2Scraper - INFO - Total extracted: 108 places
2026-07-21 13:39:56,150 - V2Scraper - INFO -   No new points or corrections needed
2026-07-21 13:39:56,151 - V2Scraper - INFO -   No updates needed
2026-07-21 13:39:57,152 - V2Scraper - INFO - 
[149/292] The Tunnel To Summer The Exit Of Goodbyes (VwGMVFBArqmvYx8g1JQe)
2026-07-21 13:39:57,152 - V2Scraper - INFO -   Already exists (ID 6340), checking for updates...
2026-07-21 13:39:57,153 - V2Scraper - INFO -   Existing points: 11
2026-07-21 13:39:58,110 - V2Scraper - INFO -   RSC: 20 places (10 total unique)
2026-07-21 13:39:58,254 - V2Scraper - INFO - Total extracted: 10 places
2026-07-21 13:39:58,254 - V2Scraper - INFO -   No new points or corrections needed
2026-07-21 13:39:58,254 - V2Scraper - INFO -   No updates needed
2026-07-21 13:39:59,255 - V2Scraper - INFO - 
[150/292] Pseudo Harem (W6Ty1y47SrpzJsnFIiRq)
2026-07-21 13:39:59,255 - V2Scraper - INFO -   Already exists (ID 6341), checking for updates...
2026-07-21 13:39:59,256 - V2Scraper - INFO -   Existing points: 19
2026-07-21 13:40:00,159 - V2Scraper - INFO -   RSC: 37 places (19 total unique)
2026-07-21 13:40:00,304 - V2Scraper - INFO - Total extracted: 19 places
2026-07-21 13:40:00,305 - V2Scraper - INFO -   No new points or corrections needed
2026-07-21 13:40:00,305 - V2Scraper - INFO -   No updates needed
2026-07-21 13:40:01,306 - V2Scraper - INFO - 
[151/292] Tokyo Revengers 3 (WoY91eDNSvhHts6QSPg1)
2026-07-21 13:40:01,306 - V2Scraper - INFO -   Already exists (ID 6342), checking for updates...
2026-07-21 13:40:01,307 - V2Scraper - INFO -   Existing points: 23
2026-07-21 13:40:02,178 - V2Scraper - INFO -   RSC: 42 places (23 total unique)
2026-07-21 13:40:02,325 - V2Scraper - INFO - Total extracted: 23 places
2026-07-21 13:40:02,326 - V2Scraper - INFO -   No new points or corrections needed
2026-07-21 13:40:02,326 - V2Scraper - INFO -   No updates needed
2026-07-21 13:40:03,327 - V2Scraper - INFO - 
[152/292] Jellyfish Cant Swim In The Night (X2oUXyn7fGvGuS50lQCn)
2026-07-21 13:40:03,327 - V2Scraper - INFO -   Already exists (ID 6343), checking for updates...
2026-07-21 13:40:03,328 - V2Scraper - INFO -   Existing points: 28
2026-07-21 13:40:04,247 - V2Scraper - INFO -   RSC: 53 places (28 total unique)
2026-07-21 13:40:04,387 - V2Scraper - INFO - Total extracted: 28 places
2026-07-21 13:40:04,387 - V2Scraper - INFO -   No new points or corrections needed
2026-07-21 13:40:04,387 - V2Scraper - INFO -   No updates needed
2026-07-21 13:40:05,388 - V2Scraper - INFO - 
[153/292] Amagi Brilliant Park (X7iF240giFDBUnldbUVY)
2026-07-21 13:40:05,389 - V2Scraper - INFO -   Already exists (ID 6344), checking for updates...
2026-07-21 13:40:05,389 - V2Scraper - INFO -   Existing points: 10
2026-07-21 13:40:06,547 - V2Scraper - INFO -   RSC: 19 places (10 total unique)
2026-07-21 13:40:06,691 - V2Scraper - INFO - Total extracted: 10 places
2026-07-21 13:40:06,691 - V2Scraper - INFO -   No new points or corrections needed
2026-07-21 13:40:06,691 - V2Scraper - INFO -   No updates needed
2026-07-21 13:40:07,693 - V2Scraper - INFO - 
[154/292] Chainsaw Man (XVRPGfPRg2w1rhg6LbJq)
2026-07-21 13:40:07,693 - V2Scraper - INFO -   Already exists (ID 6345), checking for updates...
2026-07-21 13:40:07,693 - V2Scraper - INFO -   Existing points: 4
2026-07-21 13:40:08,588 - V2Scraper - INFO -   RSC: 8 places (4 total unique)
2026-07-21 13:40:08,743 - V2Scraper - INFO - Total extracted: 4 places
2026-07-21 13:40:08,743 - V2Scraper - INFO -   No new points or corrections needed
2026-07-21 13:40:08,744 - V2Scraper - INFO -   No updates needed
2026-07-21 13:40:09,745 - V2Scraper - INFO - 
[155/292] Maebashi Witches (XWNFKfeivPqVqZv9aN0M)
2026-07-21 13:40:09,745 - V2Scraper - INFO -   Already exists (ID 6346), checking for updates...
2026-07-21 13:40:09,746 - V2Scraper - INFO -   Existing points: 61
2026-07-21 13:40:10,771 - V2Scraper - INFO -   RSC: 86 places (61 total unique)
2026-07-21 13:40:10,911 - V2Scraper - INFO - Total extracted: 61 places
2026-07-21 13:40:10,912 - V2Scraper - INFO -   No new points or corrections needed
2026-07-21 13:40:10,912 - V2Scraper - INFO -   No updates needed
2026-07-21 13:40:11,913 - V2Scraper - INFO - 
[156/292] Kaguya Sama The First Kiss That Never Ends (XdDmRhPxTsVDwlmnjOqZ)
2026-07-21 13:40:11,914 - V2Scraper - INFO -   Already exists (ID 6347), checking for updates...
2026-07-21 13:40:11,914 - V2Scraper - INFO -   Existing points: 7
2026-07-21 13:40:12,838 - V2Scraper - INFO -   RSC: 14 places (7 total unique)
2026-07-21 13:40:12,978 - V2Scraper - INFO - Total extracted: 7 places
2026-07-21 13:40:12,979 - V2Scraper - INFO -   No new points or corrections needed
2026-07-21 13:40:12,979 - V2Scraper - INFO -   No updates needed
2026-07-21 13:40:13,980 - V2Scraper - INFO - 
[157/292] Chihayafuru (XdJHcqKxg3G3TekN1V8K)
2026-07-21 13:40:13,980 - V2Scraper - INFO -   Already exists (ID 6348), checking for updates...
2026-07-21 13:40:13,981 - V2Scraper - INFO -   Existing points: 25
2026-07-21 13:40:14,969 - V2Scraper - INFO -   RSC: 50 places (25 total unique)
2026-07-21 13:40:15,110 - V2Scraper - INFO - Total extracted: 25 places
2026-07-21 13:40:15,111 - V2Scraper - INFO -   No new points or corrections needed
2026-07-21 13:40:15,111 - V2Scraper - INFO -   No updates needed
2026-07-21 13:40:16,112 - V2Scraper - INFO - 
[158/292] Rent A Girlfriend 2 (YBki2zmwelxlOa6u2Y2w)
2026-07-21 13:40:16,112 - V2Scraper - INFO -   Already exists (ID 6349), checking for updates...
2026-07-21 13:40:16,113 - V2Scraper - INFO -   Existing points: 30
2026-07-21 13:40:17,100 - V2Scraper - INFO -   RSC: 55 places (30 total unique)
2026-07-21 13:40:17,239 - V2Scraper - INFO - Total extracted: 30 places
2026-07-21 13:40:17,239 - V2Scraper - INFO -   No new points or corrections needed
2026-07-21 13:40:17,239 - V2Scraper - INFO -   No updates needed
2026-07-21 13:40:18,240 - V2Scraper - INFO - 
[159/292] Bungo Stray Dogs (YCv9qvKperWlZqGCGO9G)
2026-07-21 13:40:18,240 - V2Scraper - INFO -   Already exists (ID 6350), checking for updates...
2026-07-21 13:40:18,241 - V2Scraper - INFO -   Existing points: 26
2026-07-21 13:40:19,180 - V2Scraper - INFO -   RSC: 49 places (25 total unique)
2026-07-21 13:40:19,317 - V2Scraper - INFO - Total extracted: 25 places
2026-07-21 13:40:19,317 - V2Scraper - INFO -   No new points or corrections needed
2026-07-21 13:40:19,317 - V2Scraper - INFO -   No updates needed
2026-07-21 13:40:20,319 - V2Scraper - INFO - 
[160/292] Oshi No Ko (YKzUE2kxQL1P1ur9nflL)
2026-07-21 13:40:20,319 - V2Scraper - INFO -   Already exists (ID 6351), checking for updates...
2026-07-21 13:40:20,319 - V2Scraper - INFO -   Existing points: 28
2026-07-21 13:40:21,533 - V2Scraper - INFO -   RSC: 52 places (28 total unique)
2026-07-21 13:40:21,682 - V2Scraper - INFO - Total extracted: 28 places
2026-07-21 13:40:21,682 - V2Scraper - INFO -   No new points or corrections needed
2026-07-21 13:40:21,683 - V2Scraper - INFO -   No updates needed
2026-07-21 13:40:22,684 - V2Scraper - INFO - 
[161/292] Ruri Rocks (YLZiKMcAArdDWFoFtsY4)
2026-07-21 13:40:22,684 - V2Scraper - INFO -   Already exists (ID 6352), checking for updates...
2026-07-21 13:40:22,685 - V2Scraper - INFO -   Existing points: 9
2026-07-21 13:40:23,590 - V2Scraper - INFO -   RSC: 18 places (9 total unique)
2026-07-21 13:40:23,725 - V2Scraper - INFO - Total extracted: 9 places
2026-07-21 13:40:23,725 - V2Scraper - INFO -   No new points or corrections needed
2026-07-21 13:40:23,726 - V2Scraper - INFO -   No updates needed
2026-07-21 13:40:24,727 - V2Scraper - INFO - 
[162/292] You And I Are Polar Opposites (YXVReUNqOt4ymGmp6Ymh)
2026-07-21 13:40:24,727 - V2Scraper - INFO -   Already exists (ID 6353), checking for updates...
2026-07-21 13:40:24,728 - V2Scraper - INFO -   Existing points: 44
2026-07-21 13:40:25,614 - V2Scraper - INFO -   RSC: 68 places (44 total unique)
2026-07-21 13:40:25,759 - V2Scraper - INFO - Total extracted: 44 places
2026-07-21 13:40:25,759 - V2Scraper - INFO -   No new points or corrections needed
2026-07-21 13:40:25,759 - V2Scraper - INFO -   No updates needed
2026-07-21 13:40:26,760 - V2Scraper - INFO - 
[163/292] Free (YfZUuOQaiVpbuWXQXNt3)
2026-07-21 13:40:26,760 - V2Scraper - INFO -   Already exists (ID 6354), checking for updates...
2026-07-21 13:40:26,761 - V2Scraper - INFO -   Existing points: 29
2026-07-21 13:40:27,727 - V2Scraper - INFO -   RSC: 54 places (29 total unique)
2026-07-21 13:40:27,873 - V2Scraper - INFO - Total extracted: 29 places
2026-07-21 13:40:27,874 - V2Scraper - INFO -   No new points or corrections needed
2026-07-21 13:40:27,874 - V2Scraper - INFO -   No updates needed
2026-07-21 13:40:28,875 - V2Scraper - INFO - 
[164/292] The Ramparts Of Ice (YxP1yJDVqlWieMLbNmlQ)
2026-07-21 13:40:28,875 - V2Scraper - INFO -   Already exists (ID 6916), checking for updates...
2026-07-21 13:40:28,876 - V2Scraper - INFO -   Existing points: 8
2026-07-21 13:40:29,788 - V2Scraper - INFO -   RSC: 16 places (8 total unique)
2026-07-21 13:40:29,940 - V2Scraper - INFO -   Posts API: 8 user-uploaded places
2026-07-21 13:40:29,940 - V2Scraper - INFO -   API: 8 user-uploaded places (8 total unique)
2026-07-21 13:40:29,940 - V2Scraper - INFO - Total extracted: 8 places
2026-07-21 13:40:29,940 - V2Scraper - INFO -   No new points or corrections needed
2026-07-21 13:40:29,941 - V2Scraper - INFO -   No updates needed
2026-07-21 13:40:30,942 - V2Scraper - INFO - 
[165/292] Steins Gate Movie (ZH0zqKiaPk9CiGpashc9)
2026-07-21 13:40:30,942 - V2Scraper - INFO -   Already exists (ID 6355), checking for updates...
2026-07-21 13:40:30,943 - V2Scraper - INFO -   Existing points: 25
2026-07-21 13:40:31,817 - V2Scraper - INFO -   RSC: 49 places (25 total unique)
2026-07-21 13:40:31,956 - V2Scraper - INFO - Total extracted: 25 places
2026-07-21 13:40:31,956 - V2Scraper - INFO -   No new points or corrections needed
2026-07-21 13:40:31,956 - V2Scraper - INFO -   No updates needed
2026-07-21 13:40:32,957 - V2Scraper - INFO - 
[166/292] Digimon Adventure (ZUDKPLIyHJa5yQs8fBcs)
2026-07-21 13:40:32,957 - V2Scraper - INFO -   Already exists (ID 6356), checking for updates...
2026-07-21 13:40:32,958 - V2Scraper - INFO -   Existing points: 28
2026-07-21 13:40:33,877 - V2Scraper - INFO -   RSC: 53 places (28 total unique)
2026-07-21 13:40:34,014 - V2Scraper - INFO - Total extracted: 28 places
2026-07-21 13:40:34,014 - V2Scraper - INFO -   No new points or corrections needed
2026-07-21 13:40:34,014 - V2Scraper - INFO -   No updates needed
2026-07-21 13:40:35,016 - V2Scraper - INFO - 
[167/292] Zom 100 (ZqtTUmgvqV5KPwgxSndw)
2026-07-21 13:40:35,016 - V2Scraper - INFO -   Already exists (ID 6357), checking for updates...
2026-07-21 13:40:35,016 - V2Scraper - INFO -   Existing points: 20
2026-07-21 13:40:35,898 - V2Scraper - INFO -   RSC: 39 places (20 total unique)
2026-07-21 13:40:36,038 - V2Scraper - INFO - Total extracted: 20 places
2026-07-21 13:40:36,038 - V2Scraper - INFO -   No new points or corrections needed
2026-07-21 13:40:36,038 - V2Scraper - INFO -   No updates needed
2026-07-21 13:40:37,040 - V2Scraper - INFO - 
[168/292] Josee The Tiger And The Fish (aDbXS20p1mWrKQDEVsGp)
2026-07-21 13:40:37,040 - V2Scraper - INFO -   Already exists (ID 6358), checking for updates...
2026-07-21 13:40:37,041 - V2Scraper - INFO -   Existing points: 50
2026-07-21 13:40:37,957 - V2Scraper - INFO -   RSC: 75 places (50 total unique)
2026-07-21 13:40:38,110 - V2Scraper - INFO - Total extracted: 50 places
2026-07-21 13:40:38,110 - V2Scraper - INFO -   No new points or corrections needed
2026-07-21 13:40:38,110 - V2Scraper - INFO -   No updates needed
2026-07-21 13:40:39,112 - V2Scraper - INFO - 
[169/292] Yuki Yuna Is A Hero (aP1aVTrFoL1IrIBr5mPu)
2026-07-21 13:40:39,112 - V2Scraper - INFO -   Already exists (ID 6359), checking for updates...
2026-07-21 13:40:39,112 - V2Scraper - INFO -   Existing points: 30
2026-07-21 13:40:40,149 - V2Scraper - INFO -   RSC: 55 places (30 total unique)
2026-07-21 13:40:40,284 - V2Scraper - INFO - Total extracted: 30 places
2026-07-21 13:40:40,284 - V2Scraper - INFO -   No new points or corrections needed
2026-07-21 13:40:40,284 - V2Scraper - INFO -   No updates needed
2026-07-21 13:40:41,285 - V2Scraper - INFO - 
[170/292] Fruits Basket 1 (an4vmYqXjc70Pt2uzo7B)
2026-07-21 13:40:41,286 - V2Scraper - INFO -   Already exists (ID 6360), checking for updates...
2026-07-21 13:40:41,286 - V2Scraper - INFO -   Existing points: 35
2026-07-21 13:40:42,276 - V2Scraper - INFO -   RSC: 60 places (35 total unique)
2026-07-21 13:40:42,413 - V2Scraper - INFO - Total extracted: 35 places
2026-07-21 13:40:42,413 - V2Scraper - INFO -   No new points or corrections needed
2026-07-21 13:40:42,413 - V2Scraper - INFO -   No updates needed
2026-07-21 13:40:43,415 - V2Scraper - INFO - 
[171/292] Tougen Anki (asOr7rG7F3lvkRfna2Ll)
2026-07-21 13:40:43,415 - V2Scraper - INFO -   Already exists (ID 6361), checking for updates...
2026-07-21 13:40:43,415 - V2Scraper - INFO -   Existing points: 18
2026-07-21 13:40:44,341 - V2Scraper - INFO -   RSC: 36 places (18 total unique)
2026-07-21 13:40:44,503 - V2Scraper - INFO - Total extracted: 18 places
2026-07-21 13:40:44,503 - V2Scraper - INFO -   No new points or corrections needed
2026-07-21 13:40:44,504 - V2Scraper - INFO -   No updates needed
2026-07-21 13:40:45,505 - V2Scraper - INFO - 
[172/292] Sound Euphonium 2 (az2BetKCI9giur5x30E0)
2026-07-21 13:40:45,505 - V2Scraper - INFO -   Already exists (ID 6362), checking for updates...
2026-07-21 13:40:45,506 - V2Scraper - INFO -   Existing points: 33
2026-07-21 13:40:46,370 - V2Scraper - INFO -   RSC: 57 places (33 total unique)
2026-07-21 13:40:46,510 - V2Scraper - INFO - Total extracted: 33 places
2026-07-21 13:40:46,511 - V2Scraper - INFO -   No new points or corrections needed
2026-07-21 13:40:46,511 - V2Scraper - INFO -   No updates needed
2026-07-21 13:40:47,512 - V2Scraper - INFO - 
[173/292] Those Snow White Notes (bF9RdGQEUVWNJs47GnWL)
2026-07-21 13:40:47,512 - V2Scraper - INFO -   Already exists (ID 6363), checking for updates...
2026-07-21 13:40:47,513 - V2Scraper - INFO -   Existing points: 5
2026-07-21 13:40:48,447 - V2Scraper - INFO -   RSC: 10 places (5 total unique)
2026-07-21 13:40:48,588 - V2Scraper - INFO - Total extracted: 5 places
2026-07-21 13:40:48,588 - V2Scraper - INFO -   No new points or corrections needed
2026-07-21 13:40:48,588 - V2Scraper - INFO -   No updates needed
2026-07-21 13:40:49,589 - V2Scraper - INFO - 
[174/292] Uzaki Chan Wants To Hang Out (bFRLibDIg7vZl0RKsplj)
2026-07-21 13:40:49,589 - V2Scraper - INFO -   Already exists (ID 6364), checking for updates...
2026-07-21 13:40:49,589 - V2Scraper - INFO -   Existing points: 8
2026-07-21 13:40:50,540 - V2Scraper - INFO -   RSC: 16 places (8 total unique)
2026-07-21 13:40:50,688 - V2Scraper - INFO - Total extracted: 8 places
2026-07-21 13:40:50,689 - V2Scraper - INFO -   No new points or corrections needed
2026-07-21 13:40:50,689 - V2Scraper - INFO -   No updates needed
2026-07-21 13:40:51,690 - V2Scraper - INFO - 
[175/292] Love Chunibyo Other Delusions 2 (bYiMGbhWsrGctQyqWXdr)
2026-07-21 13:40:51,690 - V2Scraper - INFO -   Already exists (ID 6365), checking for updates...
2026-07-21 13:40:51,691 - V2Scraper - INFO -   Existing points: 66
2026-07-21 13:40:52,639 - V2Scraper - INFO -   RSC: 89 places (65 total unique)
2026-07-21 13:40:52,827 - V2Scraper - INFO - Total extracted: 65 places
2026-07-21 13:40:52,828 - V2Scraper - INFO -   No new points or corrections needed
2026-07-21 13:40:52,828 - V2Scraper - INFO -   No updates needed
2026-07-21 13:40:53,829 - V2Scraper - INFO - 
[176/292] Initial D Legend 3 (bfmIPuWLk9usCZzBUOgC)
2026-07-21 13:40:53,829 - V2Scraper - INFO -   Already exists (ID 6366), checking for updates...
2026-07-21 13:40:53,830 - V2Scraper - INFO -   Existing points: 32
2026-07-21 13:40:54,789 - V2Scraper - INFO -   RSC: 57 places (32 total unique)
2026-07-21 13:40:54,928 - V2Scraper - INFO - Total extracted: 32 places
2026-07-21 13:40:54,929 - V2Scraper - INFO -   No new points or corrections needed
2026-07-21 13:40:54,929 - V2Scraper - INFO -   No updates needed
2026-07-21 13:40:55,930 - V2Scraper - INFO - 
[177/292] Love Live 2 (bqcf5pBXd5nYTZrUrMN8)
2026-07-21 13:40:55,930 - V2Scraper - INFO -   Already exists (ID 6367), checking for updates...
2026-07-21 13:40:55,931 - V2Scraper - INFO -   Existing points: 32
2026-07-21 13:40:56,870 - V2Scraper - INFO -   RSC: 57 places (32 total unique)
2026-07-21 13:40:57,005 - V2Scraper - INFO - Total extracted: 32 places
2026-07-21 13:40:57,006 - V2Scraper - INFO -   No new points or corrections needed
2026-07-21 13:40:57,006 - V2Scraper - INFO -   No updates needed
2026-07-21 13:40:58,007 - V2Scraper - INFO - 
[178/292] Oomuro Ke Dear Sisters (cOpLn7qXUh2P78M0fIhs)
2026-07-21 13:40:58,007 - V2Scraper - INFO -   Already exists (ID 6368), checking for updates...
2026-07-21 13:40:58,008 - V2Scraper - INFO -   Existing points: 30
2026-07-21 13:40:58,879 - V2Scraper - INFO -   RSC: 54 places (30 total unique)
2026-07-21 13:40:59,016 - V2Scraper - INFO - Total extracted: 30 places
2026-07-21 13:40:59,017 - V2Scraper - INFO -   No new points or corrections needed
2026-07-21 13:40:59,017 - V2Scraper - INFO -   No updates needed
2026-07-21 13:41:00,018 - V2Scraper - INFO - 
[179/292] Rascal Does Not Dream Of A Sister Venturing Out (dJ4Fiyk6ExLMmNqCnuIL)
2026-07-21 13:41:00,018 - V2Scraper - INFO -   Already exists (ID 6369), checking for updates...
2026-07-21 13:41:00,019 - V2Scraper - INFO -   Existing points: 18
2026-07-21 13:41:00,916 - V2Scraper - INFO -   RSC: 36 places (18 total unique)
2026-07-21 13:41:01,061 - V2Scraper - INFO - Total extracted: 18 places
2026-07-21 13:41:01,062 - V2Scraper - INFO -   No new points or corrections needed
2026-07-21 13:41:01,062 - V2Scraper - INFO -   No updates needed
2026-07-21 13:41:02,063 - V2Scraper - INFO - 
[180/292] Elfen Lied (dVXVd9lm3POCaTrhbN8e)
2026-07-21 13:41:02,063 - V2Scraper - INFO -   Already exists (ID 6370), checking for updates...
2026-07-21 13:41:02,064 - V2Scraper - INFO -   Existing points: 24
2026-07-21 13:41:02,974 - V2Scraper - INFO -   RSC: 47 places (24 total unique)
2026-07-21 13:41:03,114 - V2Scraper - INFO - Total extracted: 24 places
2026-07-21 13:41:03,114 - V2Scraper - INFO -   No new points or corrections needed
2026-07-21 13:41:03,114 - V2Scraper - INFO -   No updates needed
2026-07-21 13:41:04,116 - V2Scraper - INFO - 
[181/292] Her Blue Sky (dfteHvtxljaQQWkj7Kdy)
2026-07-21 13:41:04,116 - V2Scraper - INFO -   Already exists (ID 6371), checking for updates...
2026-07-21 13:41:04,116 - V2Scraper - INFO -   Existing points: 18
2026-07-21 13:41:05,017 - V2Scraper - INFO -   RSC: 36 places (18 total unique)
2026-07-21 13:41:05,154 - V2Scraper - INFO - Total extracted: 18 places
2026-07-21 13:41:05,155 - V2Scraper - INFO -   No new points or corrections needed
2026-07-21 13:41:05,155 - V2Scraper - INFO -   No updates needed
2026-07-21 13:41:06,156 - V2Scraper - INFO - 
[182/292] Your Name (dmrJFiEnWhEOYhhISwFi)
2026-07-21 13:41:06,156 - V2Scraper - INFO -   Already exists (ID 6372), checking for updates...
2026-07-21 13:41:06,157 - V2Scraper - INFO -   Existing points: 44
2026-07-21 13:41:07,146 - V2Scraper - INFO -   RSC: 66 places (42 total unique)
2026-07-21 13:41:07,289 - V2Scraper - INFO -   Posts API: 1 user-uploaded places
2026-07-21 13:41:07,290 - V2Scraper - INFO -   API: 1 user-uploaded places (43 total unique)
2026-07-21 13:41:07,290 - V2Scraper - INFO - Total extracted: 43 places
2026-07-21 13:41:07,290 - V2Scraper - INFO -   No new points or corrections needed
2026-07-21 13:41:07,290 - V2Scraper - INFO -   No updates needed
2026-07-21 13:41:08,291 - V2Scraper - INFO - 
[183/292] Yaiba (e2eUeiRSW5QyEbEOq8k6)
2026-07-21 13:41:08,292 - V2Scraper - INFO -   Already exists (ID 6373), checking for updates...
2026-07-21 13:41:08,292 - V2Scraper - INFO -   Existing points: 51
2026-07-21 13:41:09,231 - V2Scraper - INFO -   RSC: 76 places (51 total unique)
2026-07-21 13:41:09,376 - V2Scraper - INFO - Total extracted: 51 places
2026-07-21 13:41:09,377 - V2Scraper - INFO -   No new points or corrections needed
2026-07-21 13:41:09,377 - V2Scraper - INFO -   No updates needed
2026-07-21 13:41:10,378 - V2Scraper - INFO - 
[184/292] Needy Girl Overdose (e6Jvn7LM2stwCIRdcYoo)
2026-07-21 13:41:10,378 - V2Scraper - INFO -   Already exists (ID 6374), checking for updates...
2026-07-21 13:41:10,379 - V2Scraper - INFO -   Existing points: 6
2026-07-21 13:41:11,461 - V2Scraper - INFO -   RSC: 12 places (6 total unique)
2026-07-21 13:41:11,602 - V2Scraper - INFO - Total extracted: 6 places
2026-07-21 13:41:11,602 - V2Scraper - INFO -   No new points or corrections needed
2026-07-21 13:41:11,602 - V2Scraper - INFO -   No updates needed
2026-07-21 13:41:12,603 - V2Scraper - INFO - 
[185/292] A Whisker Away (eATSGEuD8XRUlDLY55lV)
2026-07-21 13:41:12,604 - V2Scraper - INFO -   Already exists (ID 6375), checking for updates...
2026-07-21 13:41:12,604 - V2Scraper - INFO -   Existing points: 33
2026-07-21 13:41:13,535 - V2Scraper - INFO -   RSC: 58 places (33 total unique)
2026-07-21 13:41:13,669 - V2Scraper - INFO - Total extracted: 33 places
2026-07-21 13:41:13,669 - V2Scraper - INFO -   No new points or corrections needed
2026-07-21 13:41:13,669 - V2Scraper - INFO -   No updates needed
2026-07-21 13:41:14,671 - V2Scraper - INFO - 
[186/292] Bottom Tier Character Tomozaki (eHyev9i9uF8t1YZFk8B7)
2026-07-21 13:41:14,671 - V2Scraper - INFO -   Already exists (ID 6376), checking for updates...
2026-07-21 13:41:14,672 - V2Scraper - INFO -   Existing points: 58
2026-07-21 13:41:15,787 - V2Scraper - INFO -   RSC: 81 places (56 total unique)
2026-07-21 13:41:15,925 - V2Scraper - INFO - Total extracted: 56 places
2026-07-21 13:41:15,926 - V2Scraper - INFO -   No new points or corrections needed
2026-07-21 13:41:15,926 - V2Scraper - INFO -   No updates needed
2026-07-21 13:41:16,927 - V2Scraper - INFO - 
[187/292] Persona 3 (eOFDk1EdVZaxVlVPQHWZ)
2026-07-21 13:41:16,927 - V2Scraper - INFO -   Already exists (ID 6377), checking for updates...
2026-07-21 13:41:16,928 - V2Scraper - INFO -   Existing points: 9
2026-07-21 13:41:17,943 - V2Scraper - INFO -   RSC: 17 places (9 total unique)
2026-07-21 13:41:18,082 - V2Scraper - INFO - Total extracted: 9 places
2026-07-21 13:41:18,083 - V2Scraper - INFO -   No new points or corrections needed
2026-07-21 13:41:18,083 - V2Scraper - INFO -   No updates needed
2026-07-21 13:41:19,084 - V2Scraper - INFO - 
[188/292] Witch Watch (eTYFt3lapy3A9mc0TLED)
2026-07-21 13:41:19,084 - V2Scraper - INFO -   Already exists (ID 6378), checking for updates...
2026-07-21 13:41:19,085 - V2Scraper - INFO -   Existing points: 24
2026-07-21 13:41:20,224 - V2Scraper - INFO -   RSC: 48 places (24 total unique)
2026-07-21 13:41:20,359 - V2Scraper - INFO - Total extracted: 24 places
2026-07-21 13:41:20,359 - V2Scraper - INFO -   No new points or corrections needed
2026-07-21 13:41:20,359 - V2Scraper - INFO -   No updates needed
2026-07-21 13:41:21,361 - V2Scraper - INFO - 
[189/292] Wolf Children (eYYabtope1MjwWUbzTSm)
2026-07-21 13:41:21,361 - V2Scraper - INFO -   Already exists (ID 6379), checking for updates...
2026-07-21 13:41:21,361 - V2Scraper - INFO -   Existing points: 19
2026-07-21 13:41:22,320 - V2Scraper - INFO -   RSC: 38 places (19 total unique)
2026-07-21 13:41:22,465 - V2Scraper - INFO - Total extracted: 19 places
2026-07-21 13:41:22,465 - V2Scraper - INFO -   No new points or corrections needed
2026-07-21 13:41:22,465 - V2Scraper - INFO -   No updates needed
2026-07-21 13:41:23,467 - V2Scraper - INFO - 
[190/292] Ocean Waves (elMjTgqvqmXjY2mYsP97)
2026-07-21 13:41:23,467 - V2Scraper - INFO -   Already exists (ID 6380), checking for updates...
2026-07-21 13:41:23,467 - V2Scraper - INFO -   Existing points: 19
2026-07-21 13:41:24,733 - V2Scraper - INFO -   RSC: 38 places (19 total unique)
2026-07-21 13:41:24,873 - V2Scraper - INFO - Total extracted: 19 places
2026-07-21 13:41:24,873 - V2Scraper - INFO -   No new points or corrections needed
2026-07-21 13:41:24,874 - V2Scraper - INFO -   No updates needed
2026-07-21 13:41:25,875 - V2Scraper - INFO - 
[191/292] Tokyo Revengers 2 (f8AAZWCp5tY6ZpCmYqht)
2026-07-21 13:41:25,875 - V2Scraper - INFO -   Already exists (ID 6381), checking for updates...
2026-07-21 13:41:25,876 - V2Scraper - INFO -   Existing points: 28
2026-07-21 13:41:27,067 - V2Scraper - INFO -   RSC: 52 places (28 total unique)
2026-07-21 13:41:27,206 - V2Scraper - INFO - Total extracted: 28 places
2026-07-21 13:41:27,207 - V2Scraper - INFO -   No new points or corrections needed
2026-07-21 13:41:27,207 - V2Scraper - INFO -   No updates needed
2026-07-21 13:41:28,208 - V2Scraper - INFO - 
[192/292] Oblivion Battery (fLKThLDZdxneAY7q3XXq)
2026-07-21 13:41:28,208 - V2Scraper - INFO -   Already exists (ID 6382), checking for updates...
2026-07-21 13:41:28,209 - V2Scraper - INFO -   Existing points: 22
2026-07-21 13:41:29,392 - V2Scraper - INFO -   RSC: 44 places (22 total unique)
2026-07-21 13:41:29,538 - V2Scraper - INFO - Total extracted: 22 places
2026-07-21 13:41:29,539 - V2Scraper - INFO -   No new points or corrections needed
2026-07-21 13:41:29,539 - V2Scraper - INFO -   No updates needed
2026-07-21 13:41:30,540 - V2Scraper - INFO - 
[193/292] Saga Of Tanya The Evil (fNMHHPGHtnQ928juROn7)
2026-07-21 13:41:30,540 - V2Scraper - INFO -   Already exists (ID 6920), checking for updates...
2026-07-21 13:41:30,541 - V2Scraper - INFO -   Existing points: 3
2026-07-21 13:41:31,438 - V2Scraper - INFO -   RSC: 6 places (3 total unique)
2026-07-21 13:41:31,577 - V2Scraper - INFO -   Posts API: 3 user-uploaded places
2026-07-21 13:41:31,577 - V2Scraper - INFO -   API: 3 user-uploaded places (3 total unique)
2026-07-21 13:41:31,577 - V2Scraper - INFO - Total extracted: 3 places
2026-07-21 13:41:31,578 - V2Scraper - INFO -   No new points or corrections needed
2026-07-21 13:41:31,578 - V2Scraper - INFO -   No updates needed
2026-07-21 13:41:32,579 - V2Scraper - INFO - 
[194/292] Bocchi The Rock (g2gEzS0je4xmz8DFES7D)
2026-07-21 13:41:32,579 - V2Scraper - INFO -   Already exists (ID 6383), checking for updates...
2026-07-21 13:41:32,580 - V2Scraper - INFO -   Existing points: 50
2026-07-21 13:41:33,525 - V2Scraper - INFO -   RSC: 73 places (50 total unique)
2026-07-21 13:41:33,661 - V2Scraper - INFO - Total extracted: 50 places
2026-07-21 13:41:33,661 - V2Scraper - INFO -   No new points or corrections needed
2026-07-21 13:41:33,662 - V2Scraper - INFO -   No updates needed
2026-07-21 13:41:34,663 - V2Scraper - INFO - 
[195/292] Summer Time Rendering (g9pK7gNqpx18yyjFSqoO)
2026-07-21 13:41:34,663 - V2Scraper - INFO -   Already exists (ID 6384), checking for updates...
2026-07-21 13:41:34,664 - V2Scraper - INFO -   Existing points: 9
2026-07-21 13:41:35,783 - V2Scraper - INFO -   RSC: 16 places (8 total unique)
2026-07-21 13:41:35,928 - V2Scraper - INFO - Total extracted: 8 places
2026-07-21 13:41:35,928 - V2Scraper - INFO -   No new points or corrections needed
2026-07-21 13:41:35,929 - V2Scraper - INFO -   No updates needed
2026-07-21 13:41:36,930 - V2Scraper - INFO - 
[196/292] Yuruyuri 3 (gHpRNAYSCHIMongJ2V81)
2026-07-21 13:41:36,930 - V2Scraper - INFO -   Already exists (ID 6385), checking for updates...
2026-07-21 13:41:36,931 - V2Scraper - INFO -   Existing points: 65
2026-07-21 13:41:38,650 - V2Scraper - INFO -   RSC: 88 places (63 total unique)
2026-07-21 13:41:38,793 - V2Scraper - INFO - Total extracted: 63 places
2026-07-21 13:41:38,794 - V2Scraper - INFO -   No new points or corrections needed
2026-07-21 13:41:38,794 - V2Scraper - INFO -   No updates needed
2026-07-21 13:41:39,795 - V2Scraper - INFO - 
[197/292] Bang Dream 3 (gVF2NS4J6Yu9j3raEFQ8)
2026-07-21 13:41:39,795 - V2Scraper - INFO -   Already exists (ID 6386), checking for updates...
2026-07-21 13:41:39,796 - V2Scraper - INFO -   Existing points: 22
2026-07-21 13:41:40,802 - V2Scraper - INFO -   RSC: 44 places (22 total unique)
2026-07-21 13:41:40,944 - V2Scraper - INFO - Total extracted: 22 places
2026-07-21 13:41:40,944 - V2Scraper - INFO -   No new points or corrections needed
2026-07-21 13:41:40,944 - V2Scraper - INFO -   No updates needed
2026-07-21 13:41:41,946 - V2Scraper - INFO - 
[198/292] Spirited Away (gfatdW6fL22KIsoTUgDj)
2026-07-21 13:41:41,946 - V2Scraper - INFO -   Already exists (ID 6387), checking for updates...
2026-07-21 13:41:41,946 - V2Scraper - INFO -   Existing points: 6
2026-07-21 13:41:42,847 - V2Scraper - INFO -   RSC: 12 places (6 total unique)
2026-07-21 13:41:42,988 - V2Scraper - INFO - Total extracted: 6 places
2026-07-21 13:41:42,989 - V2Scraper - INFO -   No new points or corrections needed
2026-07-21 13:41:42,989 - V2Scraper - INFO -   No updates needed
2026-07-21 13:41:43,990 - V2Scraper - INFO - 
[199/292] The Colors Within (gnhSJEY51xYcpeeuQw0W)
2026-07-21 13:41:43,990 - V2Scraper - INFO -   Already exists (ID 6388), checking for updates...
2026-07-21 13:41:43,991 - V2Scraper - INFO -   Existing points: 19
2026-07-21 13:41:44,974 - V2Scraper - INFO -   RSC: 38 places (19 total unique)
2026-07-21 13:41:45,108 - V2Scraper - INFO - Total extracted: 19 places
2026-07-21 13:41:45,108 - V2Scraper - INFO -   No new points or corrections needed
2026-07-21 13:41:45,108 - V2Scraper - INFO -   No updates needed
2026-07-21 13:41:46,109 - V2Scraper - INFO - 
[200/292] Oshi No Ko 3 (hXT39kYUcusxwt3QStKh)
2026-07-21 13:41:46,109 - V2Scraper - INFO -   Already exists (ID 6389), checking for updates...
2026-07-21 13:41:46,111 - V2Scraper - INFO -   Existing points: 36
2026-07-21 13:41:47,013 - V2Scraper - INFO -   RSC: 60 places (36 total unique)
2026-07-21 13:41:47,154 - V2Scraper - INFO - Total extracted: 36 places
2026-07-21 13:41:47,154 - V2Scraper - INFO -   No new points or corrections needed
2026-07-21 13:41:47,154 - V2Scraper - INFO -   No updates needed
2026-07-21 13:41:48,156 - V2Scraper - INFO - 
[201/292] Miss Kobayashis Dragon Maid S (hauIqGQ1sDCVeCPDckoq)
2026-07-21 13:41:48,156 - V2Scraper - INFO -   Already exists (ID 6390), checking for updates...
2026-07-21 13:41:48,157 - V2Scraper - INFO -   Existing points: 42
2026-07-21 13:41:49,310 - V2Scraper - INFO -   RSC: 67 places (42 total unique)
2026-07-21 13:41:49,457 - V2Scraper - INFO - Total extracted: 42 places
2026-07-21 13:41:49,458 - V2Scraper - INFO -   No new points or corrections needed
2026-07-21 13:41:49,458 - V2Scraper - INFO -   No updates needed
2026-07-21 13:41:50,459 - V2Scraper - INFO - 
[202/292] Miss Kobayashis Dragon Maid (hmNbdtY6sluh6dGbGpm3)
2026-07-21 13:41:50,459 - V2Scraper - INFO -   Already exists (ID 6391), checking for updates...
2026-07-21 13:41:50,460 - V2Scraper - INFO -   Existing points: 38
2026-07-21 13:41:51,378 - V2Scraper - INFO -   RSC: 61 places (38 total unique)
2026-07-21 13:41:51,525 - V2Scraper - INFO - Total extracted: 38 places
2026-07-21 13:41:51,526 - V2Scraper - INFO -   No new points or corrections needed
2026-07-21 13:41:51,526 - V2Scraper - INFO -   No updates needed
2026-07-21 13:41:52,527 - V2Scraper - INFO - 
[203/292] The Boy And The Beast (hqPCsA4gKBp9C7fvz7hY)
2026-07-21 13:41:52,527 - V2Scraper - INFO -   Already exists (ID 6392), checking for updates...
2026-07-21 13:41:52,528 - V2Scraper - INFO -   Existing points: 27
2026-07-21 13:41:53,610 - V2Scraper - INFO -   RSC: 51 places (27 total unique)
2026-07-21 13:41:53,754 - V2Scraper - INFO - Total extracted: 27 places
2026-07-21 13:41:53,754 - V2Scraper - INFO -   No new points or corrections needed
2026-07-21 13:41:53,754 - V2Scraper - INFO -   No updates needed
2026-07-21 13:41:54,755 - V2Scraper - INFO - 
[204/292] Uma Musume Pretty Derby 2 (hsFZfXhfP8gdRz84gTye)
2026-07-21 13:41:54,756 - V2Scraper - INFO -   Already exists (ID 6393), checking for updates...
2026-07-21 13:41:54,758 - V2Scraper - INFO -   Existing points: 21
2026-07-21 13:41:55,697 - V2Scraper - INFO -   RSC: 42 places (21 total unique)
2026-07-21 13:41:55,829 - V2Scraper - INFO - Total extracted: 21 places
2026-07-21 13:41:55,830 - V2Scraper - INFO -   No new points or corrections needed
2026-07-21 13:41:55,830 - V2Scraper - INFO -   No updates needed
2026-07-21 13:41:56,831 - V2Scraper - INFO - 
[205/292] The Future Diary (hwW14Gkf0CN9vhzRPbYc)
2026-07-21 13:41:56,831 - V2Scraper - INFO -   Already exists (ID 6394), checking for updates...
2026-07-21 13:41:56,832 - V2Scraper - INFO -   Existing points: 29
2026-07-21 13:41:57,901 - V2Scraper - INFO -   RSC: 54 places (29 total unique)
2026-07-21 13:41:58,052 - V2Scraper - INFO - Total extracted: 29 places
2026-07-21 13:41:58,052 - V2Scraper - INFO -   No new points or corrections needed
2026-07-21 13:41:58,052 - V2Scraper - INFO -   No updates needed
2026-07-21 13:41:59,053 - V2Scraper - INFO - 
[206/292] Yuruyuri 2 (iLiYixvGMH8yz6t05Pq4)
2026-07-21 13:41:59,054 - V2Scraper - INFO -   Already exists (ID 6395), checking for updates...
2026-07-21 13:41:59,054 - V2Scraper - INFO -   Existing points: 18
2026-07-21 13:41:59,975 - V2Scraper - INFO -   RSC: 35 places (18 total unique)
2026-07-21 13:42:00,124 - V2Scraper - INFO - Total extracted: 18 places
2026-07-21 13:42:00,124 - V2Scraper - INFO -   No new points or corrections needed
2026-07-21 13:42:00,124 - V2Scraper - INFO -   No updates needed
2026-07-21 13:42:01,125 - V2Scraper - INFO - 
[207/292] Dagashi Kashi (iQWqPKVd1tNdZsl8aRyC)
2026-07-21 13:42:01,125 - V2Scraper - INFO -   Already exists (ID 6396), checking for updates...
2026-07-21 13:42:01,126 - V2Scraper - INFO -   Existing points: 17
2026-07-21 13:42:02,096 - V2Scraper - INFO -   RSC: 34 places (17 total unique)
2026-07-21 13:42:02,239 - V2Scraper - INFO - Total extracted: 17 places
2026-07-21 13:42:02,240 - V2Scraper - INFO -   No new points or corrections needed
2026-07-21 13:42:02,240 - V2Scraper - INFO -   No updates needed
2026-07-21 13:42:03,241 - V2Scraper - INFO - 
[208/292] Digimon Adventure Tri 1 (idAF9GEfrCSbo8Sbhe0Q)
2026-07-21 13:42:03,241 - V2Scraper - INFO -   Already exists (ID 6397), checking for updates...
2026-07-21 13:42:03,242 - V2Scraper - INFO -   Existing points: 23
2026-07-21 13:42:04,260 - V2Scraper - INFO -   RSC: 45 places (23 total unique)
2026-07-21 13:42:04,405 - V2Scraper - INFO - Total extracted: 23 places
2026-07-21 13:42:04,406 - V2Scraper - INFO -   No new points or corrections needed
2026-07-21 13:42:04,406 - V2Scraper - INFO -   No updates needed
2026-07-21 13:42:05,407 - V2Scraper - INFO - 
[209/292] Kaguya Sama Ultra Romantic (idEzZDys0LEn47JFbEbU)
2026-07-21 13:42:05,407 - V2Scraper - INFO -   Already exists (ID 6398), checking for updates...
2026-07-21 13:42:05,408 - V2Scraper - INFO -   Existing points: 7
2026-07-21 13:42:06,375 - V2Scraper - INFO -   RSC: 13 places (7 total unique)
2026-07-21 13:42:06,518 - V2Scraper - INFO - Total extracted: 7 places
2026-07-21 13:42:06,518 - V2Scraper - INFO -   No new points or corrections needed
2026-07-21 13:42:06,518 - V2Scraper - INFO -   No updates needed
2026-07-21 13:42:07,519 - V2Scraper - INFO - 
[210/292] Grand Blue Dreaming (ioOXlHX29aVhPwnrSHCM)
2026-07-21 13:42:07,520 - V2Scraper - INFO -   Already exists (ID 6399), checking for updates...
2026-07-21 13:42:07,520 - V2Scraper - INFO -   Existing points: 12
2026-07-21 13:42:08,631 - V2Scraper - INFO -   RSC: 23 places (12 total unique)
2026-07-21 13:42:08,772 - V2Scraper - INFO - Total extracted: 12 places
2026-07-21 13:42:08,772 - V2Scraper - INFO -   No new points or corrections needed
2026-07-21 13:42:08,772 - V2Scraper - INFO -   No updates needed
2026-07-21 13:42:09,773 - V2Scraper - INFO - 
[211/292] Mono (ioWpeqYHXVrxmoYR2Q4S)
2026-07-21 13:42:09,774 - V2Scraper - INFO -   Already exists (ID 6400), checking for updates...
2026-07-21 13:42:09,775 - V2Scraper - INFO -   Existing points: 181
2026-07-21 13:42:10,817 - V2Scraper - INFO -   RSC: 200 places (175 total unique)
2026-07-21 13:42:10,957 - V2Scraper - INFO - Total extracted: 175 places
2026-07-21 13:42:10,958 - V2Scraper - INFO -   No new points or corrections needed
2026-07-21 13:42:10,958 - V2Scraper - INFO -   No updates needed
2026-07-21 13:42:11,960 - V2Scraper - INFO - 
[212/292] The Dangers In My Heart (ixBmE5zoDtYosQdmGw6J)
2026-07-21 13:42:11,960 - V2Scraper - INFO -   Already exists (ID 6401), checking for updates...
2026-07-21 13:42:11,961 - V2Scraper - INFO -   Existing points: 25
2026-07-21 13:42:12,959 - V2Scraper - INFO -   RSC: 49 places (25 total unique)
2026-07-21 13:42:13,102 - V2Scraper - INFO - Total extracted: 25 places
2026-07-21 13:42:13,102 - V2Scraper - INFO -   No new points or corrections needed
2026-07-21 13:42:13,102 - V2Scraper - INFO -   No updates needed
2026-07-21 13:42:14,104 - V2Scraper - INFO - 
[213/292] The Girl I Like Forgot Her Glasses (jGaml1L9OKXYk9VQrvPz)
2026-07-21 13:42:14,104 - V2Scraper - INFO -   Already exists (ID 6402), checking for updates...
2026-07-21 13:42:14,106 - V2Scraper - INFO -   Existing points: 35
2026-07-21 13:42:15,022 - V2Scraper - INFO -   RSC: 59 places (35 total unique)
2026-07-21 13:42:15,165 - V2Scraper - INFO - Total extracted: 35 places
2026-07-21 13:42:15,165 - V2Scraper - INFO -   No new points or corrections needed
2026-07-21 13:42:15,166 - V2Scraper - INFO -   No updates needed
2026-07-21 13:42:16,167 - V2Scraper - INFO - 
[214/292] Tatsuki Fujimoto 17 26 (jI8hvq8XTfmHUScW0hkW)
2026-07-21 13:42:16,167 - V2Scraper - INFO -   Already exists (ID 6403), checking for updates...
2026-07-21 13:42:16,167 - V2Scraper - INFO -   Existing points: 3
2026-07-21 13:42:17,443 - V2Scraper - INFO -   RSC: 6 places (3 total unique)
2026-07-21 13:42:17,586 - V2Scraper - INFO - Total extracted: 3 places
2026-07-21 13:42:17,586 - V2Scraper - INFO -   No new points or corrections needed
2026-07-21 13:42:17,587 - V2Scraper - INFO -   No updates needed
2026-07-21 13:42:18,588 - V2Scraper - INFO - 
[215/292] Initial D Legend 1 (jpNvOdNs79m85HRpQLAz)
2026-07-21 13:42:18,588 - V2Scraper - INFO -   Already exists (ID 6404), checking for updates...
2026-07-21 13:42:18,589 - V2Scraper - INFO -   Existing points: 24
2026-07-21 13:42:19,459 - V2Scraper - INFO -   RSC: 47 places (24 total unique)
2026-07-21 13:42:19,610 - V2Scraper - INFO - Total extracted: 24 places
2026-07-21 13:42:19,610 - V2Scraper - INFO -   No new points or corrections needed
2026-07-21 13:42:19,610 - V2Scraper - INFO -   No updates needed
2026-07-21 13:42:20,612 - V2Scraper - INFO - 
[216/292] 25 Dimensional Seduction (jzjmlOooBQ0qHhjdFaAv)
2026-07-21 13:42:20,612 - V2Scraper - INFO -   Already exists (ID 6405), checking for updates...
2026-07-21 13:42:20,612 - V2Scraper - INFO -   Existing points: 7
2026-07-21 13:42:21,591 - V2Scraper - INFO -   RSC: 14 places (7 total unique)
2026-07-21 13:42:21,737 - V2Scraper - INFO - Total extracted: 7 places
2026-07-21 13:42:21,737 - V2Scraper - INFO -   No new points or corrections needed
2026-07-21 13:42:21,737 - V2Scraper - INFO -   No updates needed
2026-07-21 13:42:22,739 - V2Scraper - INFO - 
[217/292] Yuruyuri (k91zDE7m93R6TF1I18ZJ)
2026-07-21 13:42:22,739 - V2Scraper - INFO -   Already exists (ID 6406), checking for updates...
2026-07-21 13:42:22,740 - V2Scraper - INFO -   Existing points: 26
2026-07-21 13:42:23,741 - V2Scraper - INFO -   RSC: 50 places (26 total unique)
2026-07-21 13:42:23,888 - V2Scraper - INFO - Total extracted: 26 places
2026-07-21 13:42:23,889 - V2Scraper - INFO -   No new points or corrections needed
2026-07-21 13:42:23,889 - V2Scraper - INFO -   No updates needed
2026-07-21 13:42:24,890 - V2Scraper - INFO - 
[218/292] Cosmic Princess Kaguya (kCYfe1hDUEETnFuCzdPR)
2026-07-21 13:42:24,890 - V2Scraper - INFO -   Already exists (ID 6407), checking for updates...
2026-07-21 13:42:24,891 - V2Scraper - INFO -   Existing points: 27
2026-07-21 13:42:25,777 - V2Scraper - INFO -   RSC: 52 places (27 total unique)
2026-07-21 13:42:25,921 - V2Scraper - INFO - Total extracted: 27 places
2026-07-21 13:42:25,921 - V2Scraper - INFO -   No new points or corrections needed
2026-07-21 13:42:25,921 - V2Scraper - INFO -   No updates needed
2026-07-21 13:42:26,923 - V2Scraper - INFO - 
[219/292] 5 Centimeters Per Second (lC2rLRj6H1qdA3lAth1U)
2026-07-21 13:42:26,923 - V2Scraper - INFO -   Already exists (ID 6408), checking for updates...
2026-07-21 13:42:26,924 - V2Scraper - INFO -   Existing points: 39
2026-07-21 13:42:28,013 - V2Scraper - INFO -   RSC: 63 places (39 total unique)
2026-07-21 13:42:28,150 - V2Scraper - INFO - Total extracted: 39 places
2026-07-21 13:42:28,150 - V2Scraper - INFO -   No new points or corrections needed
2026-07-21 13:42:28,150 - V2Scraper - INFO -   No updates needed
2026-07-21 13:42:29,151 - V2Scraper - INFO - 
[220/292] Love Live (lCHlfVBBuWKfP9fIp0LK)
2026-07-21 13:42:29,152 - V2Scraper - INFO -   Already exists (ID 6409), checking for updates...
2026-07-21 13:42:29,152 - V2Scraper - INFO -   Existing points: 25
2026-07-21 13:42:30,078 - V2Scraper - INFO -   RSC: 49 places (25 total unique)
2026-07-21 13:42:30,217 - V2Scraper - INFO - Total extracted: 25 places
2026-07-21 13:42:30,218 - V2Scraper - INFO -   No new points or corrections needed
2026-07-21 13:42:30,218 - V2Scraper - INFO -   No updates needed
2026-07-21 13:42:31,219 - V2Scraper - INFO - 
[221/292] Food For The Soul (lLRNlBv5PhX1VA137llY)
2026-07-21 13:42:31,219 - V2Scraper - INFO -   Already exists (ID 6410), checking for updates...
2026-07-21 13:42:31,220 - V2Scraper - INFO -   Existing points: 84
2026-07-21 13:42:32,304 - V2Scraper - INFO -   RSC: 108 places (84 total unique)
2026-07-21 13:42:32,447 - V2Scraper - INFO - Total extracted: 84 places
2026-07-21 13:42:32,447 - V2Scraper - INFO -   No new points or corrections needed
2026-07-21 13:42:32,447 - V2Scraper - INFO -   No updates needed
2026-07-21 13:42:33,449 - V2Scraper - INFO - 
[222/292] Look Back (lQ3KSrgoTH8ecdJpYrjU)
2026-07-21 13:42:33,449 - V2Scraper - INFO -   Already exists (ID 6411), checking for updates...
2026-07-21 13:42:33,449 - V2Scraper - INFO -   Existing points: 10
2026-07-21 13:42:34,457 - V2Scraper - INFO -   RSC: 20 places (10 total unique)
2026-07-21 13:42:34,599 - V2Scraper - INFO - Total extracted: 10 places
2026-07-21 13:42:34,599 - V2Scraper - INFO -   No new points or corrections needed
2026-07-21 13:42:34,599 - V2Scraper - INFO -   No updates needed
2026-07-21 13:42:35,601 - V2Scraper - INFO - 
[223/292] The Cat Returns (m6CFZQrjKW65ycCZE0zC)
2026-07-21 13:42:35,601 - V2Scraper - INFO -   Already exists (ID 6412), checking for updates...
2026-07-21 13:42:35,601 - V2Scraper - INFO -   Existing points: 4
2026-07-21 13:42:36,516 - V2Scraper - INFO -   RSC: 8 places (4 total unique)
2026-07-21 13:42:36,659 - V2Scraper - INFO - Total extracted: 4 places
2026-07-21 13:42:36,660 - V2Scraper - INFO -   No new points or corrections needed
2026-07-21 13:42:36,660 - V2Scraper - INFO -   No updates needed
2026-07-21 13:42:37,661 - V2Scraper - INFO - 
[224/292] Hello World (m9AMAEy8Bg0amLLk0fCq)
2026-07-21 13:42:37,661 - V2Scraper - INFO -   Already exists (ID 6413), checking for updates...
2026-07-21 13:42:37,662 - V2Scraper - INFO -   Existing points: 9
2026-07-21 13:42:38,548 - V2Scraper - INFO -   RSC: 18 places (9 total unique)
2026-07-21 13:42:38,743 - V2Scraper - INFO - Total extracted: 9 places
2026-07-21 13:42:38,743 - V2Scraper - INFO -   No new points or corrections needed
2026-07-21 13:42:38,744 - V2Scraper - INFO -   No updates needed
2026-07-21 13:42:39,745 - V2Scraper - INFO - 
[225/292] Bang Dream 2 (mE5p3IdFgsmfqTwMvwbp)
2026-07-21 13:42:39,745 - V2Scraper - INFO -   Already exists (ID 6414), checking for updates...
2026-07-21 13:42:39,746 - V2Scraper - INFO -   Existing points: 31
2026-07-21 13:42:40,699 - V2Scraper - INFO -   RSC: 55 places (30 total unique)
2026-07-21 13:42:40,839 - V2Scraper - INFO - Total extracted: 30 places
2026-07-21 13:42:40,839 - V2Scraper - INFO -   No new points or corrections needed
2026-07-21 13:42:40,839 - V2Scraper - INFO -   No updates needed
2026-07-21 13:42:41,841 - V2Scraper - INFO - 
[226/292] Oshi No Ko 2 (mHMf87KlQmLu2SFtbgaw)
2026-07-21 13:42:41,841 - V2Scraper - INFO -   Already exists (ID 6415), checking for updates...
2026-07-21 13:42:41,842 - V2Scraper - INFO -   Existing points: 41
2026-07-21 13:42:42,820 - V2Scraper - INFO -   RSC: 65 places (41 total unique)
2026-07-21 13:42:42,960 - V2Scraper - INFO - Total extracted: 41 places
2026-07-21 13:42:42,960 - V2Scraper - INFO -   No new points or corrections needed
2026-07-21 13:42:42,960 - V2Scraper - INFO -   No updates needed
2026-07-21 13:42:43,962 - V2Scraper - INFO - 
[227/292] Occultic Nine (mtW7xBzlawzjCvgR7pCQ)
2026-07-21 13:42:43,962 - V2Scraper - INFO -   Already exists (ID 6416), checking for updates...
2026-07-21 13:42:43,963 - V2Scraper - INFO -   Existing points: 68
2026-07-21 13:42:44,905 - V2Scraper - INFO -   RSC: 91 places (67 total unique)
2026-07-21 13:42:45,046 - V2Scraper - INFO - Total extracted: 67 places
2026-07-21 13:42:45,047 - V2Scraper - INFO -   No new points or corrections needed
2026-07-21 13:42:45,047 - V2Scraper - INFO -   No updates needed
2026-07-21 13:42:46,048 - V2Scraper - INFO - 
[228/292] Komi Cant Communicate 2 (n3hNkoBAE9Wr2XL65zWD)
2026-07-21 13:42:46,048 - V2Scraper - INFO -   Already exists (ID 6417), checking for updates...
2026-07-21 13:42:46,049 - V2Scraper - INFO -   Existing points: 8
2026-07-21 13:42:47,004 - V2Scraper - INFO -   RSC: 16 places (8 total unique)
2026-07-21 13:42:47,145 - V2Scraper - INFO - Total extracted: 8 places
2026-07-21 13:42:47,145 - V2Scraper - INFO -   No new points or corrections needed
2026-07-21 13:42:47,146 - V2Scraper - INFO -   No updates needed
2026-07-21 13:42:48,147 - V2Scraper - INFO - 
[229/292] K On (nDcjBFyJt97tX0kT9a3i)
2026-07-21 13:42:48,147 - V2Scraper - INFO -   Already exists (ID 6418), checking for updates...
2026-07-21 13:42:48,148 - V2Scraper - INFO -   Existing points: 21
2026-07-21 13:42:49,098 - V2Scraper - INFO -   RSC: 42 places (21 total unique)
2026-07-21 13:42:49,237 - V2Scraper - INFO - Total extracted: 21 places
2026-07-21 13:42:49,237 - V2Scraper - INFO -   No new points or corrections needed
2026-07-21 13:42:49,237 - V2Scraper - INFO -   No updates needed
2026-07-21 13:42:50,239 - V2Scraper - INFO - 
[230/292] This Monster Wants To Eat Me (nIzGnqp4XULg32euiQJb)
2026-07-21 13:42:50,239 - V2Scraper - INFO -   Already exists (ID 6419), checking for updates...
2026-07-21 13:42:50,239 - V2Scraper - INFO -   Existing points: 20
2026-07-21 13:42:51,561 - V2Scraper - INFO -   RSC: 38 places (20 total unique)
2026-07-21 13:42:51,717 - V2Scraper - INFO - Total extracted: 20 places
2026-07-21 13:42:51,717 - V2Scraper - INFO -   No new points or corrections needed
2026-07-21 13:42:51,717 - V2Scraper - INFO -   No updates needed
2026-07-21 13:42:52,719 - V2Scraper - INFO - 
[231/292] Kill Blue (nKpdjhePk7YAVXq0yOQd)
2026-07-21 13:42:52,719 - V2Scraper - INFO -   Already exists (ID 6917), checking for updates...
2026-07-21 13:42:52,719 - V2Scraper - INFO -   Existing points: 4
2026-07-21 13:42:53,971 - V2Scraper - INFO -   RSC: 8 places (4 total unique)
2026-07-21 13:42:54,116 - V2Scraper - INFO -   Posts API: 4 user-uploaded places
2026-07-21 13:42:54,116 - V2Scraper - INFO -   API: 4 user-uploaded places (4 total unique)
2026-07-21 13:42:54,116 - V2Scraper - INFO - Total extracted: 4 places
2026-07-21 13:42:54,116 - V2Scraper - INFO -   No new points or corrections needed
2026-07-21 13:42:54,116 - V2Scraper - INFO -   No updates needed
2026-07-21 13:42:55,118 - V2Scraper - INFO - 
[232/292] Odd Taxi In The Woods (nZ0gBZUiXs5uFdPh0WWP)
2026-07-21 13:42:55,118 - V2Scraper - INFO -   Already exists (ID 6420), checking for updates...
2026-07-21 13:42:55,118 - V2Scraper - INFO -   Existing points: 14
2026-07-21 13:42:56,007 - V2Scraper - INFO -   RSC: 27 places (14 total unique)
2026-07-21 13:42:56,158 - V2Scraper - INFO - Total extracted: 14 places
2026-07-21 13:42:56,158 - V2Scraper - INFO -   No new points or corrections needed
2026-07-21 13:42:56,159 - V2Scraper - INFO -   No updates needed
2026-07-21 13:42:57,160 - V2Scraper - INFO - 
[233/292] Fate Strange Fake (nlFMm5beeDxjMv1c7pI0)
2026-07-21 13:42:57,160 - V2Scraper - INFO -   Already exists (ID 6421), checking for updates...
2026-07-21 13:42:57,171 - V2Scraper - INFO -   Existing points: 13
2026-07-21 13:42:58,466 - V2Scraper - INFO -   RSC: 24 places (13 total unique)
2026-07-21 13:42:58,605 - V2Scraper - INFO - Total extracted: 13 places
2026-07-21 13:42:58,605 - V2Scraper - INFO -   No new points or corrections needed
2026-07-21 13:42:58,605 - V2Scraper - INFO -   No updates needed
2026-07-21 13:42:59,606 - V2Scraper - INFO - 
[234/292] Teasing Master Takagi San (nuuX3MVLDUkL5Gu82Nn7)
2026-07-21 13:42:59,606 - V2Scraper - INFO -   Already exists (ID 6422), checking for updates...
2026-07-21 13:42:59,607 - V2Scraper - INFO -   Existing points: 9
2026-07-21 13:43:00,535 - V2Scraper - INFO -   RSC: 18 places (9 total unique)
2026-07-21 13:43:00,674 - V2Scraper - INFO - Total extracted: 9 places
2026-07-21 13:43:00,674 - V2Scraper - INFO -   No new points or corrections needed
2026-07-21 13:43:00,674 - V2Scraper - INFO -   No updates needed
2026-07-21 13:43:01,675 - V2Scraper - INFO - 
[235/292] A Silent Voice (o1iBehlCuEJvjTymVXZc)
2026-07-21 13:43:01,675 - V2Scraper - INFO -   Already exists (ID 6423), checking for updates...
2026-07-21 13:43:01,676 - V2Scraper - INFO -   Existing points: 33
2026-07-21 13:43:02,634 - V2Scraper - INFO -   RSC: 58 places (33 total unique)
2026-07-21 13:43:02,768 - V2Scraper - INFO - Total extracted: 33 places
2026-07-21 13:43:02,768 - V2Scraper - INFO -   No new points or corrections needed
2026-07-21 13:43:02,768 - V2Scraper - INFO -   No updates needed
2026-07-21 13:43:03,770 - V2Scraper - INFO - 
[236/292] Tamons B Side (o4I6GJfs1wuWmUMwZdjZ)
2026-07-21 13:43:03,770 - V2Scraper - INFO -   Already exists (ID 6424), checking for updates...
2026-07-21 13:43:03,771 - V2Scraper - INFO -   Existing points: 36
2026-07-21 13:43:04,774 - V2Scraper - INFO -   RSC: 60 places (36 total unique)
2026-07-21 13:43:04,914 - V2Scraper - INFO - Total extracted: 36 places
2026-07-21 13:43:04,914 - V2Scraper - INFO -   No new points or corrections needed
2026-07-21 13:43:04,914 - V2Scraper - INFO -   No updates needed
2026-07-21 13:43:05,915 - V2Scraper - INFO - 
[237/292] Jujutsu Kaisen 3 (oZ1ZO0bAf6FpPP7poEve)
2026-07-21 13:43:05,916 - V2Scraper - INFO -   Already exists (ID 6425), checking for updates...
2026-07-21 13:43:05,917 - V2Scraper - INFO -   Existing points: 63
2026-07-21 13:43:06,851 - V2Scraper - INFO -   RSC: 86 places (61 total unique)
2026-07-21 13:43:06,992 - V2Scraper - INFO -   Posts API: 6 user-uploaded places
2026-07-21 13:43:06,993 - V2Scraper - INFO -   API: 6 user-uploaded places (61 total unique)
2026-07-21 13:43:06,993 - V2Scraper - INFO - Total extracted: 61 places
2026-07-21 13:43:06,993 - V2Scraper - INFO -   No new points or corrections needed
2026-07-21 13:43:06,993 - V2Scraper - INFO -   No updates needed
2026-07-21 13:43:07,995 - V2Scraper - INFO - 
[238/292] Suzume (owwojmBeyqQxduqOgajN)
2026-07-21 13:43:07,995 - V2Scraper - INFO -   Already exists (ID 6426), checking for updates...
2026-07-21 13:43:07,996 - V2Scraper - INFO -   Existing points: 35
2026-07-21 13:43:08,881 - V2Scraper - INFO -   RSC: 60 places (35 total unique)
2026-07-21 13:43:09,024 - V2Scraper - INFO - Total extracted: 35 places
2026-07-21 13:43:09,024 - V2Scraper - INFO -   No new points or corrections needed
2026-07-21 13:43:09,024 - V2Scraper - INFO -   No updates needed
2026-07-21 13:43:10,026 - V2Scraper - INFO - 
[239/292] Ya Boy Kongming (p0GIxz7n8zoq1SbFbrQo)
2026-07-21 13:43:10,026 - V2Scraper - INFO -   Already exists (ID 6427), checking for updates...
2026-07-21 13:43:10,026 - V2Scraper - INFO -   Existing points: 12
2026-07-21 13:43:10,941 - V2Scraper - INFO -   RSC: 23 places (12 total unique)
2026-07-21 13:43:11,078 - V2Scraper - INFO - Total extracted: 12 places
2026-07-21 13:43:11,078 - V2Scraper - INFO -   No new points or corrections needed
2026-07-21 13:43:11,078 - V2Scraper - INFO -   No updates needed
2026-07-21 13:43:12,079 - V2Scraper - INFO - 
[240/292] Bungo Stray Dogs 3 (p8toSNuaJZiLprsI9c16)
2026-07-21 13:43:12,079 - V2Scraper - INFO -   Already exists (ID 6428), checking for updates...
2026-07-21 13:43:12,080 - V2Scraper - INFO -   Existing points: 26
2026-07-21 13:43:13,051 - V2Scraper - INFO -   RSC: 49 places (26 total unique)
2026-07-21 13:43:13,192 - V2Scraper - INFO - Total extracted: 26 places
2026-07-21 13:43:13,193 - V2Scraper - INFO -   No new points or corrections needed
2026-07-21 13:43:13,193 - V2Scraper - INFO -   No updates needed
2026-07-21 13:43:14,194 - V2Scraper - INFO - 
[241/292] Fate Zero (pUYxGiC62sTphT2JvNO7)
2026-07-21 13:43:14,194 - V2Scraper - INFO -   Already exists (ID 6429), checking for updates...
2026-07-21 13:43:14,195 - V2Scraper - INFO -   Existing points: 14
2026-07-21 13:43:15,274 - V2Scraper - INFO -   RSC: 28 places (14 total unique)
2026-07-21 13:43:15,423 - V2Scraper - INFO - Total extracted: 14 places
2026-07-21 13:43:15,423 - V2Scraper - INFO -   No new points or corrections needed
2026-07-21 13:43:15,423 - V2Scraper - INFO -   No updates needed
2026-07-21 13:43:16,425 - V2Scraper - INFO - 
[242/292] My Deer Friend Nokotan (pvWIpj2to4PlwxwvGIDt)
2026-07-21 13:43:16,425 - V2Scraper - INFO -   Already exists (ID 6430), checking for updates...
2026-07-21 13:43:16,425 - V2Scraper - INFO -   Existing points: 29
2026-07-21 13:43:17,453 - V2Scraper - INFO -   RSC: 51 places (29 total unique)
2026-07-21 13:43:17,589 - V2Scraper - INFO - Total extracted: 29 places
2026-07-21 13:43:17,590 - V2Scraper - INFO -   No new points or corrections needed
2026-07-21 13:43:17,590 - V2Scraper - INFO -   No updates needed
2026-07-21 13:43:18,592 - V2Scraper - INFO - 
[243/292] Shikimoris Not Just A Cutie (pwIwjuNHiexM3H66AQM9)
2026-07-21 13:43:18,592 - V2Scraper - INFO -   Already exists (ID 6431), checking for updates...
2026-07-21 13:43:18,592 - V2Scraper - INFO -   Existing points: 14
2026-07-21 13:43:19,567 - V2Scraper - INFO -   RSC: 28 places (14 total unique)
2026-07-21 13:43:19,704 - V2Scraper - INFO - Total extracted: 14 places
2026-07-21 13:43:19,704 - V2Scraper - INFO -   No new points or corrections needed
2026-07-21 13:43:19,704 - V2Scraper - INFO -   No updates needed
2026-07-21 13:43:20,705 - V2Scraper - INFO - 
[244/292] Medalist 2 (q1iKwxit2IQ79ehAO6yX)
2026-07-21 13:43:20,706 - V2Scraper - INFO -   Already exists (ID 6432), checking for updates...
2026-07-21 13:43:20,706 - V2Scraper - INFO -   Existing points: 10
2026-07-21 13:43:21,704 - V2Scraper - INFO -   RSC: 19 places (10 total unique)
2026-07-21 13:43:21,841 - V2Scraper - INFO - Total extracted: 10 places
2026-07-21 13:43:21,841 - V2Scraper - INFO -   No new points or corrections needed
2026-07-21 13:43:21,841 - V2Scraper - INFO -   No updates needed
2026-07-21 13:43:22,842 - V2Scraper - INFO - 
[245/292] Journal With Witch (qlWdNgADWPSHvlOJbvED)
2026-07-21 13:43:22,843 - V2Scraper - INFO -   Already exists (ID 6433), checking for updates...
2026-07-21 13:43:22,843 - V2Scraper - INFO -   Existing points: 27
2026-07-21 13:43:23,770 - V2Scraper - INFO -   RSC: 51 places (27 total unique)
2026-07-21 13:43:23,915 - V2Scraper - INFO - Total extracted: 27 places
2026-07-21 13:43:23,915 - V2Scraper - INFO -   No new points or corrections needed
2026-07-21 13:43:23,915 - V2Scraper - INFO -   No updates needed
2026-07-21 13:43:24,916 - V2Scraper - INFO - 
[246/292] The Anthem Of The Heart (qyzxJ6190Ra8ypsZS2j8)
2026-07-21 13:43:24,917 - V2Scraper - INFO -   Already exists (ID 6434), checking for updates...
2026-07-21 13:43:24,917 - V2Scraper - INFO -   Existing points: 22
2026-07-21 13:43:25,844 - V2Scraper - INFO -   RSC: 43 places (22 total unique)
2026-07-21 13:43:25,983 - V2Scraper - INFO - Total extracted: 22 places
2026-07-21 13:43:25,983 - V2Scraper - INFO -   No new points or corrections needed
2026-07-21 13:43:25,983 - V2Scraper - INFO -   No updates needed
2026-07-21 13:43:26,985 - V2Scraper - INFO - 
[247/292] One Punch Man 3 (rC0dQzDQaWadoKRSENAl)
2026-07-21 13:43:26,985 - V2Scraper - INFO -   Already exists (ID 6435), checking for updates...
2026-07-21 13:43:26,985 - V2Scraper - INFO -   Existing points: 7
2026-07-21 13:43:28,053 - V2Scraper - INFO -   RSC: 14 places (7 total unique)
2026-07-21 13:43:28,191 - V2Scraper - INFO - Total extracted: 7 places
2026-07-21 13:43:28,191 - V2Scraper - INFO -   No new points or corrections needed
2026-07-21 13:43:28,192 - V2Scraper - INFO -   No updates needed
2026-07-21 13:43:29,193 - V2Scraper - INFO - 
[248/292] Todays Menu For The Emiya Family (rgtPM7QxaNfCUZQHchHW)
2026-07-21 13:43:29,193 - V2Scraper - INFO -   Already exists (ID 6436), checking for updates...
2026-07-21 13:43:29,194 - V2Scraper - INFO -   Existing points: 25
2026-07-21 13:43:30,122 - V2Scraper - INFO -   RSC: 50 places (25 total unique)
2026-07-21 13:43:30,268 - V2Scraper - INFO - Total extracted: 25 places
2026-07-21 13:43:30,268 - V2Scraper - INFO -   No new points or corrections needed
2026-07-21 13:43:30,268 - V2Scraper - INFO -   No updates needed
2026-07-21 13:43:31,270 - V2Scraper - INFO - 
[249/292] Re Creators (rv19SKFM4rWzGlXZszn4)
2026-07-21 13:43:31,270 - V2Scraper - INFO -   Already exists (ID 6437), checking for updates...
2026-07-21 13:43:31,271 - V2Scraper - INFO -   Existing points: 61
2026-07-21 13:43:32,300 - V2Scraper - INFO -   RSC: 86 places (61 total unique)
2026-07-21 13:43:32,482 - V2Scraper - INFO - Total extracted: 61 places
2026-07-21 13:43:32,483 - V2Scraper - INFO -   No new points or corrections needed
2026-07-21 13:43:32,483 - V2Scraper - INFO -   No updates needed
2026-07-21 13:43:33,484 - V2Scraper - INFO - 
[250/292] Uma Musume Pretty Derby (sUISPT4kapvVtcddq6yf)
2026-07-21 13:43:33,484 - V2Scraper - INFO -   Already exists (ID 6438), checking for updates...
2026-07-21 13:43:33,485 - V2Scraper - INFO -   Existing points: 24
2026-07-21 13:43:34,417 - V2Scraper - INFO -   RSC: 46 places (24 total unique)
2026-07-21 13:43:34,561 - V2Scraper - INFO - Total extracted: 24 places
2026-07-21 13:43:34,562 - V2Scraper - INFO -   No new points or corrections needed
2026-07-21 13:43:34,562 - V2Scraper - INFO -   No updates needed
2026-07-21 13:43:35,563 - V2Scraper - INFO - 
[251/292] Haikyu (sXgYeKOTfssj8ROxSbwR)
2026-07-21 13:43:35,563 - V2Scraper - INFO -   Already exists (ID 6439), checking for updates...
2026-07-21 13:43:35,564 - V2Scraper - INFO -   Existing points: 8
2026-07-21 13:43:36,519 - V2Scraper - INFO -   RSC: 16 places (8 total unique)
2026-07-21 13:43:36,661 - V2Scraper - INFO - Total extracted: 8 places
2026-07-21 13:43:36,661 - V2Scraper - INFO -   No new points or corrections needed
2026-07-21 13:43:36,661 - V2Scraper - INFO -   No updates needed
2026-07-21 13:43:37,662 - V2Scraper - INFO - 
[252/292] The Girl Who Leapt Through Time (seGnO0BqP0oOGxXN0gUK)
2026-07-21 13:43:37,662 - V2Scraper - INFO -   Already exists (ID 6440), checking for updates...
2026-07-21 13:43:37,663 - V2Scraper - INFO -   Existing points: 10
2026-07-21 13:43:38,770 - V2Scraper - INFO -   RSC: 20 places (10 total unique)
2026-07-21 13:43:38,905 - V2Scraper - INFO - Total extracted: 10 places
2026-07-21 13:43:38,905 - V2Scraper - INFO -   No new points or corrections needed
2026-07-21 13:43:38,905 - V2Scraper - INFO -   No updates needed
2026-07-21 13:43:39,907 - V2Scraper - INFO - 
[253/292] Grotesqqque (sly3eyzND9TZP0B7eZYL)
2026-07-21 13:43:39,907 - V2Scraper - INFO -   Already exists (ID 6915), checking for updates...
2026-07-21 13:43:39,907 - V2Scraper - INFO -   Existing points: 5
2026-07-21 13:43:41,002 - V2Scraper - INFO -   RSC: 10 places (5 total unique)
2026-07-21 13:43:41,151 - V2Scraper - INFO -   Posts API: 5 user-uploaded places
2026-07-21 13:43:41,151 - V2Scraper - INFO -   API: 5 user-uploaded places (5 total unique)
2026-07-21 13:43:41,151 - V2Scraper - INFO - Total extracted: 5 places
2026-07-21 13:43:41,151 - V2Scraper - INFO -   No new points or corrections needed
2026-07-21 13:43:41,151 - V2Scraper - INFO -   No updates needed
2026-07-21 13:43:42,152 - V2Scraper - INFO - 
[254/292] Haruhi 2006 (sqOvtyTGW57hQNbzoXIc)
2026-07-21 13:43:42,152 - V2Scraper - INFO -   Already exists (ID 6441), checking for updates...
2026-07-21 13:43:42,153 - V2Scraper - INFO -   Existing points: 38
2026-07-21 13:43:43,125 - V2Scraper - INFO -   RSC: 62 places (38 total unique)
2026-07-21 13:43:43,301 - V2Scraper - INFO - Total extracted: 38 places
2026-07-21 13:43:43,301 - V2Scraper - INFO -   No new points or corrections needed
2026-07-21 13:43:43,301 - V2Scraper - INFO -   No updates needed
2026-07-21 13:43:44,302 - V2Scraper - INFO - 
[255/292] The Ryuos Work Is Never Done (ssdRxaytUOXCnKw1pcuJ)
2026-07-21 13:43:44,303 - V2Scraper - INFO -   Already exists (ID 6442), checking for updates...
2026-07-21 13:43:44,303 - V2Scraper - INFO -   Existing points: 23
2026-07-21 13:43:45,405 - V2Scraper - INFO -   RSC: 44 places (23 total unique)
2026-07-21 13:43:45,551 - V2Scraper - INFO - Total extracted: 23 places
2026-07-21 13:43:45,551 - V2Scraper - INFO -   No new points or corrections needed
2026-07-21 13:43:45,551 - V2Scraper - INFO -   No updates needed
2026-07-21 13:43:46,552 - V2Scraper - INFO - 
[256/292] Makeine (tCBIn1QbnKWmGX9Qzqhb)
2026-07-21 13:43:46,553 - V2Scraper - INFO -   Already exists (ID 6443), checking for updates...
2026-07-21 13:43:46,553 - V2Scraper - INFO -   Existing points: 49
2026-07-21 13:43:47,591 - V2Scraper - INFO -   RSC: 74 places (49 total unique)
2026-07-21 13:43:47,751 - V2Scraper - INFO - Total extracted: 49 places
2026-07-21 13:43:47,751 - V2Scraper - INFO -   No new points or corrections needed
2026-07-21 13:43:47,751 - V2Scraper - INFO -   No updates needed
2026-07-21 13:43:48,752 - V2Scraper - INFO - 
[257/292] The Quintessential Quintuplets (tiMx5VfV5a62NIXHXaoK)
2026-07-21 13:43:48,752 - V2Scraper - INFO -   Already exists (ID 6444), checking for updates...
2026-07-21 13:43:48,752 - V2Scraper - INFO -   Existing points: 4
2026-07-21 13:43:49,693 - V2Scraper - INFO -   RSC: 8 places (4 total unique)
2026-07-21 13:43:49,897 - V2Scraper - INFO - Total extracted: 4 places
2026-07-21 13:43:49,897 - V2Scraper - INFO -   No new points or corrections needed
2026-07-21 13:43:49,897 - V2Scraper - INFO -   No updates needed
2026-07-21 13:43:50,898 - V2Scraper - INFO - 
[258/292] Otaku Elf (tidwKFuBkmHvw52kmMPD)
2026-07-21 13:43:50,898 - V2Scraper - INFO -   Already exists (ID 6445), checking for updates...
2026-07-21 13:43:50,899 - V2Scraper - INFO -   Existing points: 15
2026-07-21 13:43:51,810 - V2Scraper - INFO -   RSC: 29 places (15 total unique)
2026-07-21 13:43:51,956 - V2Scraper - INFO - Total extracted: 15 places
2026-07-21 13:43:51,956 - V2Scraper - INFO -   No new points or corrections needed
2026-07-21 13:43:51,956 - V2Scraper - INFO -   No updates needed
2026-07-21 13:43:52,957 - V2Scraper - INFO - 
[259/292] Rent A Girlfriend 4 (tqahwveOEhWxs1eBy14Q)
2026-07-21 13:43:52,957 - V2Scraper - INFO -   Already exists (ID 6446), checking for updates...
2026-07-21 13:43:52,958 - V2Scraper - INFO -   Existing points: 22
2026-07-21 13:43:53,888 - V2Scraper - INFO -   RSC: 43 places (22 total unique)
2026-07-21 13:43:54,028 - V2Scraper - INFO - Total extracted: 22 places
2026-07-21 13:43:54,028 - V2Scraper - INFO -   No new points or corrections needed
2026-07-21 13:43:54,028 - V2Scraper - INFO -   No updates needed
2026-07-21 13:43:55,029 - V2Scraper - INFO - 
[260/292] Sword Art Online Ii (txYgEfCLSykeTWemzp22)
2026-07-21 13:43:55,030 - V2Scraper - INFO -   Already exists (ID 6924), checking for updates...
2026-07-21 13:43:55,030 - V2Scraper - INFO -   Existing points: 14
2026-07-21 13:43:56,132 - V2Scraper - INFO -   RSC: 28 places (14 total unique)
2026-07-21 13:43:56,279 - V2Scraper - INFO - Total extracted: 14 places
2026-07-21 13:43:56,279 - V2Scraper - INFO -   No new points or corrections needed
2026-07-21 13:43:56,279 - V2Scraper - INFO -   No updates needed
2026-07-21 13:43:57,281 - V2Scraper - INFO - 
[261/292] I Want To Eat Your Pancreas (u8g1xEliRDcoyVAiIV4V)
2026-07-21 13:43:57,281 - V2Scraper - INFO -   Already exists (ID 6447), checking for updates...
2026-07-21 13:43:57,281 - V2Scraper - INFO -   Existing points: 18
2026-07-21 13:43:58,230 - V2Scraper - INFO -   RSC: 35 places (18 total unique)
2026-07-21 13:43:58,372 - V2Scraper - INFO - Total extracted: 18 places
2026-07-21 13:43:58,372 - V2Scraper - INFO -   No new points or corrections needed
2026-07-21 13:43:58,372 - V2Scraper - INFO -   No updates needed
2026-07-21 13:43:59,373 - V2Scraper - INFO - 
[262/292] Rascal Does Not Dream Of Bunny Girl Senpai (uNXQN8oaA3SNspSVoc2A)
2026-07-21 13:43:59,373 - V2Scraper - INFO -   Already exists (ID 6448), checking for updates...
2026-07-21 13:43:59,374 - V2Scraper - INFO -   Existing points: 56
2026-07-21 13:44:00,309 - V2Scraper - INFO -   RSC: 78 places (55 total unique)
2026-07-21 13:44:00,455 - V2Scraper - INFO - Total extracted: 55 places
2026-07-21 13:44:00,455 - V2Scraper - INFO -   No new points or corrections needed
2026-07-21 13:44:00,455 - V2Scraper - INFO -   No updates needed
2026-07-21 13:44:01,457 - V2Scraper - INFO - 
[263/292] Saekano (ud97bNQKguOJBycZicFP)
2026-07-21 13:44:01,457 - V2Scraper - INFO -   Already exists (ID 6449), checking for updates...
2026-07-21 13:44:01,457 - V2Scraper - INFO -   Existing points: 22
2026-07-21 13:44:02,370 - V2Scraper - INFO -   RSC: 43 places (22 total unique)
2026-07-21 13:44:02,514 - V2Scraper - INFO - Total extracted: 22 places
2026-07-21 13:44:02,515 - V2Scraper - INFO -   No new points or corrections needed
2026-07-21 13:44:02,515 - V2Scraper - INFO -   No updates needed
2026-07-21 13:44:03,516 - V2Scraper - INFO - 
[264/292] Yuru Camp (uhXFJjbIXDatAdC4MNHj)
2026-07-21 13:44:03,516 - V2Scraper - INFO -   Already exists (ID 6450), checking for updates...
2026-07-21 13:44:03,517 - V2Scraper - INFO -   Existing points: 52
2026-07-21 13:44:04,486 - V2Scraper - INFO -   RSC: 75 places (51 total unique)
2026-07-21 13:44:04,622 - V2Scraper - INFO - Total extracted: 51 places
2026-07-21 13:44:04,623 - V2Scraper - INFO -   No new points or corrections needed
2026-07-21 13:44:04,623 - V2Scraper - INFO -   No updates needed
2026-07-21 13:44:05,624 - V2Scraper - INFO - 
[265/292] Liz And The Blue Bird (umnTfj6nmpKaukejtrbT)
2026-07-21 13:44:05,625 - V2Scraper - INFO -   Already exists (ID 6451), checking for updates...
2026-07-21 13:44:05,625 - V2Scraper - INFO -   Existing points: 3
2026-07-21 13:44:06,571 - V2Scraper - INFO -   RSC: 6 places (3 total unique)
2026-07-21 13:44:06,715 - V2Scraper - INFO - Total extracted: 3 places
2026-07-21 13:44:06,716 - V2Scraper - INFO -   No new points or corrections needed
2026-07-21 13:44:06,716 - V2Scraper - INFO -   No updates needed
2026-07-21 13:44:07,717 - V2Scraper - INFO - 
[266/292] Roshidere (unGiOzgI5kK54nQCTxtm)
2026-07-21 13:44:07,717 - V2Scraper - INFO -   Already exists (ID 6452), checking for updates...
2026-07-21 13:44:07,718 - V2Scraper - INFO -   Existing points: 12
2026-07-21 13:44:08,772 - V2Scraper - INFO -   RSC: 23 places (12 total unique)
2026-07-21 13:44:08,918 - V2Scraper - INFO - Total extracted: 12 places
2026-07-21 13:44:08,918 - V2Scraper - INFO -   No new points or corrections needed
2026-07-21 13:44:08,918 - V2Scraper - INFO -   No updates needed
2026-07-21 13:44:09,919 - V2Scraper - INFO - 
[267/292] You Are Ms Servant (uxyUCyjBZrFMfOdbXCMN)
2026-07-21 13:44:09,920 - V2Scraper - INFO -   Already exists (ID 6453), checking for updates...
2026-07-21 13:44:09,920 - V2Scraper - INFO -   Existing points: 15
2026-07-21 13:44:10,996 - V2Scraper - INFO -   RSC: 30 places (15 total unique)
2026-07-21 13:44:11,138 - V2Scraper - INFO - Total extracted: 15 places
2026-07-21 13:44:11,138 - V2Scraper - INFO -   No new points or corrections needed
2026-07-21 13:44:11,138 - V2Scraper - INFO -   No updates needed
2026-07-21 13:44:12,139 - V2Scraper - INFO - 
[268/292] Saekano 2 (v79L8UZL37LfYiJ5fKEK)
2026-07-21 13:44:12,139 - V2Scraper - INFO -   Already exists (ID 6454), checking for updates...
2026-07-21 13:44:12,142 - V2Scraper - INFO -   Existing points: 26
2026-07-21 13:44:13,143 - V2Scraper - INFO -   RSC: 51 places (26 total unique)
2026-07-21 13:44:13,295 - V2Scraper - INFO - Total extracted: 26 places
2026-07-21 13:44:13,296 - V2Scraper - INFO -   No new points or corrections needed
2026-07-21 13:44:13,296 - V2Scraper - INFO -   No updates needed
2026-07-21 13:44:14,297 - V2Scraper - INFO - 
[269/292] Uma Musume Cinderella Gray 2 (vS5GOKe1V9av8Cxwd5bQ)
2026-07-21 13:44:14,297 - V2Scraper - INFO -   Already exists (ID 6455), checking for updates...
2026-07-21 13:44:14,298 - V2Scraper - INFO -   Existing points: 22
2026-07-21 13:44:15,708 - V2Scraper - INFO -   RSC: 43 places (22 total unique)
2026-07-21 13:44:15,850 - V2Scraper - INFO - Total extracted: 22 places
2026-07-21 13:44:15,851 - V2Scraper - INFO -   No new points or corrections needed
2026-07-21 13:44:15,851 - V2Scraper - INFO -   No updates needed
2026-07-21 13:44:16,852 - V2Scraper - INFO - 
[270/292] Watanare (w0UfKIA3nbV6f8vS4LYc)
2026-07-21 13:44:16,852 - V2Scraper - INFO -   Already exists (ID 6456), checking for updates...
2026-07-21 13:44:16,853 - V2Scraper - INFO -   Existing points: 41
2026-07-21 13:44:17,827 - V2Scraper - INFO -   RSC: 66 places (41 total unique)
2026-07-21 13:44:17,972 - V2Scraper - INFO - Total extracted: 41 places
2026-07-21 13:44:17,972 - V2Scraper - INFO -   No new points or corrections needed
2026-07-21 13:44:17,972 - V2Scraper - INFO -   No updates needed
2026-07-21 13:44:18,974 - V2Scraper - INFO - 
[271/292] Nippon Sangoku (w5KAbfUc7AIQc5Qv4hEM)
2026-07-21 13:44:18,974 - V2Scraper - INFO -   Already exists (ID 6457), checking for updates...
2026-07-21 13:44:18,975 - V2Scraper - INFO -   Existing points: 48
2026-07-21 13:44:20,002 - V2Scraper - INFO -   RSC: 71 places (48 total unique)
2026-07-21 13:44:20,150 - V2Scraper - INFO - Total extracted: 48 places
2026-07-21 13:44:20,150 - V2Scraper - INFO -   No new points or corrections needed
2026-07-21 13:44:20,151 - V2Scraper - INFO -   No updates needed
2026-07-21 13:44:21,152 - V2Scraper - INFO - 
[272/292] Dandadan (wGsUljsg7c7MbgdtzDJD)
2026-07-21 13:44:21,152 - V2Scraper - INFO -   Already exists (ID 6458), checking for updates...
2026-07-21 13:44:21,152 - V2Scraper - INFO -   Existing points: 6
2026-07-21 13:44:22,083 - V2Scraper - INFO -   RSC: 12 places (6 total unique)
2026-07-21 13:44:22,269 - V2Scraper - INFO - Total extracted: 6 places
2026-07-21 13:44:22,269 - V2Scraper - INFO -   No new points or corrections needed
2026-07-21 13:44:22,269 - V2Scraper - INFO -   No updates needed
2026-07-21 13:44:23,271 - V2Scraper - INFO - 
[273/292] Non Non Biyori Vacation (wJXvwG078NOgmusJqTU9)
2026-07-21 13:44:23,271 - V2Scraper - INFO -   Already exists (ID 6459), checking for updates...
2026-07-21 13:44:23,271 - V2Scraper - INFO -   Existing points: 18
2026-07-21 13:44:24,178 - V2Scraper - INFO -   RSC: 34 places (18 total unique)
2026-07-21 13:44:24,319 - V2Scraper - INFO - Total extracted: 18 places
2026-07-21 13:44:24,319 - V2Scraper - INFO -   No new points or corrections needed
2026-07-21 13:44:24,319 - V2Scraper - INFO -   No updates needed
2026-07-21 13:44:25,321 - V2Scraper - INFO - 
[274/292] Horimiya (wRJJ3i3avQIUeZ6PL6ej)
2026-07-21 13:44:25,321 - V2Scraper - INFO -   Already exists (ID 6461), checking for updates...
2026-07-21 13:44:25,321 - V2Scraper - INFO -   Existing points: 10
2026-07-21 13:44:26,320 - V2Scraper - INFO -   RSC: 20 places (10 total unique)
2026-07-21 13:44:26,462 - V2Scraper - INFO - Total extracted: 10 places
2026-07-21 13:44:26,462 - V2Scraper - INFO -   No new points or corrections needed
2026-07-21 13:44:26,462 - V2Scraper - INFO -   No updates needed
2026-07-21 13:44:27,463 - V2Scraper - INFO - 
[275/292] Yuru Camp Movie (wlQ8Ci60loTyVBZV9Xia)
2026-07-21 13:44:27,463 - V2Scraper - INFO -   Already exists (ID 6462), checking for updates...
2026-07-21 13:44:27,464 - V2Scraper - INFO -   Existing points: 34
2026-07-21 13:44:28,472 - V2Scraper - INFO -   RSC: 59 places (34 total unique)
2026-07-21 13:44:28,618 - V2Scraper - INFO - Total extracted: 34 places
2026-07-21 13:44:28,619 - V2Scraper - INFO -   No new points or corrections needed
2026-07-21 13:44:28,619 - V2Scraper - INFO -   No updates needed
2026-07-21 13:44:29,620 - V2Scraper - INFO - 
[276/292] Jujutsu Kaisen 0 (xYGIxEMWtc0UkKtWbp4R)
2026-07-21 13:44:29,620 - V2Scraper - INFO -   Already exists (ID 6463), checking for updates...
2026-07-21 13:44:29,621 - V2Scraper - INFO -   Existing points: 7
2026-07-21 13:44:30,557 - V2Scraper - INFO -   RSC: 13 places (7 total unique)
2026-07-21 13:44:30,696 - V2Scraper - INFO - Total extracted: 7 places
2026-07-21 13:44:30,696 - V2Scraper - INFO -   No new points or corrections needed
2026-07-21 13:44:30,697 - V2Scraper - INFO -   No updates needed
2026-07-21 13:44:31,698 - V2Scraper - INFO - 
[277/292] Takopis Original Sin (xfD3SAgNnScPXtkyEpGo)
2026-07-21 13:44:31,698 - V2Scraper - INFO -   Already exists (ID 6464), checking for updates...
2026-07-21 13:44:31,698 - V2Scraper - INFO -   Existing points: 12
2026-07-21 13:44:32,632 - V2Scraper - INFO -   RSC: 23 places (12 total unique)
2026-07-21 13:44:32,780 - V2Scraper - INFO - Total extracted: 12 places
2026-07-21 13:44:32,780 - V2Scraper - INFO -   No new points or corrections needed
2026-07-21 13:44:32,780 - V2Scraper - INFO -   No updates needed
2026-07-21 13:44:33,782 - V2Scraper - INFO - 
[278/292] Hajime No Ippo Rising (xixXlFp2hrN1lZJu7sSv)
2026-07-21 13:44:33,782 - V2Scraper - INFO -   Already exists (ID 6465), checking for updates...
2026-07-21 13:44:33,782 - V2Scraper - INFO -   Existing points: 9
2026-07-21 13:44:34,646 - V2Scraper - INFO -   RSC: 18 places (9 total unique)
2026-07-21 13:44:34,816 - V2Scraper - INFO - Total extracted: 9 places
2026-07-21 13:44:34,817 - V2Scraper - INFO -   No new points or corrections needed
2026-07-21 13:44:34,817 - V2Scraper - INFO -   No updates needed
2026-07-21 13:44:35,818 - V2Scraper - INFO - 
[279/292] A Sign Of Affection (xn1kUG4nAyilfSbaVrmj)
2026-07-21 13:44:35,818 - V2Scraper - INFO -   Already exists (ID 6466), checking for updates...
2026-07-21 13:44:35,819 - V2Scraper - INFO -   Existing points: 40
2026-07-21 13:44:36,808 - V2Scraper - INFO -   RSC: 65 places (40 total unique)
2026-07-21 13:44:36,945 - V2Scraper - INFO - Total extracted: 40 places
2026-07-21 13:44:36,946 - V2Scraper - INFO -   No new points or corrections needed
2026-07-21 13:44:36,946 - V2Scraper - INFO -   No updates needed
2026-07-21 13:44:37,947 - V2Scraper - INFO - 
[280/292] Nagatoro (xsfrhZD0r2q5twlEitmR)
2026-07-21 13:44:37,947 - V2Scraper - INFO -   Already exists (ID 6467), checking for updates...
2026-07-21 13:44:37,948 - V2Scraper - INFO -   Existing points: 16
2026-07-21 13:44:38,964 - V2Scraper - INFO -   RSC: 31 places (16 total unique)
2026-07-21 13:44:39,102 - V2Scraper - INFO - Total extracted: 16 places
2026-07-21 13:44:39,102 - V2Scraper - INFO -   No new points or corrections needed
2026-07-21 13:44:39,102 - V2Scraper - INFO -   No updates needed
2026-07-21 13:44:40,103 - V2Scraper - INFO - 
[281/292] Sanda (xxMcxs235e04PF89ZQGN)
2026-07-21 13:44:40,103 - V2Scraper - INFO -   Already exists (ID 6468), checking for updates...
2026-07-21 13:44:40,104 - V2Scraper - INFO -   Existing points: 4
2026-07-21 13:44:41,070 - V2Scraper - INFO -   RSC: 8 places (4 total unique)
2026-07-21 13:44:41,219 - V2Scraper - INFO - Total extracted: 4 places
2026-07-21 13:44:41,219 - V2Scraper - INFO -   No new points or corrections needed
2026-07-21 13:44:41,219 - V2Scraper - INFO -   No updates needed
2026-07-21 13:44:42,220 - V2Scraper - INFO - 
[282/292] One Punch Man (y0TAWlKFt6ENfgTZhPMB)
2026-07-21 13:44:42,221 - V2Scraper - INFO -   Already exists (ID 6469), checking for updates...
2026-07-21 13:44:42,221 - V2Scraper - INFO -   Existing points: 5
2026-07-21 13:44:43,154 - V2Scraper - INFO -   RSC: 10 places (5 total unique)
2026-07-21 13:44:43,296 - V2Scraper - INFO - Total extracted: 5 places
2026-07-21 13:44:43,297 - V2Scraper - INFO -   No new points or corrections needed
2026-07-21 13:44:43,297 - V2Scraper - INFO -   No updates needed
2026-07-21 13:44:44,298 - V2Scraper - INFO - 
[283/292] Okitsura (y5w1zYuadN3Ej0cGsH8F)
2026-07-21 13:44:44,298 - V2Scraper - INFO -   Already exists (ID 6470), checking for updates...
2026-07-21 13:44:44,299 - V2Scraper - INFO -   Existing points: 46
2026-07-21 13:44:45,383 - V2Scraper - INFO -   RSC: 71 places (46 total unique)
2026-07-21 13:44:45,531 - V2Scraper - INFO - Total extracted: 46 places
2026-07-21 13:44:45,532 - V2Scraper - INFO -   No new points or corrections needed
2026-07-21 13:44:45,532 - V2Scraper - INFO -   No updates needed
2026-07-21 13:44:46,533 - V2Scraper - INFO - 
[284/292] The Quintessential Quintuplets 2 (yB4LTU7fYemGl2JgldzA)
2026-07-21 13:44:46,534 - V2Scraper - INFO -   Already exists (ID 6471), checking for updates...
2026-07-21 13:44:46,534 - V2Scraper - INFO -   Existing points: 15
2026-07-21 13:44:47,378 - V2Scraper - INFO -   RSC: 30 places (15 total unique)
2026-07-21 13:44:47,522 - V2Scraper - INFO - Total extracted: 15 places
2026-07-21 13:44:47,522 - V2Scraper - INFO -   No new points or corrections needed
2026-07-21 13:44:47,522 - V2Scraper - INFO -   No updates needed
2026-07-21 13:44:48,523 - V2Scraper - INFO - 
[285/292] Teasing Master Takagi San The Movie (yqdSgvWKtN6FDr3vxm3H)
2026-07-21 13:44:48,524 - V2Scraper - INFO -   Already exists (ID 6472), checking for updates...
2026-07-21 13:44:48,524 - V2Scraper - INFO -   Existing points: 20
2026-07-21 13:44:49,674 - V2Scraper - INFO -   RSC: 39 places (20 total unique)
2026-07-21 13:44:49,813 - V2Scraper - INFO - Total extracted: 20 places
2026-07-21 13:44:49,813 - V2Scraper - INFO -   No new points or corrections needed
2026-07-21 13:44:49,813 - V2Scraper - INFO -   No updates needed
2026-07-21 13:44:50,815 - V2Scraper - INFO - 
[286/292] Heavenly Delusion (ywqTqT1hNKINvMHq5TZN)
2026-07-21 13:44:50,815 - V2Scraper - INFO -   Already exists (ID 6473), checking for updates...
2026-07-21 13:44:50,816 - V2Scraper - INFO -   Existing points: 30
2026-07-21 13:44:51,772 - V2Scraper - INFO -   RSC: 54 places (30 total unique)
2026-07-21 13:44:51,913 - V2Scraper - INFO - Total extracted: 30 places
2026-07-21 13:44:51,914 - V2Scraper - INFO -   No new points or corrections needed
2026-07-21 13:44:51,914 - V2Scraper - INFO -   No updates needed
2026-07-21 13:44:52,915 - V2Scraper - INFO - 
[287/292] Rascal Does Not Dream Of A Knapsack Kid (yxxkllavYoNKtdXw1Lez)
2026-07-21 13:44:52,915 - V2Scraper - INFO -   Already exists (ID 6474), checking for updates...
2026-07-21 13:44:52,916 - V2Scraper - INFO -   Existing points: 23
2026-07-21 13:44:53,826 - V2Scraper - INFO -   RSC: 44 places (23 total unique)
2026-07-21 13:44:53,976 - V2Scraper - INFO - Total extracted: 23 places
2026-07-21 13:44:53,976 - V2Scraper - INFO -   No new points or corrections needed
2026-07-21 13:44:53,976 - V2Scraper - INFO -   No updates needed
2026-07-21 13:44:54,978 - V2Scraper - INFO - 
[288/292] Ameku Md Doctor Detective (z30sfzlqpJpiCAeoUi8h)
2026-07-21 13:44:54,978 - V2Scraper - INFO -   Already exists (ID 6475), checking for updates...
2026-07-21 13:44:54,978 - V2Scraper - INFO -   Existing points: 8
2026-07-21 13:44:56,159 - V2Scraper - INFO -   RSC: 16 places (8 total unique)
2026-07-21 13:44:56,389 - V2Scraper - INFO - Total extracted: 8 places
2026-07-21 13:44:56,389 - V2Scraper - INFO -   No new points or corrections needed
2026-07-21 13:44:56,389 - V2Scraper - INFO -   No updates needed
2026-07-21 13:44:57,390 - V2Scraper - INFO - 
[289/292] Love Chunibyo Other Delusions (z7BgNrMdTaMbmYysRMBz)
2026-07-21 13:44:57,390 - V2Scraper - INFO -   Already exists (ID 6476), checking for updates...
2026-07-21 13:44:57,391 - V2Scraper - INFO -   Existing points: 46
2026-07-21 13:44:58,327 - V2Scraper - INFO -   RSC: 70 places (46 total unique)
2026-07-21 13:44:58,462 - V2Scraper - INFO - Total extracted: 46 places
2026-07-21 13:44:58,462 - V2Scraper - INFO -   No new points or corrections needed
2026-07-21 13:44:58,462 - V2Scraper - INFO -   No updates needed
2026-07-21 13:44:59,464 - V2Scraper - INFO - 
[290/292] Tokyo Ghoul (zWadHN3vlTLoK9u1PXoS)
2026-07-21 13:44:59,464 - V2Scraper - INFO -   Already exists (ID 6477), checking for updates...
2026-07-21 13:44:59,464 - V2Scraper - INFO -   Existing points: 10
2026-07-21 13:45:00,380 - V2Scraper - INFO -   RSC: 20 places (10 total unique)
2026-07-21 13:45:00,523 - V2Scraper - INFO - Total extracted: 10 places
2026-07-21 13:45:00,523 - V2Scraper - INFO -   No new points or corrections needed
2026-07-21 13:45:00,523 - V2Scraper - INFO -   No updates needed
2026-07-21 13:45:01,525 - V2Scraper - INFO - 
[291/292] Zombie Land Saga (zpeuh4ic4dDDneypMAZp)
2026-07-21 13:45:01,525 - V2Scraper - INFO -   Already exists (ID 6478), checking for updates...
2026-07-21 13:45:01,525 - V2Scraper - INFO -   Existing points: 21
2026-07-21 13:45:02,463 - V2Scraper - INFO -   RSC: 41 places (21 total unique)
2026-07-21 13:45:02,610 - V2Scraper - INFO - Total extracted: 21 places
2026-07-21 13:45:02,610 - V2Scraper - INFO -   No new points or corrections needed
2026-07-21 13:45:02,610 - V2Scraper - INFO -   No updates needed
2026-07-21 13:45:03,612 - V2Scraper - INFO - 
[292/292] Chainsmoker Cat (ztYqVosnEOhoNlPRvVCo)
2026-07-21 13:45:03,612 - V2Scraper - INFO -   Already exists (ID 6921), checking for updates...
2026-07-21 13:45:03,612 - V2Scraper - INFO -   Existing points: 1
2026-07-21 13:45:04,655 - V2Scraper - INFO -   RSC: 2 places (1 total unique)
2026-07-21 13:45:04,804 - V2Scraper - INFO -   Posts API: 1 user-uploaded places
2026-07-21 13:45:04,804 - V2Scraper - INFO -   API: 1 user-uploaded places (1 total unique)
2026-07-21 13:45:04,804 - V2Scraper - INFO - Total extracted: 1 places
2026-07-21 13:45:04,804 - V2Scraper - INFO -   No new points or corrections needed
2026-07-21 13:45:04,804 - V2Scraper - INFO -   No updates needed
2026-07-21 13:45:05,806 - V2Scraper - INFO - 
--- Fixing missing covers ---
2026-07-21 13:45:05,806 - V2Scraper - INFO - Scanning for missing covers (animepilgrimage mapped only)...
2026-07-21 13:45:05,814 - V2Scraper - INFO - Fixed 0 missing covers
2026-07-21 13:45:05,814 - V2Scraper - INFO - 
--- Fixing logo covers ---
2026-07-21 13:45:05,814 - V2Scraper - INFO - Scanning for logo covers...
2026-07-21 13:45:07,678 - V2Scraper - INFO - Fixed 0 logo covers
2026-07-21 13:45:07,678 - V2Scraper - INFO - 
--- Fixing zero-coordinate points ---
2026-07-21 13:45:07,678 - V2Scraper - INFO - Scanning for zero-coordinate points...
2026-07-21 13:45:08,018 - V2Scraper - INFO - Found 17 anime with zero-coordinate points
2026-07-21 13:45:08,018 - V2Scraper - INFO - Fetching anime list for URL mapping...
2026-07-21 13:45:08,018 - V2Scraper - INFO - Fetching anime list from sitemap.xml...
2026-07-21 13:45:10,196 - V2Scraper - INFO - Sitemap: 292 anime
2026-07-21 13:45:10,196 - V2Scraper - INFO - Found 292 anime
2026-07-21 13:45:10,196 - V2Scraper - INFO -   1. Days With My Stepsister (04krYkLnGxdyZnphVjQD)
2026-07-21 13:45:10,196 - V2Scraper - INFO -   2. Tonikawa (0AvGlAgPpCxpeHIuaJPN)
2026-07-21 13:45:10,196 - V2Scraper - INFO -   3. Girls Band Cry (0MKV87agZS5NoAaTX6B0)
2026-07-21 13:45:10,196 - V2Scraper - INFO -   4. Tokyo Revengers (0eav7fRw7FpJyEOwfQKl)
2026-07-21 13:45:10,196 - V2Scraper - INFO -   5. Jujutsu Kaisen 1 (0krqHxVPwJzgjw4B5AJN)
2026-07-21 13:45:10,196 - V2Scraper - INFO -   ... and 287 more
2026-07-21 13:45:10,197 - V2Scraper - INFO - Fixing: 无法访问此网站 (ID 5967)
2026-07-21 13:45:10,197 - V2Scraper - WARNING -   Could not find '无法访问此网站' on the new site
2026-07-21 13:45:10,198 - V2Scraper - INFO - Fixing: 違国日記 (ID 6133)
2026-07-21 13:45:10,198 - V2Scraper - WARNING -   Could not find '違国日記' on the new site
2026-07-21 13:45:10,198 - V2Scraper - INFO - Fixing: 日本三國 (ID 6182)
2026-07-21 13:45:10,198 - V2Scraper - WARNING -   Could not find '日本三國' on the new site
2026-07-21 13:45:10,198 - V2Scraper - INFO - Fixing: クラスで２番目に可愛い女の子と友だちになった (ID 6183)
2026-07-21 13:45:10,198 - V2Scraper - WARNING -   Could not find 'クラスで２番目に可愛い女の子と友だちになった' on the new site
2026-07-21 13:45:10,198 - V2Scraper - INFO - Fixing: ３月のライオン 第2シリーズ (ID 6184)
2026-07-21 13:45:10,198 - V2Scraper - WARNING -   Could not find '３月のライオン 第2シリーズ' on the new site
2026-07-21 13:45:10,198 - V2Scraper - INFO - Fixing: 呪術廻戦 死滅回遊 (ID 6186)
2026-07-21 13:45:10,198 - V2Scraper - WARNING -   Could not find '呪術廻戦 死滅回遊' on the new site
2026-07-21 13:45:10,198 - V2Scraper - INFO - Fixing: 【推しの子】第3期 (ID 6187)
2026-07-21 13:45:10,198 - V2Scraper - WARNING -   Could not find '【推しの子】第3期' on the new site
2026-07-21 13:45:10,198 - V2Scraper - INFO - Fixing: 多聞くん今どっち!? (ID 6188)
2026-07-21 13:45:10,198 - V2Scraper - WARNING -   Could not find '多聞くん今どっち!?' on the new site
2026-07-21 13:45:10,198 - V2Scraper - INFO - Fixing: 姫様“拷問”の時間です (ID 6189)
2026-07-21 13:45:10,198 - V2Scraper - WARNING -   Could not find '姫様“拷問”の時間です' on the new site
2026-07-21 13:45:10,198 - V2Scraper - INFO - Fixing: 呪術廻戦 2期 (ID 6190)
2026-07-21 13:45:10,198 - V2Scraper - WARNING -   Could not find '呪術廻戦 2期' on the new site
2026-07-21 13:45:10,198 - V2Scraper - INFO - Fixing: 彼女、お借りします 2期 (ID 6191)
2026-07-21 13:45:10,199 - V2Scraper - WARNING -   Could not find '彼女、お借りします 2期' on the new site
2026-07-21 13:45:10,199 - V2Scraper - INFO - Fixing: かぐや様は告らせたい ウルトラロマンティック (ID 6192)
2026-07-21 13:45:10,199 - V2Scraper - WARNING -   Could not find 'かぐや様は告らせたい ウルトラロマンティック' on the new site
2026-07-21 13:45:10,199 - V2Scraper - INFO - Fixing: ゾン100 ～ゾンビになるまでにしたい100のこと～ (ID 6193)
2026-07-21 13:45:10,199 - V2Scraper - WARNING -   Could not find 'ゾン100 ～ゾンビになるまでにしたい100のこと～' on the new site
2026-07-21 13:45:10,199 - V2Scraper - INFO - Fixing: 劇場版 呪術廻戦 0 (ID 6194)
2026-07-21 13:45:10,199 - V2Scraper - WARNING -   Could not find '劇場版 呪術廻戦 0' on the new site
2026-07-21 13:45:10,199 - V2Scraper - INFO - Fixing: 東京喰種 (ID 6195)
2026-07-21 13:45:10,199 - V2Scraper - WARNING -   Could not find '東京喰種' on the new site
2026-07-21 13:45:10,199 - V2Scraper - INFO - Fixing: 劇場版 ソードアート・オンライン オーディナル・スケール (ID 6196)
2026-07-21 13:45:10,199 - V2Scraper - WARNING -   Could not find '劇場版 ソードアート・オンライン オーディナル・スケール' on the new site
2026-07-21 13:45:10,199 - V2Scraper - INFO - Fixing: 氷の城壁 (ID 6197)
2026-07-21 13:45:10,199 - V2Scraper - WARNING -   Could not find '氷の城壁' on the new site
2026-07-21 13:45:10,200 - V2Scraper - INFO - Fixed 0 zero-coordinate points total
2026-07-21 13:45:10,224 - V2Scraper - INFO - 
--- Fixing invalid episode types ---
2026-07-21 13:45:10,224 - V2Scraper - INFO - Scanning for invalid episode types (TRAILER/OTHERS)...
2026-07-21 13:45:11,981 - V2Scraper - INFO - Fixed 0 invalid episode values
2026-07-21 13:45:11,981 - V2Scraper - INFO - 
--- Backfilling missing images ---
2026-07-21 13:45:11,981 - V2Scraper - INFO - Scanning for points with missing images...
2026-07-21 13:45:12,033 - V2Scraper - INFO -   ID 105: 1 missing images, but no anime_id
2026-07-21 13:45:12,034 - V2Scraper - INFO -   ID 106: 3 missing images, but no anime_id
2026-07-21 13:45:12,041 - V2Scraper - INFO -   ID 115: 1 missing images, but no anime_id
2026-07-21 13:45:12,042 - V2Scraper - INFO -   ID 116: 1 missing images, but no anime_id
2026-07-21 13:45:12,046 - V2Scraper - INFO -   ID 12: 21 missing images, but no anime_id
2026-07-21 13:45:12,047 - V2Scraper - INFO -   ID 121: 1 missing images, but no anime_id
2026-07-21 13:45:12,048 - V2Scraper - INFO -   ID 122: 1 missing images, but no anime_id
2026-07-21 13:45:12,050 - V2Scraper - INFO -   ID 125: 2 missing images, but no anime_id
2026-07-21 13:45:12,053 - V2Scraper - INFO -   ID 128: 1 missing images, but no anime_id
2026-07-21 13:45:12,054 - V2Scraper - INFO -   ID 129: 24 missing images, but no anime_id
2026-07-21 13:45:12,055 - V2Scraper - INFO -   ID 13: 2 missing images, but no anime_id
2026-07-21 13:45:12,057 - V2Scraper - INFO -   ID 134: 27 missing images, but no anime_id
2026-07-21 13:45:12,058 - V2Scraper - INFO -   ID 135: 2 missing images, but no anime_id
2026-07-21 13:45:12,061 - V2Scraper - INFO -   ID 14: 11 missing images, but no anime_id
2026-07-21 13:45:12,064 - V2Scraper - INFO -   ID 146: 20 missing images, but no anime_id
2026-07-21 13:45:12,066 - V2Scraper - INFO -   ID 148: 1 missing images, but no anime_id
2026-07-21 13:45:12,071 - V2Scraper - INFO -   ID 156: 28 missing images, but no anime_id
2026-07-21 13:45:12,072 - V2Scraper - INFO -   ID 158: 52 missing images, but no anime_id
2026-07-21 13:45:12,073 - V2Scraper - INFO -   ID 159: 3 missing images, but no anime_id
2026-07-21 13:45:12,075 - V2Scraper - INFO -   ID 163: 32 missing images, but no anime_id
2026-07-21 13:45:12,076 - V2Scraper - INFO -   ID 165: 6 missing images, but no anime_id
2026-07-21 13:45:12,079 - V2Scraper - INFO -   ID 169: 11 missing images, but no anime_id
2026-07-21 13:45:12,080 - V2Scraper - INFO -   ID 17: 3 missing images, but no anime_id
2026-07-21 13:45:12,081 - V2Scraper - INFO -   ID 171: 57 missing images, but no anime_id
2026-07-21 13:45:12,082 - V2Scraper - INFO -   ID 173: 4 missing images, but no anime_id
2026-07-21 13:45:12,083 - V2Scraper - INFO -   ID 174: 4 missing images, but no anime_id
2026-07-21 13:45:12,084 - V2Scraper - INFO -   ID 175: 1 missing images, but no anime_id
2026-07-21 13:45:12,085 - V2Scraper - INFO -   ID 178: 23 missing images, but no anime_id
2026-07-21 13:45:12,087 - V2Scraper - INFO -   ID 18: 2 missing images, but no anime_id
2026-07-21 13:45:12,087 - V2Scraper - INFO -   ID 180: 5 missing images, but no anime_id
2026-07-21 13:45:12,098 - V2Scraper - INFO -   ID 2: 3 missing images, but no anime_id
2026-07-21 13:45:12,098 - V2Scraper - INFO -   ID 20: 3 missing images, but no anime_id
2026-07-21 13:45:12,100 - V2Scraper - INFO -   ID 204: 1 missing images, but no anime_id
2026-07-21 13:45:12,103 - V2Scraper - INFO -   ID 21: 1 missing images, but no anime_id
2026-07-21 13:45:12,104 - V2Scraper - INFO -   ID 210: 14 missing images, but no anime_id
2026-07-21 13:45:12,106 - V2Scraper - INFO -   ID 214: 22 missing images, but no anime_id
2026-07-21 13:45:12,107 - V2Scraper - INFO -   ID 216: 5 missing images, but no anime_id
2026-07-21 13:45:12,108 - V2Scraper - INFO -   ID 217: 23 missing images, but no anime_id
2026-07-21 13:45:12,110 - V2Scraper - INFO -   ID 22: 5 missing images, but no anime_id
2026-07-21 13:45:12,110 - V2Scraper - INFO -   ID 220: 7 missing images, but no anime_id
2026-07-21 13:45:12,111 - V2Scraper - INFO -   ID 223: 34 missing images, but no anime_id
2026-07-21 13:45:12,113 - V2Scraper - INFO -   ID 225: 33 missing images, but no anime_id
2026-07-21 13:45:12,115 - V2Scraper - INFO -   ID 229: 8 missing images, but no anime_id
2026-07-21 13:45:12,116 - V2Scraper - INFO -   ID 230: 6 missing images, but no anime_id
2026-07-21 13:45:12,116 - V2Scraper - INFO -   ID 231: 5 missing images, but no anime_id
2026-07-21 13:45:12,118 - V2Scraper - INFO -   ID 234: 1 missing images, but no anime_id
2026-07-21 13:45:12,122 - V2Scraper - INFO -   ID 240: 21 missing images, but no anime_id
2026-07-21 13:45:12,124 - V2Scraper - INFO -   ID 244: 14 missing images, but no anime_id
2026-07-21 13:45:12,125 - V2Scraper - INFO -   ID 245: 22 missing images, but no anime_id
2026-07-21 13:45:12,126 - V2Scraper - INFO -   ID 248: 27 missing images, but no anime_id
2026-07-21 13:45:12,128 - V2Scraper - INFO -   ID 251: 28 missing images, but no anime_id
2026-07-21 13:45:12,129 - V2Scraper - INFO -   ID 252: 9 missing images, but no anime_id
2026-07-21 13:45:12,132 - V2Scraper - INFO -   ID 257: 23 missing images, but no anime_id
2026-07-21 13:45:12,132 - V2Scraper - INFO -   ID 258: 4 missing images, but no anime_id
2026-07-21 13:45:12,135 - V2Scraper - INFO -   ID 262: 3 missing images, but no anime_id
2026-07-21 13:45:12,135 - V2Scraper - INFO -   ID 263: 9 missing images, but no anime_id
2026-07-21 13:45:12,138 - V2Scraper - INFO -   ID 269: 34 missing images, but no anime_id
2026-07-21 13:45:12,139 - V2Scraper - INFO -   ID 27: 3 missing images, but no anime_id
2026-07-21 13:45:12,139 - V2Scraper - INFO -   ID 270: 5 missing images, but no anime_id
2026-07-21 13:45:12,141 - V2Scraper - INFO -   ID 274: 2 missing images, but no anime_id
2026-07-21 13:45:12,141 - V2Scraper - INFO -   ID 276: 1 missing images, but no anime_id
2026-07-21 13:45:12,142 - V2Scraper - INFO -   ID 278: 1 missing images, but no anime_id
2026-07-21 13:45:12,142 - V2Scraper - INFO -   ID 279: 8 missing images, but no anime_id
2026-07-21 13:45:12,144 - V2Scraper - INFO -   ID 288: 4 missing images, but no anime_id
2026-07-21 13:45:12,144 - V2Scraper - INFO -   ID 289: 80 missing images, but no anime_id
2026-07-21 13:45:12,145 - V2Scraper - INFO -   ID 290: 26 missing images, but no anime_id
2026-07-21 13:45:12,146 - V2Scraper - INFO -   ID 292: 3 missing images, but no anime_id
2026-07-21 13:45:12,147 - V2Scraper - INFO -   ID 295: 36 missing images, but no anime_id
2026-07-21 13:45:12,147 - V2Scraper - INFO -   ID 296: 5 missing images, but no anime_id
2026-07-21 13:45:12,150 - V2Scraper - INFO -   ID 3: 1 missing images, but no anime_id
2026-07-21 13:45:12,150 - V2Scraper - INFO -   ID 301: 1 missing images, but no anime_id
2026-07-21 13:45:12,153 - V2Scraper - INFO -   ID 307: 5 missing images, but no anime_id
2026-07-21 13:45:12,155 - V2Scraper - INFO -   ID 31: 4 missing images, but no anime_id
2026-07-21 13:45:12,157 - V2Scraper - INFO -   ID 313: 10 missing images, but no anime_id
2026-07-21 13:45:12,161 - V2Scraper - INFO -   ID 32: 8 missing images, but no anime_id
2026-07-21 13:45:12,164 - V2Scraper - INFO -   ID 325: 3 missing images, but no anime_id
2026-07-21 13:45:12,167 - V2Scraper - INFO -   ID 33: 2 missing images, but no anime_id
2026-07-21 13:45:12,168 - V2Scraper - INFO -   ID 332: 1 missing images, but no anime_id
2026-07-21 13:45:12,169 - V2Scraper - INFO -   ID 333: 7 missing images, but no anime_id
2026-07-21 13:45:12,172 - V2Scraper - INFO -   ID 339: 10 missing images, but no anime_id
2026-07-21 13:45:12,174 - V2Scraper - INFO -   ID 342: 9 missing images, but no anime_id
2026-07-21 13:45:12,175 - V2Scraper - INFO -   ID 345: 3 missing images, but no anime_id
2026-07-21 13:45:12,176 - V2Scraper - INFO -   ID 346: 1 missing images, but no anime_id
2026-07-21 13:45:12,178 - V2Scraper - INFO -   ID 35: 7 missing images, but no anime_id
2026-07-21 13:45:12,179 - V2Scraper - INFO -   ID 350: 65 missing images, but no anime_id
2026-07-21 13:45:12,180 - V2Scraper - INFO -   ID 352: 1 missing images, but no anime_id
2026-07-21 13:45:12,183 - V2Scraper - INFO -   ID 356: 2 missing images, but no anime_id
2026-07-21 13:45:12,183 - V2Scraper - INFO -   ID 357: 14 missing images, but no anime_id
2026-07-21 13:45:12,184 - V2Scraper - INFO -   ID 359: 4 missing images, but no anime_id
2026-07-21 13:45:12,189 - V2Scraper - INFO -   ID 367: 17 missing images, but no anime_id
2026-07-21 13:45:12,191 - V2Scraper - INFO -   ID 370: 2 missing images, but no anime_id
2026-07-21 13:45:12,192 - V2Scraper - INFO -   ID 371: 68 missing images, but no anime_id
2026-07-21 13:45:12,193 - V2Scraper - INFO -   ID 372: 3 missing images, but no anime_id
2026-07-21 13:45:12,194 - V2Scraper - INFO -   ID 375: 3 missing images, but no anime_id
2026-07-21 13:45:12,195 - V2Scraper - INFO -   ID 377: 1 missing images, but no anime_id
2026-07-21 13:45:12,197 - V2Scraper - INFO -   ID 380: 21 missing images, but no anime_id
2026-07-21 13:45:12,199 - V2Scraper - INFO -   ID 383: 2 missing images, but no anime_id
2026-07-21 13:45:12,201 - V2Scraper - INFO -   ID 385: 2 missing images, but no anime_id
2026-07-21 13:45:12,202 - V2Scraper - INFO -   ID 387: 1 missing images, but no anime_id
2026-07-21 13:45:12,206 - V2Scraper - INFO -   ID 393: 1 missing images, but no anime_id
2026-07-21 13:45:12,207 - V2Scraper - INFO -   ID 394: 1 missing images, but no anime_id
2026-07-21 13:45:12,210 - V2Scraper - INFO -   ID 398: 1 missing images, but no anime_id
2026-07-21 13:45:12,217 - V2Scraper - INFO -   ID 412: 15 missing images, but no anime_id
2026-07-21 13:45:12,220 - V2Scraper - INFO -   ID 419: 25 missing images, but no anime_id
2026-07-21 13:45:12,222 - V2Scraper - INFO -   ID 422: 3 missing images, but no anime_id
2026-07-21 13:45:12,223 - V2Scraper - INFO -   ID 424: 23 missing images, but no anime_id
2026-07-21 13:45:12,224 - V2Scraper - INFO -   ID 426: 1 missing images, but no anime_id
2026-07-21 13:45:12,227 - V2Scraper - INFO -   ID 432: 1 missing images, but no anime_id
2026-07-21 13:45:12,230 - V2Scraper - INFO -   ID 436: 5 missing images, but no anime_id
2026-07-21 13:45:12,231 - V2Scraper - INFO -   ID 439: 3 missing images, but no anime_id
2026-07-21 13:45:12,232 - V2Scraper - INFO -   ID 444: 7 missing images, but no anime_id
2026-07-21 13:45:12,233 - V2Scraper - INFO -   ID 445: 15 missing images, but no anime_id
2026-07-21 13:45:12,234 - V2Scraper - INFO -   ID 447: 2 missing images, but no anime_id
2026-07-21 13:45:12,235 - V2Scraper - INFO -   ID 448: 1 missing images, but no anime_id
2026-07-21 13:45:12,243 - V2Scraper - INFO -   ID 461: 1 missing images, but no anime_id
2026-07-21 13:45:12,244 - V2Scraper - INFO -   ID 463: 2 missing images, but no anime_id
2026-07-21 13:45:12,245 - V2Scraper - INFO -   ID 464: 4 missing images, but no anime_id
2026-07-21 13:45:12,245 - V2Scraper - INFO -   ID 465: 1 missing images, but no anime_id
2026-07-21 13:45:12,247 - V2Scraper - INFO -   ID 467: 6 missing images, but no anime_id
2026-07-21 13:45:12,248 - V2Scraper - INFO -   ID 469: 3 missing images, but no anime_id
2026-07-21 13:45:12,249 - V2Scraper - INFO -   ID 470: 1 missing images, but no anime_id
2026-07-21 13:45:12,251 - V2Scraper - INFO -   ID 473: 1 missing images, but no anime_id
2026-07-21 13:45:12,252 - V2Scraper - INFO -   ID 474: 1 missing images, but no anime_id
2026-07-21 13:45:12,252 - V2Scraper - INFO -   ID 475: 6 missing images, but no anime_id
2026-07-21 13:45:12,254 - V2Scraper - INFO -   ID 477: 1 missing images, but no anime_id
2026-07-21 13:45:12,260 - V2Scraper - INFO -   ID 49: 1 missing images, but no anime_id
2026-07-21 13:45:12,262 - V2Scraper - INFO -   ID 494: 1 missing images, but no anime_id
2026-07-21 13:45:12,265 - V2Scraper - INFO -   ID 50: 3 missing images, but no anime_id
2026-07-21 13:45:12,267 - V2Scraper - INFO -   ID 503: 4 missing images, but no anime_id
2026-07-21 13:45:12,274 - V2Scraper - INFO -   ID 513: 4 missing images, but no anime_id
2026-07-21 13:45:12,275 - V2Scraper - INFO -   ID 514: 11 missing images, but no anime_id
2026-07-21 13:45:12,279 - V2Scraper - INFO -   ID 519: 1 missing images, but no anime_id
2026-07-21 13:45:12,281 - V2Scraper - INFO -   ID 521: 2 missing images, but no anime_id
2026-07-21 13:45:12,284 - V2Scraper - INFO -   ID 524: 1 missing images, but no anime_id
2026-07-21 13:45:12,291 - V2Scraper - INFO -   ID 535: 1 missing images, but no anime_id
2026-07-21 13:45:12,293 - V2Scraper - INFO -   ID 538: 7 missing images, but no anime_id
2026-07-21 13:45:12,294 - V2Scraper - INFO -   ID 539: 6 missing images, but no anime_id
2026-07-21 13:45:12,294 - V2Scraper - INFO -   ID 54: 1 missing images, but no anime_id
2026-07-21 13:45:12,295 - V2Scraper - INFO -   ID 540: 1 missing images, but no anime_id
2026-07-21 13:45:12,296 - V2Scraper - INFO -   ID 542: 7 missing images, but no anime_id
2026-07-21 13:45:12,297 - V2Scraper - INFO -   ID 543: 2 missing images, but no anime_id
2026-07-21 13:45:12,299 - V2Scraper - INFO -   ID 546: 1 missing images, but no anime_id
2026-07-21 13:45:12,301 - V2Scraper - INFO -   ID 549: 1 missing images, but no anime_id
2026-07-21 13:45:12,305 - V2Scraper - INFO -   ID 556: 3 missing images, but no anime_id
2026-07-21 13:45:12,306 - V2Scraper - INFO -   ID 557: 11 missing images, but no anime_id
2026-07-21 13:45:12,308 - V2Scraper - INFO -   ID 561: 63 missing images, but no anime_id
2026-07-21 13:45:12,310 - V2Scraper - INFO -   ID 564: 2 missing images, but no anime_id
2026-07-21 13:45:12,311 - V2Scraper - INFO -   ID 565: 148 missing images, but no anime_id
2026-07-21 13:45:12,315 - V2Scraper - INFO -   ID 573: 3 missing images, but no anime_id
2026-07-21 13:45:12,330 - V2Scraper - INFO -   ID 595: 1 missing images, but no anime_id
2026-07-21 13:45:12,332 - V2Scraper - INFO -   ID 5967: 2 missing images, but no anime_id
2026-07-21 13:45:12,335 - V2Scraper - INFO -   ID 5990: 1 missing images, but no anime_id
2026-07-21 13:45:12,335 - V2Scraper - INFO -   ID 5996: 1 missing images, but no anime_id
2026-07-21 13:45:12,336 - V2Scraper - INFO -   ID 5997: 1 missing images, but no anime_id
2026-07-21 13:45:12,336 - V2Scraper - INFO -   ID 6002: 2 missing images, but no anime_id
2026-07-21 13:45:12,338 - V2Scraper - INFO -   ID 601: 1 missing images, but no anime_id
2026-07-21 13:45:12,341 - V2Scraper - INFO -   ID 604: 1 missing images, but no anime_id
2026-07-21 13:45:12,343 - V2Scraper - INFO -   ID 6055: 3 missing images, but no anime_id
2026-07-21 13:45:12,343 - V2Scraper - INFO -   ID 6057: 4 missing images, but no anime_id
2026-07-21 13:45:12,343 - V2Scraper - INFO -   ID 6058: 99 missing images, but no anime_id
2026-07-21 13:45:12,344 - V2Scraper - INFO -   ID 6060: 6 missing images, but no anime_id
2026-07-21 13:45:12,345 - V2Scraper - INFO -   ID 6066: 1 missing images, but no anime_id
2026-07-21 13:45:12,346 - V2Scraper - INFO -   ID 6067: 29 missing images, but no anime_id
2026-07-21 13:45:12,348 - V2Scraper - INFO -   ID 6090: 6 missing images, but no anime_id
2026-07-21 13:45:12,350 - V2Scraper - INFO -   ID 6116: 1 missing images, but no anime_id
2026-07-21 13:45:12,352 - V2Scraper - INFO -   ID 6131: 29 missing images, but no anime_id
2026-07-21 13:45:12,352 - V2Scraper - INFO -   ID 6133: 13 missing images, but no anime_id
2026-07-21 13:45:12,355 - V2Scraper - INFO -   ID 6152: 1 missing images, but no anime_id
2026-07-21 13:45:12,357 - V2Scraper - INFO -   ID 6178: 35 missing images, but no anime_id
2026-07-21 13:45:12,357 - V2Scraper - INFO -   ID 6179: 3 missing images, but no anime_id
2026-07-21 13:45:12,360 - V2Scraper - INFO -   ID 620: 2 missing images, but no anime_id
2026-07-21 13:45:12,365 - V2Scraper - INFO -   ID 625: 4 missing images, but no anime_id
2026-07-21 13:45:12,369 - V2Scraper - INFO -   ID 626: 3 missing images, but no anime_id
2026-07-21 13:45:12,370 - V2Scraper - INFO -   ID 6265: 3 missing images (anime_id=F5gBooqJ1oVepAqEaLBS)
2026-07-21 13:45:13,804 - V2Scraper - INFO -   RSC: 53 places (28 total unique)
2026-07-21 13:45:13,964 - V2Scraper - INFO - Total extracted: 28 places
2026-07-21 13:45:15,968 - V2Scraper - INFO -   ID 627: 1 missing images, but no anime_id
2026-07-21 13:45:15,973 - V2Scraper - INFO -   ID 6300: 1 missing images (anime_id=OaKLJatdGQqtkk4SZWdB)
2026-07-21 13:45:17,245 - V2Scraper - INFO -   RSC: 50 places (26 total unique)
2026-07-21 13:45:17,389 - V2Scraper - INFO - Total extracted: 26 places
2026-07-21 13:45:19,393 - V2Scraper - INFO -   ID 631: 4 missing images, but no anime_id
2026-07-21 13:45:19,398 - V2Scraper - INFO -   ID 635: 1 missing images, but no anime_id
2026-07-21 13:45:19,401 - V2Scraper - INFO -   ID 637: 1 missing images, but no anime_id
2026-07-21 13:45:19,410 - V2Scraper - INFO -   ID 645: 2 missing images, but no anime_id
2026-07-21 13:45:19,411 - V2Scraper - INFO -   ID 6457: 1 missing images (anime_id=w5KAbfUc7AIQc5Qv4hEM)
2026-07-21 13:45:20,745 - V2Scraper - INFO -   RSC: 71 places (48 total unique)
2026-07-21 13:45:20,895 - V2Scraper - INFO - Total extracted: 48 places
2026-07-21 13:45:22,901 - V2Scraper - INFO -   ID 6488: 1 missing images, but no anime_id
2026-07-21 13:45:22,902 - V2Scraper - INFO -   ID 6489: 1 missing images, but no anime_id
2026-07-21 13:45:22,902 - V2Scraper - INFO -   ID 6492: 5 missing images, but no anime_id
2026-07-21 13:45:22,902 - V2Scraper - INFO -   ID 6493: 2 missing images, but no anime_id
2026-07-21 13:45:22,903 - V2Scraper - INFO -   ID 6494: 4 missing images, but no anime_id
2026-07-21 13:45:22,903 - V2Scraper - INFO -   ID 6495: 2 missing images, but no anime_id
2026-07-21 13:45:22,903 - V2Scraper - INFO -   ID 6497: 1 missing images, but no anime_id
2026-07-21 13:45:22,904 - V2Scraper - INFO -   ID 650: 27 missing images, but no anime_id
2026-07-21 13:45:22,904 - V2Scraper - INFO -   ID 6501: 2 missing images, but no anime_id
2026-07-21 13:45:22,904 - V2Scraper - INFO -   ID 6505: 1 missing images, but no anime_id
2026-07-21 13:45:22,904 - V2Scraper - INFO -   ID 6506: 1 missing images, but no anime_id
2026-07-21 13:45:22,904 - V2Scraper - INFO -   ID 6507: 1 missing images, but no anime_id
2026-07-21 13:45:22,905 - V2Scraper - INFO -   ID 6510: 1 missing images, but no anime_id
2026-07-21 13:45:22,905 - V2Scraper - INFO -   ID 6512: 1 missing images, but no anime_id
2026-07-21 13:45:22,905 - V2Scraper - INFO -   ID 6513: 1 missing images, but no anime_id
2026-07-21 13:45:22,905 - V2Scraper - INFO -   ID 6515: 1 missing images, but no anime_id
2026-07-21 13:45:22,906 - V2Scraper - INFO -   ID 6516: 2 missing images, but no anime_id
2026-07-21 13:45:22,906 - V2Scraper - INFO -   ID 6518: 2 missing images, but no anime_id
2026-07-21 13:45:22,906 - V2Scraper - INFO -   ID 6519: 1 missing images, but no anime_id
2026-07-21 13:45:22,906 - V2Scraper - INFO -   ID 6520: 1 missing images, but no anime_id
2026-07-21 13:45:22,906 - V2Scraper - INFO -   ID 6521: 1 missing images, but no anime_id
2026-07-21 13:45:22,907 - V2Scraper - INFO -   ID 6522: 2 missing images, but no anime_id
2026-07-21 13:45:22,907 - V2Scraper - INFO -   ID 6523: 2 missing images, but no anime_id
2026-07-21 13:45:22,907 - V2Scraper - INFO -   ID 6527: 1 missing images, but no anime_id
2026-07-21 13:45:22,907 - V2Scraper - INFO -   ID 6528: 2 missing images, but no anime_id
2026-07-21 13:45:22,908 - V2Scraper - INFO -   ID 653: 5 missing images, but no anime_id
2026-07-21 13:45:22,909 - V2Scraper - INFO -   ID 6542: 3 missing images, but no anime_id
2026-07-21 13:45:22,909 - V2Scraper - INFO -   ID 6543: 14 missing images, but no anime_id
2026-07-21 13:45:22,913 - V2Scraper - INFO -   ID 6548: 195 missing images, but no anime_id
2026-07-21 13:45:22,914 - V2Scraper - INFO -   ID 6553: 2 missing images, but no anime_id
2026-07-21 13:45:22,917 - V2Scraper - INFO -   ID 6565: 47 missing images, but no anime_id
2026-07-21 13:45:22,917 - V2Scraper - INFO -   ID 657: 2 missing images, but no anime_id
2026-07-21 13:45:22,918 - V2Scraper - INFO -   ID 6575: 7 missing images, but no anime_id
2026-07-21 13:45:22,920 - V2Scraper - INFO -   ID 6589: 1 missing images, but no anime_id
2026-07-21 13:45:22,920 - V2Scraper - INFO -   ID 6590: 1 missing images, but no anime_id
2026-07-21 13:45:22,920 - V2Scraper - INFO -   ID 6591: 5 missing images, but no anime_id
2026-07-21 13:45:22,921 - V2Scraper - INFO -   ID 6592: 1 missing images, but no anime_id
2026-07-21 13:45:22,921 - V2Scraper - INFO -   ID 6595: 1 missing images, but no anime_id
2026-07-21 13:45:22,922 - V2Scraper - INFO -   ID 66: 153 missing images, but no anime_id
2026-07-21 13:45:22,924 - V2Scraper - INFO -   ID 6605: 1 missing images, but no anime_id
2026-07-21 13:45:22,924 - V2Scraper - INFO -   ID 6607: 13 missing images, but no anime_id
2026-07-21 13:45:22,925 - V2Scraper - INFO -   ID 661: 60 missing images, but no anime_id
2026-07-21 13:45:22,925 - V2Scraper - INFO -   ID 6614: 23 missing images, but no anime_id
2026-07-21 13:45:22,927 - V2Scraper - INFO -   ID 6621: 27 missing images, but no anime_id
2026-07-21 13:45:22,929 - V2Scraper - INFO -   ID 6629: 7 missing images, but no anime_id
2026-07-21 13:45:22,929 - V2Scraper - INFO -   ID 6630: 9 missing images, but no anime_id
2026-07-21 13:45:22,930 - V2Scraper - INFO -   ID 6637: 88 missing images, but no anime_id
2026-07-21 13:45:22,936 - V2Scraper - INFO -   ID 667: 1 missing images, but no anime_id
2026-07-21 13:45:22,936 - V2Scraper - INFO -   ID 6672: 1 missing images, but no anime_id
2026-07-21 13:45:22,936 - V2Scraper - INFO -   ID 6673: 36 missing images, but no anime_id
2026-07-21 13:45:22,940 - V2Scraper - INFO -   ID 6694: 19 missing images, but no anime_id
2026-07-21 13:45:22,941 - V2Scraper - INFO -   ID 6700: 6 missing images, but no anime_id
2026-07-21 13:45:22,941 - V2Scraper - INFO -   ID 6705: 2 missing images, but no anime_id
2026-07-21 13:45:22,943 - V2Scraper - INFO -   ID 6711: 1 missing images, but no anime_id
2026-07-21 13:45:22,944 - V2Scraper - INFO -   ID 6713: 23 missing images, but no anime_id
2026-07-21 13:45:22,944 - V2Scraper - INFO -   ID 6717: 10 missing images, but no anime_id
2026-07-21 13:45:22,945 - V2Scraper - INFO -   ID 6722: 42 missing images, but no anime_id
2026-07-21 13:45:22,945 - V2Scraper - INFO -   ID 6724: 4 missing images, but no anime_id
2026-07-21 13:45:22,946 - V2Scraper - INFO -   ID 6729: 2 missing images, but no anime_id
2026-07-21 13:45:22,946 - V2Scraper - INFO -   ID 6732: 5 missing images, but no anime_id
2026-07-21 13:45:22,947 - V2Scraper - INFO -   ID 6737: 13 missing images, but no anime_id
2026-07-21 13:45:22,947 - V2Scraper - INFO -   ID 6738: 7 missing images, but no anime_id
2026-07-21 13:45:22,949 - V2Scraper - INFO -   ID 6757: 2 missing images, but no anime_id
2026-07-21 13:45:22,949 - V2Scraper - INFO -   ID 6760: 21 missing images, but no anime_id
2026-07-21 13:45:22,950 - V2Scraper - INFO -   ID 6773: 4 missing images, but no anime_id
2026-07-21 13:45:22,951 - V2Scraper - INFO -   ID 6783: 2 missing images, but no anime_id
2026-07-21 13:45:22,952 - V2Scraper - INFO -   ID 6793: 1 missing images, but no anime_id
2026-07-21 13:45:22,953 - V2Scraper - INFO -   ID 6798: 5 missing images (anime_id=Dts24mB9vQ2lpeOlu0sm)
2026-07-21 13:45:24,266 - V2Scraper - INFO -   RSC: 11 places (6 total unique)
2026-07-21 13:45:24,404 - V2Scraper - INFO -   Posts API: 1 user-uploaded places
2026-07-21 13:45:24,404 - V2Scraper - INFO -   API: 1 user-uploaded places (6 total unique)
2026-07-21 13:45:24,404 - V2Scraper - INFO - Total extracted: 6 places
2026-07-21 13:45:26,407 - V2Scraper - INFO -   ID 68: 2 missing images, but no anime_id
2026-07-21 13:45:26,407 - V2Scraper - INFO -   ID 6800: 1 missing images, but no anime_id
2026-07-21 13:45:26,408 - V2Scraper - INFO -   ID 6803: 1 missing images, but no anime_id
2026-07-21 13:45:26,409 - V2Scraper - INFO -   ID 6812: 7 missing images, but no anime_id
2026-07-21 13:45:26,409 - V2Scraper - INFO -   ID 6813: 11 missing images, but no anime_id
2026-07-21 13:45:26,409 - V2Scraper - INFO -   ID 6814: 13 missing images, but no anime_id
2026-07-21 13:45:26,410 - V2Scraper - INFO -   ID 6815: 36 missing images, but no anime_id
2026-07-21 13:45:26,411 - V2Scraper - INFO -   ID 6826: 1 missing images, but no anime_id
2026-07-21 13:45:26,412 - V2Scraper - INFO -   ID 6832: 2 missing images, but no anime_id
2026-07-21 13:45:26,412 - V2Scraper - INFO -   ID 6839: 8 missing images (anime_id=Q5sGWTURXZRsHIhzUbAH)
2026-07-21 13:45:27,719 - V2Scraper - INFO -   RSC: 18 places (9 total unique)
2026-07-21 13:45:27,867 - V2Scraper - INFO -   Posts API: 1 user-uploaded places
2026-07-21 13:45:27,867 - V2Scraper - INFO -   API: 1 user-uploaded places (9 total unique)
2026-07-21 13:45:27,867 - V2Scraper - INFO - Total extracted: 9 places
2026-07-21 13:45:29,870 - V2Scraper - INFO -   ID 684: 2 missing images, but no anime_id
2026-07-21 13:45:29,870 - V2Scraper - INFO -   ID 6844: 43 missing images, but no anime_id
2026-07-21 13:45:29,871 - V2Scraper - INFO -   ID 6845: 12 missing images, but no anime_id
2026-07-21 13:45:29,871 - V2Scraper - INFO -   ID 6846: 17 missing images, but no anime_id
2026-07-21 13:45:29,871 - V2Scraper - INFO -   ID 6847: 6 missing images, but no anime_id
2026-07-21 13:45:29,871 - V2Scraper - INFO -   ID 6848: 5 missing images, but no anime_id
2026-07-21 13:45:29,871 - V2Scraper - INFO -   ID 6849: 17 missing images, but no anime_id
2026-07-21 13:45:29,872 - V2Scraper - INFO -   ID 6850: 6 missing images, but no anime_id
2026-07-21 13:45:29,872 - V2Scraper - INFO -   ID 6851: 14 missing images, but no anime_id
2026-07-21 13:45:29,872 - V2Scraper - INFO -   ID 6852: 14 missing images, but no anime_id
2026-07-21 13:45:29,872 - V2Scraper - INFO -   ID 6853: 12 missing images, but no anime_id
2026-07-21 13:45:29,873 - V2Scraper - INFO -   ID 6854: 12 missing images, but no anime_id
2026-07-21 13:45:29,873 - V2Scraper - INFO -   ID 6855: 33 missing images, but no anime_id
2026-07-21 13:45:29,873 - V2Scraper - INFO -   ID 6856: 10 missing images, but no anime_id
2026-07-21 13:45:29,873 - V2Scraper - INFO -   ID 6857: 43 missing images, but no anime_id
2026-07-21 13:45:29,873 - V2Scraper - INFO -   ID 6858: 6 missing images, but no anime_id
2026-07-21 13:45:29,874 - V2Scraper - INFO -   ID 6859: 14 missing images, but no anime_id
2026-07-21 13:45:29,874 - V2Scraper - INFO -   ID 6860: 8 missing images, but no anime_id
2026-07-21 13:45:29,874 - V2Scraper - INFO -   ID 6861: 7 missing images, but no anime_id
2026-07-21 13:45:29,874 - V2Scraper - INFO -   ID 6862: 4 missing images, but no anime_id
2026-07-21 13:45:29,874 - V2Scraper - INFO -   ID 6863: 2 missing images, but no anime_id
2026-07-21 13:45:29,875 - V2Scraper - INFO -   ID 6864: 3 missing images, but no anime_id
2026-07-21 13:45:29,875 - V2Scraper - INFO -   ID 6865: 2 missing images, but no anime_id
2026-07-21 13:45:29,875 - V2Scraper - INFO -   ID 6866: 1 missing images, but no anime_id
2026-07-21 13:45:29,875 - V2Scraper - INFO -   ID 6867: 6 missing images, but no anime_id
2026-07-21 13:45:29,875 - V2Scraper - INFO -   ID 6868: 5 missing images, but no anime_id
2026-07-21 13:45:29,876 - V2Scraper - INFO -   ID 6869: 1 missing images, but no anime_id
2026-07-21 13:45:29,876 - V2Scraper - INFO -   ID 6870: 5 missing images, but no anime_id
2026-07-21 13:45:29,876 - V2Scraper - INFO -   ID 6871: 4 missing images, but no anime_id
2026-07-21 13:45:29,876 - V2Scraper - INFO -   ID 6872: 4 missing images, but no anime_id
2026-07-21 13:45:29,877 - V2Scraper - INFO -   ID 6873: 15 missing images, but no anime_id
2026-07-21 13:45:29,877 - V2Scraper - INFO -   ID 6874: 3 missing images, but no anime_id
2026-07-21 13:45:29,877 - V2Scraper - INFO -   ID 6875: 1 missing images, but no anime_id
2026-07-21 13:45:29,877 - V2Scraper - INFO -   ID 6876: 5 missing images, but no anime_id
2026-07-21 13:45:29,877 - V2Scraper - INFO -   ID 6877: 5 missing images, but no anime_id
2026-07-21 13:45:29,877 - V2Scraper - INFO -   ID 6878: 2 missing images, but no anime_id
2026-07-21 13:45:29,878 - V2Scraper - INFO -   ID 6879: 10 missing images, but no anime_id
2026-07-21 13:45:29,878 - V2Scraper - INFO -   ID 6880: 1 missing images, but no anime_id
2026-07-21 13:45:29,878 - V2Scraper - INFO -   ID 6881: 14 missing images, but no anime_id
2026-07-21 13:45:29,879 - V2Scraper - INFO -   ID 6882: 28 missing images, but no anime_id
2026-07-21 13:45:29,879 - V2Scraper - INFO -   ID 6883: 2 missing images, but no anime_id
2026-07-21 13:45:29,879 - V2Scraper - INFO -   ID 6884: 3 missing images, but no anime_id
2026-07-21 13:45:29,879 - V2Scraper - INFO -   ID 6885: 4 missing images, but no anime_id
2026-07-21 13:45:29,879 - V2Scraper - INFO -   ID 6886: 6 missing images, but no anime_id
2026-07-21 13:45:29,879 - V2Scraper - INFO -   ID 6887: 8 missing images, but no anime_id
2026-07-21 13:45:29,880 - V2Scraper - INFO -   ID 6888: 4 missing images, but no anime_id
2026-07-21 13:45:29,880 - V2Scraper - INFO -   ID 6889: 37 missing images, but no anime_id
2026-07-21 13:45:29,880 - V2Scraper - INFO -   ID 6890: 9 missing images, but no anime_id
2026-07-21 13:45:29,880 - V2Scraper - INFO -   ID 6891: 9 missing images, but no anime_id
2026-07-21 13:45:29,880 - V2Scraper - INFO -   ID 6892: 10 missing images, but no anime_id
2026-07-21 13:45:29,881 - V2Scraper - INFO -   ID 6893: 10 missing images, but no anime_id
2026-07-21 13:45:29,881 - V2Scraper - INFO -   ID 6894: 14 missing images, but no anime_id
2026-07-21 13:45:29,881 - V2Scraper - INFO -   ID 6895: 42 missing images, but no anime_id
2026-07-21 13:45:29,881 - V2Scraper - INFO -   ID 6896: 47 missing images, but no anime_id
2026-07-21 13:45:29,881 - V2Scraper - INFO -   ID 6897: 15 missing images, but no anime_id
2026-07-21 13:45:29,882 - V2Scraper - INFO -   ID 6898: 7 missing images, but no anime_id
2026-07-21 13:45:29,882 - V2Scraper - INFO -   ID 6899: 80 missing images, but no anime_id
2026-07-21 13:45:29,883 - V2Scraper - INFO -   ID 69: 1 missing images, but no anime_id
2026-07-21 13:45:29,883 - V2Scraper - INFO -   ID 6900: 1 missing images, but no anime_id
2026-07-21 13:45:29,883 - V2Scraper - INFO -   ID 6901: 2 missing images, but no anime_id
2026-07-21 13:45:29,883 - V2Scraper - INFO -   ID 6902: 15 missing images, but no anime_id
2026-07-21 13:45:29,884 - V2Scraper - INFO -   ID 6903: 18 missing images, but no anime_id
2026-07-21 13:45:29,884 - V2Scraper - INFO -   ID 6904: 60 missing images, but no anime_id
2026-07-21 13:45:29,884 - V2Scraper - INFO -   ID 6905: 5 missing images, but no anime_id
2026-07-21 13:45:29,884 - V2Scraper - INFO -   ID 6906: 52 missing images, but no anime_id
2026-07-21 13:45:29,884 - V2Scraper - INFO -   ID 6907: 5 missing images, but no anime_id
2026-07-21 13:45:29,885 - V2Scraper - INFO -   ID 6908: 6 missing images, but no anime_id
2026-07-21 13:45:29,885 - V2Scraper - INFO -   ID 6909: 2 missing images, but no anime_id
2026-07-21 13:45:29,886 - V2Scraper - INFO -   ID 6910: 5 missing images, but no anime_id
2026-07-21 13:45:29,886 - V2Scraper - INFO -   ID 6911: 35 missing images, but no anime_id
2026-07-21 13:45:29,886 - V2Scraper - INFO -   ID 6912: 62 missing images, but no anime_id
2026-07-21 13:45:29,886 - V2Scraper - INFO -   ID 6913: 3 missing images, but no anime_id
2026-07-21 13:45:29,887 - V2Scraper - INFO -   ID 6920: 3 missing images (anime_id=fNMHHPGHtnQ928juROn7)
2026-07-21 13:45:31,085 - V2Scraper - INFO -   RSC: 6 places (3 total unique)
2026-07-21 13:45:31,229 - V2Scraper - INFO -   Posts API: 3 user-uploaded places
2026-07-21 13:45:31,230 - V2Scraper - INFO -   API: 3 user-uploaded places (3 total unique)
2026-07-21 13:45:31,230 - V2Scraper - INFO - Total extracted: 3 places
2026-07-21 13:45:33,232 - V2Scraper - INFO -   ID 6921: 1 missing images (anime_id=ztYqVosnEOhoNlPRvVCo)
2026-07-21 13:45:34,457 - V2Scraper - INFO -   RSC: 2 places (1 total unique)
2026-07-21 13:45:34,601 - V2Scraper - INFO -   Posts API: 1 user-uploaded places
2026-07-21 13:45:34,601 - V2Scraper - INFO -   API: 1 user-uploaded places (1 total unique)
2026-07-21 13:45:34,601 - V2Scraper - INFO - Total extracted: 1 places
2026-07-21 13:45:36,604 - V2Scraper - INFO -   ID 6923: 3 missing images (anime_id=RLvmUUdAaqEDbvILfPsq)
2026-07-21 13:45:37,999 - V2Scraper - INFO -   RSC: 6 places (3 total unique)
2026-07-21 13:45:38,142 - V2Scraper - INFO - Total extracted: 3 places
2026-07-21 13:45:40,145 - V2Scraper - INFO -   ID 6924: 10 missing images (anime_id=txYgEfCLSykeTWemzp22)
2026-07-21 13:45:41,453 - V2Scraper - INFO -   RSC: 28 places (14 total unique)
2026-07-21 13:45:41,601 - V2Scraper - INFO - Total extracted: 14 places
2026-07-21 13:45:43,604 - V2Scraper - INFO -   ID 6925: 5 missing images (anime_id=7qKvxoZi4qfqT9hPApwM)
2026-07-21 13:45:44,914 - V2Scraper - INFO -   RSC: 10 places (5 total unique)
2026-07-21 13:45:45,064 - V2Scraper - INFO -   Posts API: 7 user-uploaded places
2026-07-21 13:45:45,064 - V2Scraper - INFO -   API: 7 user-uploaded places (7 total unique)
2026-07-21 13:45:45,064 - V2Scraper - INFO - Total extracted: 7 places
2026-07-21 13:45:47,067 - V2Scraper - INFO -   ID 6929: 1 missing images, but no anime_id
2026-07-21 13:45:47,068 - V2Scraper - INFO -   ID 6932: 1 missing images (anime_id=KxxurNxXiTegfvduCkyC)
2026-07-21 13:45:48,276 - V2Scraper - INFO -   RSC: 2 places (1 total unique)
2026-07-21 13:45:48,432 - V2Scraper - INFO - Total extracted: 1 places
2026-07-21 13:45:50,437 - V2Scraper - INFO -   ID 704: 7 missing images, but no anime_id
2026-07-21 13:45:50,437 - V2Scraper - INFO -   ID 71: 3 missing images, but no anime_id
2026-07-21 13:45:50,438 - V2Scraper - INFO -   ID 710: 17 missing images, but no anime_id
2026-07-21 13:45:50,440 - V2Scraper - INFO -   ID 73: 1 missing images, but no anime_id
2026-07-21 13:45:50,440 - V2Scraper - INFO -   ID 733: 30 missing images, but no anime_id
2026-07-21 13:45:50,441 - V2Scraper - INFO -   ID 741: 1 missing images, but no anime_id
2026-07-21 13:45:50,443 - V2Scraper - INFO -   ID 75: 3 missing images, but no anime_id
2026-07-21 13:45:50,444 - V2Scraper - INFO -   ID 753: 1 missing images, but no anime_id
2026-07-21 13:45:50,445 - V2Scraper - INFO -   ID 756: 6 missing images, but no anime_id
2026-07-21 13:45:50,445 - V2Scraper - INFO -   ID 757: 1 missing images, but no anime_id
2026-07-21 13:45:50,447 - V2Scraper - INFO -   ID 77: 5 missing images, but no anime_id
2026-07-21 13:45:50,447 - V2Scraper - INFO -   ID 778: 7 missing images, but no anime_id
2026-07-21 13:45:50,448 - V2Scraper - INFO -   ID 784: 5 missing images, but no anime_id
2026-07-21 13:45:50,449 - V2Scraper - INFO -   ID 79: 5 missing images, but no anime_id
2026-07-21 13:45:50,452 - V2Scraper - INFO -   ID 797: 4 missing images, but no anime_id
2026-07-21 13:45:50,453 - V2Scraper - INFO -   ID 809: 1 missing images, but no anime_id
2026-07-21 13:45:50,453 - V2Scraper - INFO -   ID 81: 52 missing images, but no anime_id
2026-07-21 13:45:50,455 - V2Scraper - INFO -   ID 816: 17 missing images, but no anime_id
2026-07-21 13:45:50,457 - V2Scraper - INFO -   ID 83: 6 missing images, but no anime_id
2026-07-21 13:45:50,461 - V2Scraper - INFO -   ID 834: 3 missing images, but no anime_id
2026-07-21 13:45:50,461 - V2Scraper - INFO -   ID 836: 13 missing images, but no anime_id
2026-07-21 13:45:50,462 - V2Scraper - INFO -   ID 844: 2 missing images, but no anime_id
2026-07-21 13:45:50,462 - V2Scraper - INFO -   ID 846: 15 missing images, but no anime_id
2026-07-21 13:45:50,463 - V2Scraper - INFO -   ID 851: 2 missing images, but no anime_id
2026-07-21 13:45:50,463 - V2Scraper - INFO -   ID 854: 1 missing images, but no anime_id
2026-07-21 13:45:50,468 - V2Scraper - INFO -   ID 872: 2 missing images, but no anime_id
2026-07-21 13:45:50,471 - V2Scraper - INFO -   ID 878: 1 missing images, but no anime_id
2026-07-21 13:45:50,472 - V2Scraper - INFO -   ID 881: 3 missing images, but no anime_id
2026-07-21 13:45:50,473 - V2Scraper - INFO -   ID 887: 2 missing images, but no anime_id
2026-07-21 13:45:50,474 - V2Scraper - INFO -   ID 89: 52 missing images, but no anime_id
2026-07-21 13:45:50,477 - V2Scraper - INFO -   ID 9: 13 missing images, but no anime_id
2026-07-21 13:45:50,479 - V2Scraper - INFO -   ID 912: 1 missing images, but no anime_id
2026-07-21 13:45:50,480 - V2Scraper - INFO -   ID 920: 16 missing images, but no anime_id
2026-07-21 13:45:50,481 - V2Scraper - INFO -   ID 924: 27 missing images, but no anime_id
2026-07-21 13:45:50,483 - V2Scraper - INFO -   ID 94: 11 missing images, but no anime_id
2026-07-21 13:45:50,485 - V2Scraper - INFO -   ID 944: 1 missing images, but no anime_id
2026-07-21 13:45:50,491 - V2Scraper - INFO -   ID 99: 52 missing images, but no anime_id
2026-07-21 13:45:50,494 - V2Scraper - INFO - Backfilled 0 images across 0 anime
2026-07-22 13:46:02,659 - V2Scraper - INFO - ============================================================
2026-07-22 13:46:02,659 - V2Scraper - INFO - Anime Pilgrimage V2 Scraper - Starting
2026-07-22 13:46:02,659 - V2Scraper - INFO - ============================================================
2026-07-22 13:46:02,659 - V2Scraper - INFO - Fetching anime list from sitemap.xml...
2026-07-22 13:46:05,859 - V2Scraper - INFO - Sitemap: 292 anime
2026-07-22 13:46:05,859 - V2Scraper - INFO - Found 292 anime
2026-07-22 13:46:05,859 - V2Scraper - INFO -   1. Days With My Stepsister (04krYkLnGxdyZnphVjQD)
2026-07-22 13:46:05,859 - V2Scraper - INFO -   2. Tonikawa (0AvGlAgPpCxpeHIuaJPN)
2026-07-22 13:46:05,859 - V2Scraper - INFO -   3. Girls Band Cry (0MKV87agZS5NoAaTX6B0)
2026-07-22 13:46:05,859 - V2Scraper - INFO -   4. Tokyo Revengers (0eav7fRw7FpJyEOwfQKl)
2026-07-22 13:46:05,860 - V2Scraper - INFO -   5. Jujutsu Kaisen 1 (0krqHxVPwJzgjw4B5AJN)
2026-07-22 13:46:05,860 - V2Scraper - INFO -   ... and 287 more
2026-07-22 13:46:05,860 - V2Scraper - INFO - Will scrape 292 anime
2026-07-22 13:46:05,906 - V2Scraper - INFO - 
[1/292] Days With My Stepsister (04krYkLnGxdyZnphVjQD)
2026-07-22 13:46:05,906 - V2Scraper - INFO -   Already exists (ID 6198), checking for updates...
2026-07-22 13:46:05,907 - V2Scraper - INFO -   Existing points: 21
2026-07-22 13:46:07,375 - V2Scraper - INFO -   RSC: 41 places (21 total unique)
2026-07-22 13:46:07,659 - V2Scraper - INFO - Total extracted: 21 places
2026-07-22 13:46:07,659 - V2Scraper - INFO -   No new points or corrections needed
2026-07-22 13:46:07,659 - V2Scraper - INFO -   No updates needed
2026-07-22 13:46:08,661 - V2Scraper - INFO - 
[2/292] Tonikawa (0AvGlAgPpCxpeHIuaJPN)
2026-07-22 13:46:08,661 - V2Scraper - INFO -   Already exists (ID 6199), checking for updates...
2026-07-22 13:46:08,662 - V2Scraper - INFO -   Existing points: 7
2026-07-22 13:46:09,996 - V2Scraper - INFO -   RSC: 14 places (7 total unique)
2026-07-22 13:46:10,207 - V2Scraper - INFO - Total extracted: 7 places
2026-07-22 13:46:10,207 - V2Scraper - INFO -   No new points or corrections needed
2026-07-22 13:46:10,207 - V2Scraper - INFO -   No updates needed
2026-07-22 13:46:11,208 - V2Scraper - INFO - 
[3/292] Girls Band Cry (0MKV87agZS5NoAaTX6B0)
2026-07-22 13:46:11,208 - V2Scraper - INFO -   Already exists (ID 6200), checking for updates...
2026-07-22 13:46:11,209 - V2Scraper - INFO -   Existing points: 91
2026-07-22 13:46:12,572 - V2Scraper - INFO -   RSC: 112 places (88 total unique)
2026-07-22 13:46:12,795 - V2Scraper - INFO - Total extracted: 88 places
2026-07-22 13:46:12,796 - V2Scraper - INFO -   No new points or corrections needed
2026-07-22 13:46:12,796 - V2Scraper - INFO -   No updates needed
2026-07-22 13:46:13,797 - V2Scraper - INFO - 
[4/292] Tokyo Revengers (0eav7fRw7FpJyEOwfQKl)
2026-07-22 13:46:13,797 - V2Scraper - INFO -   Already exists (ID 6201), checking for updates...
2026-07-22 13:46:13,798 - V2Scraper - INFO -   Existing points: 26
2026-07-22 13:46:15,133 - V2Scraper - INFO -   RSC: 51 places (26 total unique)
2026-07-22 13:46:15,360 - V2Scraper - INFO - Total extracted: 26 places
2026-07-22 13:46:15,360 - V2Scraper - INFO -   No new points or corrections needed
2026-07-22 13:46:15,360 - V2Scraper - INFO -   No updates needed
2026-07-22 13:46:16,362 - V2Scraper - INFO - 
[5/292] Jujutsu Kaisen 1 (0krqHxVPwJzgjw4B5AJN)
2026-07-22 13:46:16,362 - V2Scraper - INFO -   Already exists (ID 6202), checking for updates...
2026-07-22 13:46:16,363 - V2Scraper - INFO -   Existing points: 36
2026-07-22 13:46:17,676 - V2Scraper - INFO -   RSC: 59 places (36 total unique)
2026-07-22 13:46:17,905 - V2Scraper - INFO - Total extracted: 36 places
2026-07-22 13:46:17,905 - V2Scraper - INFO -   No new points or corrections needed
2026-07-22 13:46:17,905 - V2Scraper - INFO -   No updates needed
2026-07-22 13:46:18,907 - V2Scraper - INFO - 
[6/292] Kaguya Sama S1 (0xrJOK7da7qvAXCrTTJ6)
2026-07-22 13:46:18,907 - V2Scraper - INFO -   Already exists (ID 6203), checking for updates...
2026-07-22 13:46:18,907 - V2Scraper - INFO -   Existing points: 15
2026-07-22 13:46:20,174 - V2Scraper - INFO -   RSC: 30 places (15 total unique)
2026-07-22 13:46:20,391 - V2Scraper - INFO - Total extracted: 15 places
2026-07-22 13:46:20,391 - V2Scraper - INFO -   No new points or corrections needed
2026-07-22 13:46:20,391 - V2Scraper - INFO -   No updates needed
2026-07-22 13:46:21,392 - V2Scraper - INFO - 
[7/292] Wonder Egg Priority (1IcHGFHi8jBaDrG3fSQo)
2026-07-22 13:46:21,393 - V2Scraper - INFO -   Already exists (ID 6204), checking for updates...
2026-07-22 13:46:21,393 - V2Scraper - INFO -   Existing points: 39
2026-07-22 13:46:22,718 - V2Scraper - INFO -   RSC: 64 places (39 total unique)
2026-07-22 13:46:22,933 - V2Scraper - INFO - Total extracted: 39 places
2026-07-22 13:46:22,934 - V2Scraper - INFO -   No new points or corrections needed
2026-07-22 13:46:22,934 - V2Scraper - INFO -   No updates needed
2026-07-22 13:46:23,935 - V2Scraper - INFO - 
[8/292] Mashle 2 (1M3MAFU6v1pvBnx8HHEq)
2026-07-22 13:46:23,935 - V2Scraper - INFO -   Already exists (ID 6205), checking for updates...
2026-07-22 13:46:23,937 - V2Scraper - INFO -   Existing points: 8
2026-07-22 13:46:25,197 - V2Scraper - INFO -   RSC: 16 places (8 total unique)
2026-07-22 13:46:25,555 - V2Scraper - INFO - Total extracted: 8 places
2026-07-22 13:46:25,555 - V2Scraper - INFO -   No new points or corrections needed
2026-07-22 13:46:25,555 - V2Scraper - INFO -   No updates needed
2026-07-22 13:46:26,556 - V2Scraper - INFO - 
[9/292] Sound Euphonium Ensemble Contest Arc (1Y4ZSYLqASYfeZRC4q26)
2026-07-22 13:46:26,556 - V2Scraper - INFO -   Already exists (ID 6206), checking for updates...
2026-07-22 13:46:26,557 - V2Scraper - INFO -   Existing points: 4
2026-07-22 13:46:27,784 - V2Scraper - INFO -   RSC: 8 places (4 total unique)
2026-07-22 13:46:27,996 - V2Scraper - INFO - Total extracted: 4 places
2026-07-22 13:46:27,996 - V2Scraper - INFO -   No new points or corrections needed
2026-07-22 13:46:27,997 - V2Scraper - INFO -   No updates needed
2026-07-22 13:46:28,998 - V2Scraper - INFO - 
[10/292] The Day I Became A God (2Qn88kmQZgyF4hkwvH9V)
2026-07-22 13:46:28,998 - V2Scraper - INFO -   Already exists (ID 6207), checking for updates...
2026-07-22 13:46:28,999 - V2Scraper - INFO -   Existing points: 53
2026-07-22 13:46:30,537 - V2Scraper - INFO -   RSC: 77 places (53 total unique)
2026-07-22 13:46:30,741 - V2Scraper - INFO - Total extracted: 53 places
2026-07-22 13:46:30,742 - V2Scraper - INFO -   No new points or corrections needed
2026-07-22 13:46:30,742 - V2Scraper - INFO -   No updates needed
2026-07-22 13:46:31,743 - V2Scraper - INFO - 
[11/292] Blue Orchestra (2fnFUFrnX38hq4LyHjQ9)
2026-07-22 13:46:31,743 - V2Scraper - INFO -   Already exists (ID 6208), checking for updates...
2026-07-22 13:46:31,744 - V2Scraper - INFO -   Existing points: 39
2026-07-22 13:46:33,021 - V2Scraper - INFO -   RSC: 63 places (39 total unique)
2026-07-22 13:46:33,232 - V2Scraper - INFO - Total extracted: 39 places
2026-07-22 13:46:33,233 - V2Scraper - INFO -   No new points or corrections needed
2026-07-22 13:46:33,233 - V2Scraper - INFO -   No updates needed
2026-07-22 13:46:34,234 - V2Scraper - INFO - 
[12/292] Ssss Dynazenon (2jBMuj47DmkLyXspvbb3)
2026-07-22 13:46:34,234 - V2Scraper - INFO -   Already exists (ID 6209), checking for updates...
2026-07-22 13:46:34,235 - V2Scraper - INFO -   Existing points: 18
2026-07-22 13:46:35,531 - V2Scraper - INFO -   RSC: 36 places (18 total unique)
2026-07-22 13:46:35,748 - V2Scraper - INFO - Total extracted: 18 places
2026-07-22 13:46:35,748 - V2Scraper - INFO -   No new points or corrections needed
2026-07-22 13:46:35,749 - V2Scraper - INFO -   No updates needed
2026-07-22 13:46:36,750 - V2Scraper - INFO - 
[13/292] New Game (3aCI73vQcF1oy3bw17Fl)
2026-07-22 13:46:36,750 - V2Scraper - INFO -   Already exists (ID 6210), checking for updates...
2026-07-22 13:46:36,751 - V2Scraper - INFO -   Existing points: 26
2026-07-22 13:46:38,012 - V2Scraper - INFO -   RSC: 50 places (26 total unique)
2026-07-22 13:46:38,236 - V2Scraper - INFO - Total extracted: 26 places
2026-07-22 13:46:38,237 - V2Scraper - INFO -   No new points or corrections needed
2026-07-22 13:46:38,237 - V2Scraper - INFO -   No updates needed
2026-07-22 13:46:39,238 - V2Scraper - INFO - 
[14/292] Amagami Sister (41qdCtiQIC4yNwpe8kWk)
2026-07-22 13:46:39,238 - V2Scraper - INFO -   Already exists (ID 6211), checking for updates...
2026-07-22 13:46:39,239 - V2Scraper - INFO -   Existing points: 49
2026-07-22 13:46:40,523 - V2Scraper - INFO -   RSC: 73 places (49 total unique)
2026-07-22 13:46:40,734 - V2Scraper - INFO - Total extracted: 49 places
2026-07-22 13:46:40,734 - V2Scraper - INFO -   No new points or corrections needed
2026-07-22 13:46:40,734 - V2Scraper - INFO -   No updates needed
2026-07-22 13:46:41,736 - V2Scraper - INFO - 
[15/292] Blue Period (4Dfm522fI1VWDj56dqkN)
2026-07-22 13:46:41,736 - V2Scraper - INFO -   Already exists (ID 6212), checking for updates...
2026-07-22 13:46:41,736 - V2Scraper - INFO -   Existing points: 18
2026-07-22 13:46:42,959 - V2Scraper - INFO -   RSC: 36 places (18 total unique)
2026-07-22 13:46:43,170 - V2Scraper - INFO - Total extracted: 18 places
2026-07-22 13:46:43,171 - V2Scraper - INFO -   No new points or corrections needed
2026-07-22 13:46:43,171 - V2Scraper - INFO -   No updates needed
2026-07-22 13:46:44,172 - V2Scraper - INFO - 
[16/292] Onimai (4aS0VtqJxde7q4nVBDYT)
2026-07-22 13:46:44,172 - V2Scraper - INFO -   Already exists (ID 6213), checking for updates...
2026-07-22 13:46:44,173 - V2Scraper - INFO -   Existing points: 8
2026-07-22 13:46:45,437 - V2Scraper - INFO -   RSC: 16 places (8 total unique)
2026-07-22 13:46:45,665 - V2Scraper - INFO - Total extracted: 8 places
2026-07-22 13:46:45,665 - V2Scraper - INFO -   No new points or corrections needed
2026-07-22 13:46:45,665 - V2Scraper - INFO -   No updates needed
2026-07-22 13:46:46,666 - V2Scraper - INFO - 
[17/292] Dagashi Kashi 2 (4h4wxGAFDIAIb7Aip05j)
2026-07-22 13:46:46,666 - V2Scraper - INFO -   Already exists (ID 6214), checking for updates...
2026-07-22 13:46:46,667 - V2Scraper - INFO -   Existing points: 5
2026-07-22 13:46:47,934 - V2Scraper - INFO -   RSC: 10 places (5 total unique)
2026-07-22 13:46:48,147 - V2Scraper - INFO - Total extracted: 5 places
2026-07-22 13:46:48,147 - V2Scraper - INFO -   No new points or corrections needed
2026-07-22 13:46:48,147 - V2Scraper - INFO -   No updates needed
2026-07-22 13:46:49,149 - V2Scraper - INFO - 
[18/292] Rent A Girlfriend (4qj55JHEmZFWloUisn7T)
2026-07-22 13:46:49,149 - V2Scraper - INFO -   Already exists (ID 6215), checking for updates...
2026-07-22 13:46:49,149 - V2Scraper - INFO -   Existing points: 15
2026-07-22 13:46:50,365 - V2Scraper - INFO -   RSC: 30 places (15 total unique)
2026-07-22 13:46:50,580 - V2Scraper - INFO - Total extracted: 15 places
2026-07-22 13:46:50,580 - V2Scraper - INFO -   No new points or corrections needed
2026-07-22 13:46:50,580 - V2Scraper - INFO -   No updates needed
2026-07-22 13:46:51,581 - V2Scraper - INFO - 
[19/292] Lucky Star (4xqBX6umqSEPcn2i8zGp)
2026-07-22 13:46:51,581 - V2Scraper - INFO -   Already exists (ID 6216), checking for updates...
2026-07-22 13:46:51,582 - V2Scraper - INFO -   Existing points: 55
2026-07-22 13:46:52,856 - V2Scraper - INFO -   RSC: 78 places (54 total unique)
2026-07-22 13:46:53,079 - V2Scraper - INFO - Total extracted: 54 places
2026-07-22 13:46:53,080 - V2Scraper - INFO -   No new points or corrections needed
2026-07-22 13:46:53,080 - V2Scraper - INFO -   No updates needed
2026-07-22 13:46:54,081 - V2Scraper - INFO - 
[20/292] Uma Musume Cinderella Gray (5Um0pl2wIvUA1sxLucet)
2026-07-22 13:46:54,081 - V2Scraper - INFO -   Already exists (ID 6217), checking for updates...
2026-07-22 13:46:54,082 - V2Scraper - INFO -   Existing points: 47
2026-07-22 13:46:55,536 - V2Scraper - INFO -   RSC: 70 places (47 total unique)
2026-07-22 13:46:55,768 - V2Scraper - INFO - Total extracted: 47 places
2026-07-22 13:46:55,769 - V2Scraper - INFO -   No new points or corrections needed
2026-07-22 13:46:55,769 - V2Scraper - INFO -   No updates needed
2026-07-22 13:46:56,770 - V2Scraper - INFO - 
[21/292] Insomniacs After School (5WCOHcONptTxTxp5aVEN)
2026-07-22 13:46:56,770 - V2Scraper - INFO -   Already exists (ID 6218), checking for updates...
2026-07-22 13:46:56,771 - V2Scraper - INFO -   Existing points: 26
2026-07-22 13:46:57,986 - V2Scraper - INFO -   RSC: 50 places (26 total unique)
2026-07-22 13:46:58,214 - V2Scraper - INFO - Total extracted: 26 places
2026-07-22 13:46:58,214 - V2Scraper - INFO -   No new points or corrections needed
2026-07-22 13:46:58,214 - V2Scraper - INFO -   No updates needed
2026-07-22 13:46:59,215 - V2Scraper - INFO - 
[22/292] Oregairu Snafu 3 (5vE1eznAXty26eatfkUr)
2026-07-22 13:46:59,215 - V2Scraper - INFO -   Already exists (ID 6219), checking for updates...
2026-07-22 13:46:59,216 - V2Scraper - INFO -   Existing points: 30
2026-07-22 13:47:00,488 - V2Scraper - INFO -   RSC: 54 places (30 total unique)
2026-07-22 13:47:00,715 - V2Scraper - INFO - Total extracted: 30 places
2026-07-22 13:47:00,716 - V2Scraper - INFO -   No new points or corrections needed
2026-07-22 13:47:00,716 - V2Scraper - INFO -   No updates needed
2026-07-22 13:47:01,717 - V2Scraper - INFO - 
[23/292] Love Live Sunshine (6N67DR42EcjHOgapUH3I)
2026-07-22 13:47:01,717 - V2Scraper - INFO -   Already exists (ID 6220), checking for updates...
2026-07-22 13:47:01,718 - V2Scraper - INFO -   Existing points: 84
2026-07-22 13:47:03,195 - V2Scraper - INFO -   RSC: 107 places (82 total unique)
2026-07-22 13:47:03,407 - V2Scraper - INFO - Total extracted: 82 places
2026-07-22 13:47:03,408 - V2Scraper - INFO -   No new points or corrections needed
2026-07-22 13:47:03,408 - V2Scraper - INFO -   No updates needed
2026-07-22 13:47:04,409 - V2Scraper - INFO - 
[24/292] Yuri On Ice (6cTFY0N0Tckm3bOHJzxT)
2026-07-22 13:47:04,409 - V2Scraper - INFO -   Already exists (ID 6221), checking for updates...
2026-07-22 13:47:04,410 - V2Scraper - INFO -   Existing points: 21
2026-07-22 13:47:05,926 - V2Scraper - INFO -   RSC: 41 places (21 total unique)
2026-07-22 13:47:06,169 - V2Scraper - INFO - Total extracted: 21 places
2026-07-22 13:47:06,170 - V2Scraper - INFO -   No new points or corrections needed
2026-07-22 13:47:06,170 - V2Scraper - INFO -   No updates needed
2026-07-22 13:47:07,171 - V2Scraper - INFO - 
[25/292] Whisper Of The Heart (6l6BPuRhgYMBB6cZQmYY)
2026-07-22 13:47:07,171 - V2Scraper - INFO -   Already exists (ID 6222), checking for updates...
2026-07-22 13:47:07,172 - V2Scraper - INFO -   Existing points: 8
2026-07-22 13:47:08,494 - V2Scraper - INFO -   RSC: 16 places (8 total unique)
2026-07-22 13:47:08,731 - V2Scraper - INFO - Total extracted: 8 places
2026-07-22 13:47:08,731 - V2Scraper - INFO -   No new points or corrections needed
2026-07-22 13:47:08,731 - V2Scraper - INFO -   No updates needed
2026-07-22 13:47:09,733 - V2Scraper - INFO - 
[26/292] Death Note (6tJB3K9VJZUzMkqcnP70)
2026-07-22 13:47:09,733 - V2Scraper - INFO -   Already exists (ID 6223), checking for updates...
2026-07-22 13:47:09,734 - V2Scraper - INFO -   Existing points: 24
2026-07-22 13:47:11,297 - V2Scraper - INFO -   RSC: 47 places (24 total unique)
2026-07-22 13:47:11,518 - V2Scraper - INFO - Total extracted: 24 places
2026-07-22 13:47:11,518 - V2Scraper - INFO -   No new points or corrections needed
2026-07-22 13:47:11,518 - V2Scraper - INFO -   No updates needed
2026-07-22 13:47:12,519 - V2Scraper - INFO - 
[27/292] Grand Blue Dreaming 2 (71R457ymVP7fNC5zV87p)
2026-07-22 13:47:12,520 - V2Scraper - INFO -   Already exists (ID 6224), checking for updates...
2026-07-22 13:47:12,520 - V2Scraper - INFO -   Existing points: 4
2026-07-22 13:47:14,002 - V2Scraper - INFO -   RSC: 8 places (4 total unique)
2026-07-22 13:47:14,228 - V2Scraper - INFO - Total extracted: 4 places
2026-07-22 13:47:14,228 - V2Scraper - INFO -   No new points or corrections needed
2026-07-22 13:47:14,229 - V2Scraper - INFO -   No updates needed
2026-07-22 13:47:15,230 - V2Scraper - INFO - 
[28/292] Natsumes Book Of Friends (78Sd6GOolITNMHjhXe7G)
2026-07-22 13:47:15,230 - V2Scraper - INFO -   Already exists (ID 6225), checking for updates...
2026-07-22 13:47:15,231 - V2Scraper - INFO -   Existing points: 13
2026-07-22 13:47:16,608 - V2Scraper - INFO -   RSC: 26 places (13 total unique)
2026-07-22 13:47:16,836 - V2Scraper - INFO - Total extracted: 13 places
2026-07-22 13:47:16,836 - V2Scraper - INFO -   No new points or corrections needed
2026-07-22 13:47:16,836 - V2Scraper - INFO -   No updates needed
2026-07-22 13:47:17,838 - V2Scraper - INFO - 
[29/292] Fate Stay Night Unlimited Blade Works (7Mb8EsEXGlzHao3g6w6M)
2026-07-22 13:47:17,838 - V2Scraper - INFO -   Already exists (ID 6226), checking for updates...
2026-07-22 13:47:17,838 - V2Scraper - INFO -   Existing points: 14
2026-07-22 13:47:18,999 - V2Scraper - INFO -   RSC: 28 places (14 total unique)
2026-07-22 13:47:19,202 - V2Scraper - INFO - Total extracted: 14 places
2026-07-22 13:47:19,202 - V2Scraper - INFO -   No new points or corrections needed
2026-07-22 13:47:19,203 - V2Scraper - INFO -   No updates needed
2026-07-22 13:47:20,204 - V2Scraper - INFO - 
[30/292] Dropout Idol Fruit Tart (7X8GwlsO7iyhgQXDGEcI)
2026-07-22 13:47:20,204 - V2Scraper - INFO -   Already exists (ID 6227), checking for updates...
2026-07-22 13:47:20,205 - V2Scraper - INFO -   Existing points: 9
2026-07-22 13:47:21,456 - V2Scraper - INFO -   RSC: 17 places (9 total unique)
2026-07-22 13:47:21,695 - V2Scraper - INFO - Total extracted: 9 places
2026-07-22 13:47:21,695 - V2Scraper - INFO -   No new points or corrections needed
2026-07-22 13:47:21,696 - V2Scraper - INFO -   No updates needed
2026-07-22 13:47:22,697 - V2Scraper - INFO - 
[31/292] Hokkaido Gals Are Super Adorable (7hci6sBMlfGq4sAIW9hp)
2026-07-22 13:47:22,697 - V2Scraper - INFO -   Already exists (ID 6228), checking for updates...
2026-07-22 13:47:22,698 - V2Scraper - INFO -   Existing points: 20
2026-07-22 13:47:24,082 - V2Scraper - INFO -   RSC: 39 places (20 total unique)
2026-07-22 13:47:24,305 - V2Scraper - INFO - Total extracted: 20 places
2026-07-22 13:47:24,305 - V2Scraper - INFO -   No new points or corrections needed
2026-07-22 13:47:24,305 - V2Scraper - INFO -   No updates needed
2026-07-22 13:47:25,306 - V2Scraper - INFO - 
[32/292] Fireworks 2017 (7i2GVSJGLkEIJoAzrntM)
2026-07-22 13:47:25,306 - V2Scraper - INFO -   Already exists (ID 6229), checking for updates...
2026-07-22 13:47:25,307 - V2Scraper - INFO -   Existing points: 7
2026-07-22 13:47:26,571 - V2Scraper - INFO -   RSC: 14 places (7 total unique)
2026-07-22 13:47:26,783 - V2Scraper - INFO - Total extracted: 7 places
2026-07-22 13:47:26,783 - V2Scraper - INFO -   No new points or corrections needed
2026-07-22 13:47:26,783 - V2Scraper - INFO -   No updates needed
2026-07-22 13:47:27,784 - V2Scraper - INFO - 
[33/292] Tis Time For Torture Princess (7nPtaNBDbDFBWRVv9dvm)
2026-07-22 13:47:27,784 - V2Scraper - INFO -   Already exists (ID 6230), checking for updates...
2026-07-22 13:47:27,785 - V2Scraper - INFO -   Existing points: 3
2026-07-22 13:47:29,003 - V2Scraper - INFO -   RSC: 6 places (3 total unique)
2026-07-22 13:47:29,212 - V2Scraper - INFO - Total extracted: 3 places
2026-07-22 13:47:29,212 - V2Scraper - INFO -   No new points or corrections needed
2026-07-22 13:47:29,212 - V2Scraper - INFO -   No updates needed
2026-07-22 13:47:30,214 - V2Scraper - INFO - 
[34/292] Date A Live (7qKvxoZi4qfqT9hPApwM)
2026-07-22 13:47:30,214 - V2Scraper - INFO -   Already exists (ID 6925), checking for updates...
2026-07-22 13:47:30,215 - V2Scraper - INFO -   Existing points: 7
2026-07-22 13:47:31,507 - V2Scraper - INFO -   RSC: 17 places (7 total unique)
2026-07-22 13:47:31,725 - V2Scraper - INFO -   Posts API: 7 user-uploaded places
2026-07-22 13:47:31,726 - V2Scraper - INFO -   API: 7 user-uploaded places (7 total unique)
2026-07-22 13:47:31,726 - V2Scraper - INFO - Total extracted: 7 places
2026-07-22 13:47:31,726 - V2Scraper - INFO -   No new points or corrections needed
2026-07-22 13:47:31,726 - V2Scraper - INFO -   No updates needed
2026-07-22 13:47:32,727 - V2Scraper - INFO - 
[35/292] Tari Tari (7uy92cNLDMaXLxP9kiLy)
2026-07-22 13:47:32,727 - V2Scraper - INFO -   Already exists (ID 6231), checking for updates...
2026-07-22 13:47:32,728 - V2Scraper - INFO -   Existing points: 50
2026-07-22 13:47:34,027 - V2Scraper - INFO -   RSC: 75 places (50 total unique)
2026-07-22 13:47:34,250 - V2Scraper - INFO - Total extracted: 50 places
2026-07-22 13:47:34,250 - V2Scraper - INFO -   No new points or corrections needed
2026-07-22 13:47:34,250 - V2Scraper - INFO -   No updates needed
2026-07-22 13:47:35,252 - V2Scraper - INFO - 
[36/292] Steel Ball Run Jojo S Bizarre Adventure 1St Stage (81Yt30qQuWyUxR3evZkx)
2026-07-22 13:47:35,252 - V2Scraper - INFO -   Already exists (ID 6232), checking for updates...
2026-07-22 13:47:35,252 - V2Scraper - INFO -   Existing points: 1
2026-07-22 13:47:36,203 - V2Scraper - INFO -   RSC: 3 places (1 total unique)
2026-07-22 13:47:36,426 - V2Scraper - INFO -   Posts API: 1 user-uploaded places
2026-07-22 13:47:36,426 - V2Scraper - INFO -   API: 1 user-uploaded places (1 total unique)
2026-07-22 13:47:36,426 - V2Scraper - INFO - Total extracted: 1 places
2026-07-22 13:47:36,426 - V2Scraper - INFO -   No new points or corrections needed
2026-07-22 13:47:36,426 - V2Scraper - INFO -   No updates needed
2026-07-22 13:47:37,428 - V2Scraper - INFO - 
[37/292] Hanasaku Iroha (85RF5tAgykz6goUkarZI)
2026-07-22 13:47:37,428 - V2Scraper - INFO -   Already exists (ID 6233), checking for updates...
2026-07-22 13:47:37,429 - V2Scraper - INFO -   Existing points: 48
2026-07-22 13:47:38,774 - V2Scraper - INFO -   RSC: 71 places (48 total unique)
2026-07-22 13:47:38,990 - V2Scraper - INFO - Total extracted: 48 places
2026-07-22 13:47:38,990 - V2Scraper - INFO -   No new points or corrections needed
2026-07-22 13:47:38,990 - V2Scraper - INFO -   No updates needed
2026-07-22 13:47:39,992 - V2Scraper - INFO - 
[38/292] Apocalypse Hotel (85SdTr9RvljF5f8N0BZ6)
2026-07-22 13:47:39,992 - V2Scraper - INFO -   Already exists (ID 6234), checking for updates...
2026-07-22 13:47:39,993 - V2Scraper - INFO -   Existing points: 47
2026-07-22 13:47:41,255 - V2Scraper - INFO -   RSC: 71 places (46 total unique)
2026-07-22 13:47:41,477 - V2Scraper - INFO - Total extracted: 46 places
2026-07-22 13:47:41,478 - V2Scraper - INFO -   No new points or corrections needed
2026-07-22 13:47:41,478 - V2Scraper - INFO -   No updates needed
2026-07-22 13:47:42,479 - V2Scraper - INFO - 
[39/292] The Fragrant Flower Blooms With Dignity (8qH4apWLfIBDT1mUOPKG)
2026-07-22 13:47:42,479 - V2Scraper - INFO -   Already exists (ID 6235), checking for updates...
2026-07-22 13:47:42,480 - V2Scraper - INFO -   Existing points: 40
2026-07-22 13:47:43,754 - V2Scraper - INFO -   RSC: 64 places (40 total unique)
2026-07-22 13:47:43,978 - V2Scraper - INFO - Total extracted: 40 places
2026-07-22 13:47:43,978 - V2Scraper - INFO -   No new points or corrections needed
2026-07-22 13:47:43,978 - V2Scraper - INFO -   No updates needed
2026-07-22 13:47:44,979 - V2Scraper - INFO - 
[40/292] Zatsutabi That S Journey (8zT7IvWSfgzbUGZLUFkL)
2026-07-22 13:47:44,980 - V2Scraper - INFO -   Already exists (ID 6236), checking for updates...
2026-07-22 13:47:44,980 - V2Scraper - INFO -   Existing points: 38
2026-07-22 13:47:46,166 - V2Scraper - INFO -   RSC: 90 places (38 total unique)
2026-07-22 13:47:46,381 - V2Scraper - INFO -   Posts API: 38 user-uploaded places
2026-07-22 13:47:46,381 - V2Scraper - INFO -   API: 38 user-uploaded places (38 total unique)
2026-07-22 13:47:46,381 - V2Scraper - INFO - Total extracted: 38 places
2026-07-22 13:47:46,382 - V2Scraper - INFO -   No new points or corrections needed
2026-07-22 13:47:46,382 - V2Scraper - INFO -   No updates needed
2026-07-22 13:47:47,383 - V2Scraper - INFO - 
[41/292] Sound Euphonium Our Promise A Brand New Day (97Fqg7Hq6Y4AIjA1WvNb)
2026-07-22 13:47:47,383 - V2Scraper - INFO -   Already exists (ID 6237), checking for updates...
2026-07-22 13:47:47,384 - V2Scraper - INFO -   Existing points: 26
2026-07-22 13:47:48,712 - V2Scraper - INFO -   RSC: 49 places (26 total unique)
2026-07-22 13:47:48,922 - V2Scraper - INFO - Total extracted: 26 places
2026-07-22 13:47:48,923 - V2Scraper - INFO -   No new points or corrections needed
2026-07-22 13:47:48,923 - V2Scraper - INFO -   No updates needed
2026-07-22 13:47:49,924 - V2Scraper - INFO - 
[42/292] Love Chunibyo Other Delusions Take On Me (9CrfdTfoKGhoPGvKXh4M)
2026-07-22 13:47:49,924 - V2Scraper - INFO -   Already exists (ID 6238), checking for updates...
2026-07-22 13:47:49,925 - V2Scraper - INFO -   Existing points: 67
2026-07-22 13:47:51,243 - V2Scraper - INFO -   RSC: 91 places (66 total unique)
2026-07-22 13:47:51,465 - V2Scraper - INFO - Total extracted: 66 places
2026-07-22 13:47:51,466 - V2Scraper - INFO -   No new points or corrections needed
2026-07-22 13:47:51,466 - V2Scraper - INFO -   No updates needed
2026-07-22 13:47:52,467 - V2Scraper - INFO - 
[43/292] Blue Box (9ZIN8PmoDf4FEvUSDUQB)
2026-07-22 13:47:52,467 - V2Scraper - INFO -   Already exists (ID 6239), checking for updates...
2026-07-22 13:47:52,468 - V2Scraper - INFO -   Existing points: 30
2026-07-22 13:47:53,752 - V2Scraper - INFO -   RSC: 54 places (30 total unique)
2026-07-22 13:47:53,973 - V2Scraper - INFO - Total extracted: 30 places
2026-07-22 13:47:53,973 - V2Scraper - INFO -   No new points or corrections needed
2026-07-22 13:47:53,973 - V2Scraper - INFO -   No updates needed
2026-07-22 13:47:54,974 - V2Scraper - INFO - 
[44/292] The Angel Next Door Spoils Me Rotten 2 (9gKVtw8iZrRzIo45GXAF)
2026-07-22 13:47:54,974 - V2Scraper - INFO -   Already exists (ID 6240), checking for updates...
2026-07-22 13:47:54,975 - V2Scraper - INFO -   Existing points: 11
2026-07-22 13:47:56,196 - V2Scraper - INFO -   RSC: 22 places (11 total unique)
2026-07-22 13:47:56,431 - V2Scraper - INFO - Total extracted: 11 places
2026-07-22 13:47:56,432 - V2Scraper - INFO -   No new points or corrections needed
2026-07-22 13:47:56,432 - V2Scraper - INFO -   No updates needed
2026-07-22 13:47:57,433 - V2Scraper - INFO - 
[45/292] Bang Dream (A3z4LwVo0l6qQmaYFKdg)
2026-07-22 13:47:57,433 - V2Scraper - INFO -   Already exists (ID 6241), checking for updates...
2026-07-22 13:47:57,434 - V2Scraper - INFO -   Existing points: 18
2026-07-22 13:47:58,668 - V2Scraper - INFO -   RSC: 36 places (18 total unique)
2026-07-22 13:47:58,892 - V2Scraper - INFO - Total extracted: 18 places
2026-07-22 13:47:58,892 - V2Scraper - INFO -   No new points or corrections needed
2026-07-22 13:47:58,892 - V2Scraper - INFO -   No updates needed
2026-07-22 13:47:59,893 - V2Scraper - INFO - 
[46/292] Dead Dead Demons Dededede Destruction (ABylpzTMQoHclWbCQHSw)
2026-07-22 13:47:59,893 - V2Scraper - INFO -   Already exists (ID 6242), checking for updates...
2026-07-22 13:47:59,894 - V2Scraper - INFO -   Existing points: 40
2026-07-22 13:48:01,118 - V2Scraper - INFO -   RSC: 65 places (40 total unique)
2026-07-22 13:48:01,334 - V2Scraper - INFO - Total extracted: 40 places
2026-07-22 13:48:01,335 - V2Scraper - INFO -   No new points or corrections needed
2026-07-22 13:48:01,335 - V2Scraper - INFO -   No updates needed
2026-07-22 13:48:02,336 - V2Scraper - INFO - 
[47/292] Dandadan 2 (AE4iiD5ynf1anVhFRnw0)
2026-07-22 13:48:02,336 - V2Scraper - INFO -   Already exists (ID 6243), checking for updates...
2026-07-22 13:48:02,337 - V2Scraper - INFO -   Existing points: 5
2026-07-22 13:48:03,586 - V2Scraper - INFO -   RSC: 10 places (5 total unique)
2026-07-22 13:48:03,815 - V2Scraper - INFO - Total extracted: 5 places
2026-07-22 13:48:03,815 - V2Scraper - INFO -   No new points or corrections needed
2026-07-22 13:48:03,815 - V2Scraper - INFO -   No updates needed
2026-07-22 13:48:04,816 - V2Scraper - INFO - 
[48/292] Lycoris Recoil (AHmlbLlbnRJDHFAJLTAQ)
2026-07-22 13:48:04,817 - V2Scraper - INFO -   Already exists (ID 6244), checking for updates...
2026-07-22 13:48:04,817 - V2Scraper - INFO -   Existing points: 52
2026-07-22 13:48:06,078 - V2Scraper - INFO -   RSC: 77 places (52 total unique)
2026-07-22 13:48:06,293 - V2Scraper - INFO - Total extracted: 52 places
2026-07-22 13:48:06,293 - V2Scraper - INFO -   No new points or corrections needed
2026-07-22 13:48:06,293 - V2Scraper - INFO -   No updates needed
2026-07-22 13:48:07,295 - V2Scraper - INFO - 
[49/292] Gridman Universe (AZXMWk8QzkQdJm86FJUl)
2026-07-22 13:48:07,295 - V2Scraper - INFO -   Already exists (ID 6245), checking for updates...
2026-07-22 13:48:07,295 - V2Scraper - INFO -   Existing points: 8
2026-07-22 13:48:08,574 - V2Scraper - INFO -   RSC: 13 places (8 total unique)
2026-07-22 13:48:08,796 - V2Scraper - INFO - Total extracted: 8 places
2026-07-22 13:48:08,796 - V2Scraper - INFO -   No new points or corrections needed
2026-07-22 13:48:08,797 - V2Scraper - INFO -   No updates needed
2026-07-22 13:48:09,798 - V2Scraper - INFO - 
[50/292] Evangelion 3 1 Thrice Upon A Time (Abq0KH3lFo26R6IyQUh1)
2026-07-22 13:48:09,798 - V2Scraper - INFO -   Already exists (ID 6246), checking for updates...
2026-07-22 13:48:09,799 - V2Scraper - INFO -   Existing points: 3
2026-07-22 13:48:11,089 - V2Scraper - INFO -   RSC: 6 places (3 total unique)
2026-07-22 13:48:11,318 - V2Scraper - INFO - Total extracted: 3 places
2026-07-22 13:48:11,318 - V2Scraper - INFO -   No new points or corrections needed
2026-07-22 13:48:11,318 - V2Scraper - INFO -   No updates needed
2026-07-22 13:48:12,319 - V2Scraper - INFO - 
[51/292] The Garden Of Words (ApvypIptXMAXCVFBuk9C)
2026-07-22 13:48:12,319 - V2Scraper - INFO -   Already exists (ID 6247), checking for updates...
2026-07-22 13:48:12,320 - V2Scraper - INFO -   Existing points: 14
2026-07-22 13:48:13,628 - V2Scraper - INFO -   RSC: 28 places (14 total unique)
2026-07-22 13:48:13,847 - V2Scraper - INFO - Total extracted: 14 places
2026-07-22 13:48:13,848 - V2Scraper - INFO -   No new points or corrections needed
2026-07-22 13:48:13,848 - V2Scraper - INFO -   No updates needed
2026-07-22 13:48:14,849 - V2Scraper - INFO - 
[52/292] Turkey (AxyoCcQwwFmQNp75ST6m)
2026-07-22 13:48:14,849 - V2Scraper - INFO -   Already exists (ID 6248), checking for updates...
2026-07-22 13:48:14,850 - V2Scraper - INFO -   Existing points: 25
2026-07-22 13:48:16,099 - V2Scraper - INFO -   RSC: 50 places (25 total unique)
2026-07-22 13:48:16,325 - V2Scraper - INFO - Total extracted: 25 places
2026-07-22 13:48:16,325 - V2Scraper - INFO -   No new points or corrections needed
2026-07-22 13:48:16,325 - V2Scraper - INFO -   No updates needed
2026-07-22 13:48:17,326 - V2Scraper - INFO - 
[53/292] Clannad After Story (B5XOehobDg2MxWl3RHGH)
2026-07-22 13:48:17,327 - V2Scraper - INFO -   Already exists (ID 6931), checking for updates...
2026-07-22 13:48:17,327 - V2Scraper - INFO -   Existing points: 1
2026-07-22 13:48:18,812 - V2Scraper - INFO -   RSC: 1 places (1 total unique)
2026-07-22 13:48:19,026 - V2Scraper - INFO -   Posts API: 1 user-uploaded places
2026-07-22 13:48:19,026 - V2Scraper - INFO -   API: 1 user-uploaded places (1 total unique)
2026-07-22 13:48:19,026 - V2Scraper - INFO - Total extracted: 1 places
2026-07-22 13:48:19,026 - V2Scraper - INFO -   No new points or corrections needed
2026-07-22 13:48:19,026 - V2Scraper - INFO -   No updates needed
2026-07-22 13:48:20,028 - V2Scraper - INFO - 
[54/292] Golden Kamuy (BAaQbAhyA2wlhHJvqvGi)
2026-07-22 13:48:20,028 - V2Scraper - INFO -   Already exists (ID 6249), checking for updates...
2026-07-22 13:48:20,029 - V2Scraper - INFO -   Existing points: 8
2026-07-22 13:48:21,254 - V2Scraper - INFO -   RSC: 16 places (8 total unique)
2026-07-22 13:48:21,475 - V2Scraper - INFO - Total extracted: 8 places
2026-07-22 13:48:21,476 - V2Scraper - INFO -   No new points or corrections needed
2026-07-22 13:48:21,476 - V2Scraper - INFO -   No updates needed
2026-07-22 13:48:22,477 - V2Scraper - INFO - 
[55/292] March Comes In Like A Lion 2 (BSEWzX7gx8CG93Q9jxkg)
2026-07-22 13:48:22,477 - V2Scraper - INFO -   Already exists (ID 6250), checking for updates...
2026-07-22 13:48:22,478 - V2Scraper - INFO -   Existing points: 54
2026-07-22 13:48:23,879 - V2Scraper - INFO -   RSC: 78 places (53 total unique)
2026-07-22 13:48:24,093 - V2Scraper - INFO - Total extracted: 53 places
2026-07-22 13:48:24,094 - V2Scraper - INFO -   No new points or corrections needed
2026-07-22 13:48:24,094 - V2Scraper - INFO -   No updates needed
2026-07-22 13:48:25,095 - V2Scraper - INFO - 
[56/292] The Summer Hikaru Died (BbOGxPV5ltaIJGgljwj5)
2026-07-22 13:48:25,095 - V2Scraper - INFO -   Already exists (ID 6251), checking for updates...
2026-07-22 13:48:25,096 - V2Scraper - INFO -   Existing points: 28
2026-07-22 13:48:26,373 - V2Scraper - INFO -   RSC: 53 places (28 total unique)
2026-07-22 13:48:26,605 - V2Scraper - INFO - Total extracted: 28 places
2026-07-22 13:48:26,605 - V2Scraper - INFO -   No new points or corrections needed
2026-07-22 13:48:26,606 - V2Scraper - INFO -   No updates needed
2026-07-22 13:48:27,607 - V2Scraper - INFO - 
[57/292] Bungo Stray Dogs 2 (BrwQNQDWky56Fnmdpz09)
2026-07-22 13:48:27,607 - V2Scraper - INFO -   Already exists (ID 6252), checking for updates...
2026-07-22 13:48:27,608 - V2Scraper - INFO -   Existing points: 25
2026-07-22 13:48:28,891 - V2Scraper - INFO -   RSC: 49 places (25 total unique)
2026-07-22 13:48:29,113 - V2Scraper - INFO - Total extracted: 25 places
2026-07-22 13:48:29,113 - V2Scraper - INFO -   No new points or corrections needed
2026-07-22 13:48:29,113 - V2Scraper - INFO -   No updates needed
2026-07-22 13:48:30,115 - V2Scraper - INFO - 
[58/292] Uncle From Another World (ChNY4S1HnwsoVA8BIxa0)
2026-07-22 13:48:30,115 - V2Scraper - INFO -   Already exists (ID 6253), checking for updates...
2026-07-22 13:48:30,115 - V2Scraper - INFO -   Existing points: 3
2026-07-22 13:48:31,312 - V2Scraper - INFO -   RSC: 6 places (3 total unique)
2026-07-22 13:48:31,518 - V2Scraper - INFO - Total extracted: 3 places
2026-07-22 13:48:31,518 - V2Scraper - INFO -   No new points or corrections needed
2026-07-22 13:48:31,518 - V2Scraper - INFO -   No updates needed
2026-07-22 13:48:32,519 - V2Scraper - INFO - 
[59/292] Oreimo (D2Udeh1YIJW348yYv9Tl)
2026-07-22 13:48:32,520 - V2Scraper - INFO -   Already exists (ID 6254), checking for updates...
2026-07-22 13:48:32,520 - V2Scraper - INFO -   Existing points: 39
2026-07-22 13:48:33,756 - V2Scraper - INFO -   RSC: 61 places (39 total unique)
2026-07-22 13:48:33,961 - V2Scraper - INFO - Total extracted: 39 places
2026-07-22 13:48:33,962 - V2Scraper - INFO -   No new points or corrections needed
2026-07-22 13:48:33,962 - V2Scraper - INFO -   No updates needed
2026-07-22 13:48:34,963 - V2Scraper - INFO - 
[60/292] Oregairu Snafu (DBdW9GogqQh4X5Jz5YJ1)
2026-07-22 13:48:34,963 - V2Scraper - INFO -   Already exists (ID 6255), checking for updates...
2026-07-22 13:48:34,964 - V2Scraper - INFO -   Existing points: 16
2026-07-22 13:48:36,213 - V2Scraper - INFO -   RSC: 32 places (16 total unique)
2026-07-22 13:48:36,440 - V2Scraper - INFO - Total extracted: 16 places
2026-07-22 13:48:36,441 - V2Scraper - INFO -   No new points or corrections needed
2026-07-22 13:48:36,441 - V2Scraper - INFO -   No updates needed
2026-07-22 13:48:37,442 - V2Scraper - INFO - 
[61/292] Flying Witch (DJqlB9ZQhbhKlMlUyBOb)
2026-07-22 13:48:37,442 - V2Scraper - INFO -   Already exists (ID 6256), checking for updates...
2026-07-22 13:48:37,443 - V2Scraper - INFO -   Existing points: 36
2026-07-22 13:48:38,688 - V2Scraper - INFO -   RSC: 59 places (34 total unique)
2026-07-22 13:48:38,906 - V2Scraper - INFO - Total extracted: 34 places
2026-07-22 13:48:38,906 - V2Scraper - INFO -   No new points or corrections needed
2026-07-22 13:48:38,906 - V2Scraper - INFO -   No updates needed
2026-07-22 13:48:39,907 - V2Scraper - INFO - 
[62/292] Yofukashi No Uta 2 (DOBudmYUGamzQcwLtadk)
2026-07-22 13:48:39,908 - V2Scraper - INFO -   Already exists (ID 6257), checking for updates...
2026-07-22 13:48:39,908 - V2Scraper - INFO -   Existing points: 47
2026-07-22 13:48:41,255 - V2Scraper - INFO -   RSC: 71 places (47 total unique)
2026-07-22 13:48:41,480 - V2Scraper - INFO - Total extracted: 47 places
2026-07-22 13:48:41,480 - V2Scraper - INFO -   No new points or corrections needed
2026-07-22 13:48:41,481 - V2Scraper - INFO -   No updates needed
2026-07-22 13:48:42,482 - V2Scraper - INFO - 
[63/292] Beyond The Boundary (DYG61cbESPhK3vp1Zs1D)
2026-07-22 13:48:42,482 - V2Scraper - INFO -   Already exists (ID 6258), checking for updates...
2026-07-22 13:48:42,483 - V2Scraper - INFO -   Existing points: 53
2026-07-22 13:48:43,936 - V2Scraper - INFO -   RSC: 78 places (53 total unique)
2026-07-22 13:48:44,170 - V2Scraper - INFO - Total extracted: 53 places
2026-07-22 13:48:44,170 - V2Scraper - INFO -   No new points or corrections needed
2026-07-22 13:48:44,170 - V2Scraper - INFO -   No updates needed
2026-07-22 13:48:45,172 - V2Scraper - INFO - 
[64/292] March Comes In Like A Lion (Db9UkC3dvNtEle8hAoB9)
2026-07-22 13:48:45,172 - V2Scraper - INFO -   Already exists (ID 6259), checking for updates...
2026-07-22 13:48:45,173 - V2Scraper - INFO -   Existing points: 63
2026-07-22 13:48:46,769 - V2Scraper - INFO -   RSC: 88 places (63 total unique)
2026-07-22 13:48:46,995 - V2Scraper - INFO - Total extracted: 63 places
2026-07-22 13:48:46,995 - V2Scraper - INFO -   No new points or corrections needed
2026-07-22 13:48:46,996 - V2Scraper - INFO -   No updates needed
2026-07-22 13:48:47,997 - V2Scraper - INFO - 
[65/292] Blue Archive (Dmm38vQWI8Dn0oNd1P5v)
2026-07-22 13:48:47,997 - V2Scraper - INFO -   Already exists (ID 6260), checking for updates...
2026-07-22 13:48:47,998 - V2Scraper - INFO -   Existing points: 12
2026-07-22 13:48:49,266 - V2Scraper - INFO -   RSC: 23 places (12 total unique)
2026-07-22 13:48:49,494 - V2Scraper - INFO - Total extracted: 12 places
2026-07-22 13:48:49,495 - V2Scraper - INFO -   No new points or corrections needed
2026-07-22 13:48:49,495 - V2Scraper - INFO -   No updates needed
2026-07-22 13:48:50,496 - V2Scraper - INFO - 
[66/292] You And I Are Polar Opposites Season 2 (Dts24mB9vQ2lpeOlu0sm)
2026-07-22 13:48:50,496 - V2Scraper - INFO -   Already exists (ID 6798), checking for updates...
2026-07-22 13:48:50,497 - V2Scraper - INFO -   Existing points: 6
2026-07-22 13:48:51,736 - V2Scraper - INFO -   RSC: 13 places (6 total unique)
2026-07-22 13:48:51,969 - V2Scraper - INFO -   Posts API: 1 user-uploaded places
2026-07-22 13:48:51,970 - V2Scraper - INFO -   API: 1 user-uploaded places (6 total unique)
2026-07-22 13:48:51,970 - V2Scraper - INFO - Total extracted: 6 places
2026-07-22 13:48:51,970 - V2Scraper - INFO -   No new points or corrections needed
2026-07-22 13:48:51,970 - V2Scraper - INFO -   No updates needed
2026-07-22 13:48:52,971 - V2Scraper - INFO - 
[67/292] Honey Lemon Soda (EBgnvTrAN9hUEHZPOFpi)
2026-07-22 13:48:52,971 - V2Scraper - INFO -   Already exists (ID 6261), checking for updates...
2026-07-22 13:48:52,972 - V2Scraper - INFO -   Existing points: 24
2026-07-22 13:48:54,282 - V2Scraper - INFO -   RSC: 47 places (24 total unique)
2026-07-22 13:48:54,516 - V2Scraper - INFO - Total extracted: 24 places
2026-07-22 13:48:54,517 - V2Scraper - INFO -   No new points or corrections needed
2026-07-22 13:48:54,517 - V2Scraper - INFO -   No updates needed
2026-07-22 13:48:55,518 - V2Scraper - INFO - 
[68/292] Love Live Superstar (EGvIebIxQ4ZkuYcNWpoQ)
2026-07-22 13:48:55,518 - V2Scraper - INFO -   Already exists (ID 6262), checking for updates...
2026-07-22 13:48:55,519 - V2Scraper - INFO -   Existing points: 69
2026-07-22 13:48:56,900 - V2Scraper - INFO -   RSC: 91 places (67 total unique)
2026-07-22 13:48:57,132 - V2Scraper - INFO - Total extracted: 67 places
2026-07-22 13:48:57,132 - V2Scraper - INFO -   No new points or corrections needed
2026-07-22 13:48:57,132 - V2Scraper - INFO -   No updates needed
2026-07-22 13:48:58,134 - V2Scraper - INFO - 
[69/292] Hyouka (EOXrs8aYwsclgT0TcA91)
2026-07-22 13:48:58,134 - V2Scraper - INFO -   Already exists (ID 6263), checking for updates...
2026-07-22 13:48:58,135 - V2Scraper - INFO -   Existing points: 52
2026-07-22 13:48:59,443 - V2Scraper - INFO -   RSC: 76 places (51 total unique)
2026-07-22 13:48:59,680 - V2Scraper - INFO - Total extracted: 51 places
2026-07-22 13:48:59,680 - V2Scraper - INFO -   No new points or corrections needed
2026-07-22 13:48:59,681 - V2Scraper - INFO -   No updates needed
2026-07-22 13:49:00,682 - V2Scraper - INFO - 
[70/292] Yofukashi No Uta (Elw6prO9MD1CCudCkxzj)
2026-07-22 13:49:00,682 - V2Scraper - INFO -   Already exists (ID 6264), checking for updates...
2026-07-22 13:49:00,683 - V2Scraper - INFO -   Existing points: 52
2026-07-22 13:49:02,003 - V2Scraper - INFO -   RSC: 75 places (51 total unique)
2026-07-22 13:49:02,214 - V2Scraper - INFO - Total extracted: 51 places
2026-07-22 13:49:02,215 - V2Scraper - INFO -   No new points or corrections needed
2026-07-22 13:49:02,215 - V2Scraper - INFO -   No updates needed
2026-07-22 13:49:03,216 - V2Scraper - INFO - 
[71/292] Akane Banashi (F5gBooqJ1oVepAqEaLBS)
2026-07-22 13:49:03,216 - V2Scraper - INFO -   Already exists (ID 6265), checking for updates...
2026-07-22 13:49:03,217 - V2Scraper - INFO -   Existing points: 27
2026-07-22 13:49:04,463 - V2Scraper - INFO -   RSC: 53 places (28 total unique)
2026-07-22 13:49:04,682 - V2Scraper - INFO - Total extracted: 28 places
2026-07-22 13:49:04,683 - V2Scraper - INFO -   No new points or corrections needed
2026-07-22 13:49:04,683 - V2Scraper - INFO -   No updates needed
2026-07-22 13:49:05,684 - V2Scraper - INFO - 
[72/292] Horimiya The Missing Pieces (FFkjtVIIFwWbSPpJJgjp)
2026-07-22 13:49:05,684 - V2Scraper - INFO -   Already exists (ID 6266), checking for updates...
2026-07-22 13:49:05,685 - V2Scraper - INFO -   Existing points: 16
2026-07-22 13:49:06,923 - V2Scraper - INFO -   RSC: 30 places (16 total unique)
2026-07-22 13:49:07,141 - V2Scraper - INFO - Total extracted: 16 places
2026-07-22 13:49:07,141 - V2Scraper - INFO -   No new points or corrections needed
2026-07-22 13:49:07,142 - V2Scraper - INFO -   No updates needed
2026-07-22 13:49:08,143 - V2Scraper - INFO - 
[73/292] Belle 2021 (FO7hxjRqpUKQEKF7wpux)
2026-07-22 13:49:08,143 - V2Scraper - INFO -   Already exists (ID 6267), checking for updates...
2026-07-22 13:49:08,144 - V2Scraper - INFO -   Existing points: 14
2026-07-22 13:49:09,402 - V2Scraper - INFO -   RSC: 28 places (14 total unique)
2026-07-22 13:49:09,618 - V2Scraper - INFO -   Posts API: 1 user-uploaded places
2026-07-22 13:49:09,618 - V2Scraper - INFO -   API: 1 user-uploaded places (14 total unique)
2026-07-22 13:49:09,618 - V2Scraper - INFO - Total extracted: 14 places
2026-07-22 13:49:09,618 - V2Scraper - INFO -   No new points or corrections needed
2026-07-22 13:49:09,618 - V2Scraper - INFO -   No updates needed
2026-07-22 13:49:10,620 - V2Scraper - INFO - 
[74/292] Fate Stay Night Heavens Feel (Frbo1DB6JLFhe7MROo4i)
2026-07-22 13:49:10,620 - V2Scraper - INFO -   Already exists (ID 6268), checking for updates...
2026-07-22 13:49:10,620 - V2Scraper - INFO -   Existing points: 19
2026-07-22 13:49:12,071 - V2Scraper - INFO -   RSC: 37 places (19 total unique)
2026-07-22 13:49:12,298 - V2Scraper - INFO - Total extracted: 19 places
2026-07-22 13:49:12,299 - V2Scraper - INFO -   No new points or corrections needed
2026-07-22 13:49:12,299 - V2Scraper - INFO -   No updates needed
2026-07-22 13:49:13,300 - V2Scraper - INFO - 
[75/292] Durarara (GAQtt96ISTksBTjpxgCk)
2026-07-22 13:49:13,300 - V2Scraper - INFO -   Already exists (ID 6269), checking for updates...
2026-07-22 13:49:13,301 - V2Scraper - INFO -   Existing points: 52
2026-07-22 13:49:14,619 - V2Scraper - INFO -   RSC: 77 places (52 total unique)
2026-07-22 13:49:14,840 - V2Scraper - INFO - Total extracted: 52 places
2026-07-22 13:49:14,841 - V2Scraper - INFO -   No new points or corrections needed
2026-07-22 13:49:14,841 - V2Scraper - INFO -   No updates needed
2026-07-22 13:49:15,842 - V2Scraper - INFO - 
[76/292] Deaimon (GGK68mRHW4OPU8cFrqZJ)
2026-07-22 13:49:15,842 - V2Scraper - INFO -   Already exists (ID 6270), checking for updates...
2026-07-22 13:49:15,843 - V2Scraper - INFO -   Existing points: 40
2026-07-22 13:49:17,110 - V2Scraper - INFO -   RSC: 65 places (40 total unique)
2026-07-22 13:49:17,340 - V2Scraper - INFO - Total extracted: 40 places
2026-07-22 13:49:17,340 - V2Scraper - INFO -   No new points or corrections needed
2026-07-22 13:49:17,340 - V2Scraper - INFO -   No updates needed
2026-07-22 13:49:18,341 - V2Scraper - INFO - 
[77/292] Golden Time (GSbk5qoSrQuK0ngo3dZ5)
2026-07-22 13:49:18,342 - V2Scraper - INFO -   Already exists (ID 6271), checking for updates...
2026-07-22 13:49:18,342 - V2Scraper - INFO -   Existing points: 40
2026-07-22 13:49:19,658 - V2Scraper - INFO -   RSC: 65 places (40 total unique)
2026-07-22 13:49:19,886 - V2Scraper - INFO - Total extracted: 40 places
2026-07-22 13:49:19,887 - V2Scraper - INFO -   No new points or corrections needed
2026-07-22 13:49:19,887 - V2Scraper - INFO -   No updates needed
2026-07-22 13:49:20,888 - V2Scraper - INFO - 
[78/292] Summer Wars (GZaJ97LjywZ1fdsyQbmn)
2026-07-22 13:49:20,888 - V2Scraper - INFO -   Already exists (ID 6272), checking for updates...
2026-07-22 13:49:20,889 - V2Scraper - INFO -   Existing points: 5
2026-07-22 13:49:22,245 - V2Scraper - INFO -   RSC: 10 places (5 total unique)
2026-07-22 13:49:22,465 - V2Scraper - INFO - Total extracted: 5 places
2026-07-22 13:49:22,466 - V2Scraper - INFO -   No new points or corrections needed
2026-07-22 13:49:22,466 - V2Scraper - INFO -   No updates needed
2026-07-22 13:49:23,467 - V2Scraper - INFO - 
[79/292] K On 2 (Gpu7jpmS4b1ZQAtwyAkO)
2026-07-22 13:49:23,467 - V2Scraper - INFO -   Already exists (ID 6273), checking for updates...
2026-07-22 13:49:23,468 - V2Scraper - INFO -   Existing points: 52
2026-07-22 13:49:24,808 - V2Scraper - INFO -   RSC: 77 places (52 total unique)
2026-07-22 13:49:25,047 - V2Scraper - INFO - Total extracted: 52 places
2026-07-22 13:49:25,047 - V2Scraper - INFO -   No new points or corrections needed
2026-07-22 13:49:25,047 - V2Scraper - INFO -   No updates needed
2026-07-22 13:49:26,049 - V2Scraper - INFO - 
[80/292] Another (GvZRe6RQu5McETXnr5eT)
2026-07-22 13:49:26,049 - V2Scraper - INFO -   Already exists (ID 6274), checking for updates...
2026-07-22 13:49:26,049 - V2Scraper - INFO -   Existing points: 10
2026-07-22 13:49:27,308 - V2Scraper - INFO -   RSC: 19 places (10 total unique)
2026-07-22 13:49:27,523 - V2Scraper - INFO - Total extracted: 10 places
2026-07-22 13:49:27,523 - V2Scraper - INFO -   No new points or corrections needed
2026-07-22 13:49:27,523 - V2Scraper - INFO -   No updates needed
2026-07-22 13:49:28,525 - V2Scraper - INFO - 
[81/292] Kaiju No8 2 (H0Kp9SKcNRbV2Z7CoAE5)
2026-07-22 13:49:28,525 - V2Scraper - INFO -   Already exists (ID 6275), checking for updates...
2026-07-22 13:49:28,525 - V2Scraper - INFO -   Existing points: 28
2026-07-22 13:49:29,863 - V2Scraper - INFO -   RSC: 53 places (28 total unique)
2026-07-22 13:49:30,096 - V2Scraper - INFO - Total extracted: 28 places
2026-07-22 13:49:30,096 - V2Scraper - INFO -   No new points or corrections needed
2026-07-22 13:49:30,097 - V2Scraper - INFO -   No updates needed
2026-07-22 13:49:31,098 - V2Scraper - INFO - 
[82/292] Sound Euphonium (HImqnRta69y0Y3Fapb8E)
2026-07-22 13:49:31,098 - V2Scraper - INFO -   Already exists (ID 6276), checking for updates...
2026-07-22 13:49:31,099 - V2Scraper - INFO -   Existing points: 29
2026-07-22 13:49:32,478 - V2Scraper - INFO -   RSC: 53 places (29 total unique)
2026-07-22 13:49:32,721 - V2Scraper - INFO - Total extracted: 29 places
2026-07-22 13:49:32,721 - V2Scraper - INFO -   No new points or corrections needed
2026-07-22 13:49:32,721 - V2Scraper - INFO -   No updates needed
2026-07-22 13:49:33,723 - V2Scraper - INFO - 
[83/292] Persona 5 The Animation (HiZmwfyeRVKgeXXv2605)
2026-07-22 13:49:33,723 - V2Scraper - INFO -   Already exists (ID 6277), checking for updates...
2026-07-22 13:49:33,724 - V2Scraper - INFO -   Existing points: 11
2026-07-22 13:49:35,086 - V2Scraper - INFO -   RSC: 22 places (11 total unique)
2026-07-22 13:49:35,327 - V2Scraper - INFO - Total extracted: 11 places
2026-07-22 13:49:35,327 - V2Scraper - INFO -   No new points or corrections needed
2026-07-22 13:49:35,328 - V2Scraper - INFO -   No updates needed
2026-07-22 13:49:36,329 - V2Scraper - INFO - 
[84/292] Botan Kamiina Fully Blossoms When Drunk (HzSYskmZll63CrQoqUsU)
2026-07-22 13:49:36,329 - V2Scraper - INFO -   Already exists (ID 6278), checking for updates...
2026-07-22 13:49:36,330 - V2Scraper - INFO -   Existing points: 139
2026-07-22 13:49:37,760 - V2Scraper - INFO -   RSC: 164 places (138 total unique)
2026-07-22 13:49:38,012 - V2Scraper - INFO -   Posts API: 1 user-uploaded places
2026-07-22 13:49:38,012 - V2Scraper - INFO -   API: 1 user-uploaded places (138 total unique)
2026-07-22 13:49:38,012 - V2Scraper - INFO - Total extracted: 138 places
2026-07-22 13:49:38,013 - V2Scraper - INFO -   No new points or corrections needed
2026-07-22 13:49:38,014 - V2Scraper - INFO -   No updates needed
2026-07-22 13:49:39,015 - V2Scraper - INFO - 
[85/292] Narenare (Ififqm0dAhXtiSEM5BN0)
2026-07-22 13:49:39,015 - V2Scraper - INFO -   Already exists (ID 6279), checking for updates...
2026-07-22 13:49:39,016 - V2Scraper - INFO -   Existing points: 32
2026-07-22 13:49:40,279 - V2Scraper - INFO -   RSC: 56 places (32 total unique)
2026-07-22 13:49:40,515 - V2Scraper - INFO - Total extracted: 32 places
2026-07-22 13:49:40,515 - V2Scraper - INFO -   No new points or corrections needed
2026-07-22 13:49:40,515 - V2Scraper - INFO -   No updates needed
2026-07-22 13:49:41,516 - V2Scraper - INFO - 
[86/292] Teasing Master Takagi San 3 (IrgbISlZnKp368pmKXQD)
2026-07-22 13:49:41,516 - V2Scraper - INFO -   Already exists (ID 6280), checking for updates...
2026-07-22 13:49:41,517 - V2Scraper - INFO -   Existing points: 24
2026-07-22 13:49:42,890 - V2Scraper - INFO -   RSC: 46 places (24 total unique)
2026-07-22 13:49:43,101 - V2Scraper - INFO - Total extracted: 24 places
2026-07-22 13:49:43,102 - V2Scraper - INFO -   No new points or corrections needed
2026-07-22 13:49:43,102 - V2Scraper - INFO -   No updates needed
2026-07-22 13:49:44,103 - V2Scraper - INFO - 
[87/292] Steins Gate 0 (JUq18FMhazRy8b5gPpNo)
2026-07-22 13:49:44,103 - V2Scraper - INFO -   Already exists (ID 6281), checking for updates...
2026-07-22 13:49:44,106 - V2Scraper - INFO -   Existing points: 50
2026-07-22 13:49:45,375 - V2Scraper - INFO -   RSC: 72 places (48 total unique)
2026-07-22 13:49:45,593 - V2Scraper - INFO - Total extracted: 48 places
2026-07-22 13:49:45,593 - V2Scraper - INFO -   No new points or corrections needed
2026-07-22 13:49:45,593 - V2Scraper - INFO -   No updates needed
2026-07-22 13:49:46,594 - V2Scraper - INFO - 
[88/292] The Disappearance Of Haruhi Suzumiya (JxWl9bqFjbsqZDpaa3Gx)
2026-07-22 13:49:46,595 - V2Scraper - INFO -   Already exists (ID 6282), checking for updates...
2026-07-22 13:49:46,596 - V2Scraper - INFO -   Existing points: 30
2026-07-22 13:49:47,886 - V2Scraper - INFO -   RSC: 54 places (30 total unique)
2026-07-22 13:49:48,115 - V2Scraper - INFO - Total extracted: 30 places
2026-07-22 13:49:48,115 - V2Scraper - INFO -   No new points or corrections needed
2026-07-22 13:49:48,116 - V2Scraper - INFO -   No updates needed
2026-07-22 13:49:49,117 - V2Scraper - INFO - 
[89/292] Medalist (K4PtV2A6cX0Rol3DDh04)
2026-07-22 13:49:49,117 - V2Scraper - INFO -   Already exists (ID 6283), checking for updates...
2026-07-22 13:49:49,118 - V2Scraper - INFO -   Existing points: 16
2026-07-22 13:49:50,430 - V2Scraper - INFO -   RSC: 32 places (16 total unique)
2026-07-22 13:49:50,637 - V2Scraper - INFO - Total extracted: 16 places
2026-07-22 13:49:50,637 - V2Scraper - INFO -   No new points or corrections needed
2026-07-22 13:49:50,637 - V2Scraper - INFO -   No updates needed
2026-07-22 13:49:51,638 - V2Scraper - INFO - 
[90/292] Yuruyuri Summer Vacation (KHL2EcBmiHS2xQGNpVB4)
2026-07-22 13:49:51,638 - V2Scraper - INFO -   Already exists (ID 6284), checking for updates...
2026-07-22 13:49:51,639 - V2Scraper - INFO -   Existing points: 25
2026-07-22 13:49:52,848 - V2Scraper - INFO -   RSC: 50 places (25 total unique)
2026-07-22 13:49:53,067 - V2Scraper - INFO - Total extracted: 25 places
2026-07-22 13:49:53,067 - V2Scraper - INFO -   No new points or corrections needed
2026-07-22 13:49:53,067 - V2Scraper - INFO -   No updates needed
2026-07-22 13:49:54,067 - V2Scraper - INFO - 
[91/292] Lil Miss Vampire Cant Suck Right (KMJWdpqzaXrslclIT0kX)
2026-07-22 13:49:54,068 - V2Scraper - INFO -   Already exists (ID 6285), checking for updates...
2026-07-22 13:49:54,068 - V2Scraper - INFO -   Existing points: 2
2026-07-22 13:49:55,244 - V2Scraper - INFO -   RSC: 4 places (2 total unique)
2026-07-22 13:49:55,468 - V2Scraper - INFO - Total extracted: 2 places
2026-07-22 13:49:55,468 - V2Scraper - INFO -   No new points or corrections needed
2026-07-22 13:49:55,468 - V2Scraper - INFO -   No updates needed
2026-07-22 13:49:56,470 - V2Scraper - INFO - 
[92/292] Tsurune (KMZrhSusXhCwzvMuRW3M)
2026-07-22 13:49:56,470 - V2Scraper - INFO -   Already exists (ID 6286), checking for updates...
2026-07-22 13:49:56,471 - V2Scraper - INFO -   Existing points: 23
2026-07-22 13:49:57,717 - V2Scraper - INFO -   RSC: 45 places (23 total unique)
2026-07-22 13:49:57,937 - V2Scraper - INFO - Total extracted: 23 places
2026-07-22 13:49:57,937 - V2Scraper - INFO -   No new points or corrections needed
2026-07-22 13:49:57,937 - V2Scraper - INFO -   No updates needed
2026-07-22 13:49:58,938 - V2Scraper - INFO - 
[93/292] Kaguya Sama Love Is War Stairway To Adulthood (KxnQIESyd0vWQKYMCCJp)
2026-07-22 13:49:58,939 - V2Scraper - INFO -   Already exists (ID 6287), checking for updates...
2026-07-22 13:49:58,939 - V2Scraper - INFO -   Existing points: 4
2026-07-22 13:50:00,147 - V2Scraper - INFO -   RSC: 8 places (4 total unique)
2026-07-22 13:50:00,367 - V2Scraper - INFO - Total extracted: 4 places
2026-07-22 13:50:00,367 - V2Scraper - INFO -   No new points or corrections needed
2026-07-22 13:50:00,368 - V2Scraper - INFO -   No updates needed
2026-07-22 13:50:01,369 - V2Scraper - INFO - 
[94/292] Kaiju Girl Caramelise (KxxurNxXiTegfvduCkyC)
2026-07-22 13:50:01,369 - V2Scraper - INFO -   Already exists (ID 6932), checking for updates...
2026-07-22 13:50:01,370 - V2Scraper - INFO -   Existing points: 1
2026-07-22 13:50:02,572 - V2Scraper - INFO -   RSC: 2 places (1 total unique)
2026-07-22 13:50:02,792 - V2Scraper - INFO - Total extracted: 1 places
2026-07-22 13:50:02,793 - V2Scraper - INFO -   No new points or corrections needed
2026-07-22 13:50:02,793 - V2Scraper - INFO -   No updates needed
2026-07-22 13:50:03,794 - V2Scraper - INFO - 
[95/292] Shoshimin 2 (L82oXIYdIOrCncmowQ2V)
2026-07-22 13:50:03,794 - V2Scraper - INFO -   Already exists (ID 6288), checking for updates...
2026-07-22 13:50:03,795 - V2Scraper - INFO -   Existing points: 65
2026-07-22 13:50:05,026 - V2Scraper - INFO -   RSC: 89 places (65 total unique)
2026-07-22 13:50:05,245 - V2Scraper - INFO - Total extracted: 65 places
2026-07-22 13:50:05,245 - V2Scraper - INFO -   No new points or corrections needed
2026-07-22 13:50:05,245 - V2Scraper - INFO -   No updates needed
2026-07-22 13:50:06,247 - V2Scraper - INFO - 
[96/292] My Dress Up Darling 2 (L8UKLK889intHfnNZ9oE)
2026-07-22 13:50:06,247 - V2Scraper - INFO -   Already exists (ID 6289), checking for updates...
2026-07-22 13:50:06,247 - V2Scraper - INFO -   Existing points: 42
2026-07-22 13:50:07,587 - V2Scraper - INFO -   RSC: 65 places (42 total unique)
2026-07-22 13:50:07,795 - V2Scraper - INFO - Total extracted: 42 places
2026-07-22 13:50:07,796 - V2Scraper - INFO -   No new points or corrections needed
2026-07-22 13:50:07,796 - V2Scraper - INFO -   No updates needed
2026-07-22 13:50:08,797 - V2Scraper - INFO - 
[97/292] Dusk Beyond The End Of The World (LRAmMCCVn4JZPWGhvTdP)
2026-07-22 13:50:08,797 - V2Scraper - INFO -   Already exists (ID 6290), checking for updates...
2026-07-22 13:50:08,798 - V2Scraper - INFO -   Existing points: 28
2026-07-22 13:50:10,075 - V2Scraper - INFO -   RSC: 52 places (28 total unique)
2026-07-22 13:50:10,293 - V2Scraper - INFO - Total extracted: 28 places
2026-07-22 13:50:10,293 - V2Scraper - INFO -   No new points or corrections needed
2026-07-22 13:50:10,294 - V2Scraper - INFO -   No updates needed
2026-07-22 13:50:11,295 - V2Scraper - INFO - 
[98/292] Yuru Camp 2 (LlBHLckVd9QI0vUhjMJZ)
2026-07-22 13:50:11,295 - V2Scraper - INFO -   Already exists (ID 6291), checking for updates...
2026-07-22 13:50:11,296 - V2Scraper - INFO -   Existing points: 144
2026-07-22 13:50:12,644 - V2Scraper - INFO -   RSC: 167 places (143 total unique)
2026-07-22 13:50:12,846 - V2Scraper - INFO - Total extracted: 143 places
2026-07-22 13:50:12,847 - V2Scraper - INFO -   No new points or corrections needed
2026-07-22 13:50:12,848 - V2Scraper - INFO -   No updates needed
2026-07-22 13:50:13,849 - V2Scraper - INFO - 
[99/292] Chitose Ramune (NQAcuOMJmD4wesKzWtdK)
2026-07-22 13:50:13,849 - V2Scraper - INFO -   Already exists (ID 6292), checking for updates...
2026-07-22 13:50:13,850 - V2Scraper - INFO -   Existing points: 41
2026-07-22 13:50:15,128 - V2Scraper - INFO -   RSC: 65 places (40 total unique)
2026-07-22 13:50:15,343 - V2Scraper - INFO - Total extracted: 40 places
2026-07-22 13:50:15,343 - V2Scraper - INFO -   No new points or corrections needed
2026-07-22 13:50:15,343 - V2Scraper - INFO -   No updates needed
2026-07-22 13:50:16,344 - V2Scraper - INFO - 
[100/292] Ssss Gridman (NShwiqg4RQ8jwlAKDWds)
2026-07-22 13:50:16,344 - V2Scraper - INFO -   Already exists (ID 6293), checking for updates...
2026-07-22 13:50:16,345 - V2Scraper - INFO -   Existing points: 15
2026-07-22 13:50:17,582 - V2Scraper - INFO -   RSC: 30 places (15 total unique)
2026-07-22 13:50:17,805 - V2Scraper - INFO - Total extracted: 15 places
2026-07-22 13:50:17,805 - V2Scraper - INFO -   No new points or corrections needed
2026-07-22 13:50:17,805 - V2Scraper - INFO -   No updates needed
2026-07-22 13:50:18,807 - V2Scraper - INFO - 
[101/292] Weathering With You (NpEZnChVAaNhV5wOpnTr)
2026-07-22 13:50:18,807 - V2Scraper - INFO -   Already exists (ID 6294), checking for updates...
2026-07-22 13:50:18,808 - V2Scraper - INFO -   Existing points: 51
2026-07-22 13:50:20,041 - V2Scraper - INFO -   RSC: 74 places (51 total unique)
2026-07-22 13:50:20,254 - V2Scraper - INFO -   Posts API: 1 user-uploaded places
2026-07-22 13:50:20,254 - V2Scraper - INFO -   API: 1 user-uploaded places (51 total unique)
2026-07-22 13:50:20,254 - V2Scraper - INFO - Total extracted: 51 places
2026-07-22 13:50:20,255 - V2Scraper - INFO -   No new points or corrections needed
2026-07-22 13:50:20,255 - V2Scraper - INFO -   No updates needed
2026-07-22 13:50:21,256 - V2Scraper - INFO - 
[102/292] One Punch Man 2 (Npz9VOt5R5Nshl8YcBar)
2026-07-22 13:50:21,256 - V2Scraper - INFO -   Already exists (ID 6295), checking for updates...
2026-07-22 13:50:21,257 - V2Scraper - INFO -   Existing points: 12
2026-07-22 13:50:22,431 - V2Scraper - INFO -   RSC: 24 places (12 total unique)
2026-07-22 13:50:22,655 - V2Scraper - INFO - Total extracted: 12 places
2026-07-22 13:50:22,656 - V2Scraper - INFO -   No new points or corrections needed
2026-07-22 13:50:22,656 - V2Scraper - INFO -   No updates needed
2026-07-22 13:50:23,657 - V2Scraper - INFO - 
[103/292] Komi Cant Communicate (NudLgt4nu08ywcI9EayS)
2026-07-22 13:50:23,657 - V2Scraper - INFO -   Already exists (ID 6296), checking for updates...
2026-07-22 13:50:23,658 - V2Scraper - INFO -   Existing points: 4
2026-07-22 13:50:24,865 - V2Scraper - INFO -   RSC: 8 places (4 total unique)
2026-07-22 13:50:25,075 - V2Scraper - INFO - Total extracted: 4 places
2026-07-22 13:50:25,075 - V2Scraper - INFO -   No new points or corrections needed
2026-07-22 13:50:25,075 - V2Scraper - INFO -   No updates needed
2026-07-22 13:50:26,077 - V2Scraper - INFO - 
[104/292] Tamako Market (O787XPKQvn9bJ0uEM197)
2026-07-22 13:50:26,077 - V2Scraper - INFO -   Already exists (ID 6297), checking for updates...
2026-07-22 13:50:26,078 - V2Scraper - INFO -   Existing points: 41
2026-07-22 13:50:27,307 - V2Scraper - INFO -   RSC: 65 places (41 total unique)
2026-07-22 13:50:27,530 - V2Scraper - INFO - Total extracted: 41 places
2026-07-22 13:50:27,530 - V2Scraper - INFO -   No new points or corrections needed
2026-07-22 13:50:27,530 - V2Scraper - INFO -   No updates needed
2026-07-22 13:50:28,532 - V2Scraper - INFO - 
[105/292] 365 Days To The Wedding (OAHs4S1CXAlmcCbu520H)
2026-07-22 13:50:28,532 - V2Scraper - INFO -   Already exists (ID 6298), checking for updates...
2026-07-22 13:50:28,533 - V2Scraper - INFO -   Existing points: 48
2026-07-22 13:50:29,791 - V2Scraper - INFO -   RSC: 70 places (47 total unique)
2026-07-22 13:50:30,000 - V2Scraper - INFO - Total extracted: 47 places
2026-07-22 13:50:30,000 - V2Scraper - INFO -   No new points or corrections needed
2026-07-22 13:50:30,001 - V2Scraper - INFO -   No updates needed
2026-07-22 13:50:31,002 - V2Scraper - INFO - 
[106/292] Summer Pockets (OZ6C0hvndlfhdIAf7sIa)
2026-07-22 13:50:31,002 - V2Scraper - INFO -   Already exists (ID 6299), checking for updates...
2026-07-22 13:50:31,004 - V2Scraper - INFO -   Existing points: 65
2026-07-22 13:50:32,567 - V2Scraper - INFO -   RSC: 90 places (65 total unique)
2026-07-22 13:50:32,792 - V2Scraper - INFO - Total extracted: 65 places
2026-07-22 13:50:32,793 - V2Scraper - INFO -   No new points or corrections needed
2026-07-22 13:50:32,793 - V2Scraper - INFO -   No updates needed
2026-07-22 13:50:33,794 - V2Scraper - INFO - 
[107/292] I Made Friends With The Second Prettiest Girl In My Class (OaKLJatdGQqtkk4SZWdB)
2026-07-22 13:50:33,795 - V2Scraper - INFO -   Already exists (ID 6300), checking for updates...
2026-07-22 13:50:33,795 - V2Scraper - INFO -   Existing points: 26
2026-07-22 13:50:35,005 - V2Scraper - INFO -   RSC: 50 places (26 total unique)
2026-07-22 13:50:35,227 - V2Scraper - INFO - Total extracted: 26 places
2026-07-22 13:50:35,228 - V2Scraper - INFO -   No new points or corrections needed
2026-07-22 13:50:35,228 - V2Scraper - INFO -   No updates needed
2026-07-22 13:50:36,229 - V2Scraper - INFO - 
[108/292] Bleach Memories Of Nobody (PKagB1hxt8p8a39k8MVY)
2026-07-22 13:50:36,229 - V2Scraper - INFO -   Already exists (ID 6301), checking for updates...
2026-07-22 13:50:36,230 - V2Scraper - INFO -   Existing points: 10
2026-07-22 13:50:37,375 - V2Scraper - INFO -   RSC: 20 places (10 total unique)
2026-07-22 13:50:37,589 - V2Scraper - INFO - Total extracted: 10 places
2026-07-22 13:50:37,590 - V2Scraper - INFO -   No new points or corrections needed
2026-07-22 13:50:37,590 - V2Scraper - INFO -   No updates needed
2026-07-22 13:50:38,591 - V2Scraper - INFO - 
[109/292] Tamako Love Story (PMFHkoPU1pObVfazDppZ)
2026-07-22 13:50:38,591 - V2Scraper - INFO -   Already exists (ID 6302), checking for updates...
2026-07-22 13:50:38,592 - V2Scraper - INFO -   Existing points: 29
2026-07-22 13:50:39,838 - V2Scraper - INFO -   RSC: 52 places (29 total unique)
2026-07-22 13:50:40,055 - V2Scraper - INFO - Total extracted: 29 places
2026-07-22 13:50:40,056 - V2Scraper - INFO -   No new points or corrections needed
2026-07-22 13:50:40,056 - V2Scraper - INFO -   No updates needed
2026-07-22 13:50:41,057 - V2Scraper - INFO - 
[110/292] Re Zero 2 (PY8lyzbzxH7yFNe0z1kg)
2026-07-22 13:50:41,057 - V2Scraper - INFO -   Already exists (ID 6303), checking for updates...
2026-07-22 13:50:41,058 - V2Scraper - INFO -   Existing points: 7
2026-07-22 13:50:42,272 - V2Scraper - INFO -   RSC: 14 places (7 total unique)
2026-07-22 13:50:42,479 - V2Scraper - INFO - Total extracted: 7 places
2026-07-22 13:50:42,479 - V2Scraper - INFO -   No new points or corrections needed
2026-07-22 13:50:42,479 - V2Scraper - INFO -   No updates needed
2026-07-22 13:50:43,480 - V2Scraper - INFO - 
[111/292] Goodbye Lara (Q5sGWTURXZRsHIhzUbAH)
2026-07-22 13:50:43,480 - V2Scraper - INFO -   Already exists (ID 6839), checking for updates...
2026-07-22 13:50:43,481 - V2Scraper - INFO -   Existing points: 9
2026-07-22 13:50:44,829 - V2Scraper - INFO -   RSC: 18 places (9 total unique)
2026-07-22 13:50:45,053 - V2Scraper - INFO -   Posts API: 1 user-uploaded places
2026-07-22 13:50:45,053 - V2Scraper - INFO -   API: 1 user-uploaded places (9 total unique)
2026-07-22 13:50:45,053 - V2Scraper - INFO - Total extracted: 9 places
2026-07-22 13:50:45,053 - V2Scraper - INFO -   No new points or corrections needed
2026-07-22 13:50:45,054 - V2Scraper - INFO -   No updates needed
2026-07-22 13:50:46,055 - V2Scraper - INFO - 
[112/292] Shoshimin (QG989BWllZZQ1ZeuErVx)
2026-07-22 13:50:46,055 - V2Scraper - INFO -   Already exists (ID 6304), checking for updates...
2026-07-22 13:50:46,056 - V2Scraper - INFO -   Existing points: 58
2026-07-22 13:50:47,344 - V2Scraper - INFO -   RSC: 81 places (57 total unique)
2026-07-22 13:50:47,547 - V2Scraper - INFO - Total extracted: 57 places
2026-07-22 13:50:47,548 - V2Scraper - INFO -   No new points or corrections needed
2026-07-22 13:50:47,548 - V2Scraper - INFO -   No updates needed
2026-07-22 13:50:48,549 - V2Scraper - INFO - 
[113/292] Slow Loop (QZEqu5MPWKCjeIQD0ChT)
2026-07-22 13:50:48,549 - V2Scraper - INFO -   Already exists (ID 6305), checking for updates...
2026-07-22 13:50:48,550 - V2Scraper - INFO -   Existing points: 32
2026-07-22 13:50:49,810 - V2Scraper - INFO -   RSC: 56 places (32 total unique)
2026-07-22 13:50:50,027 - V2Scraper - INFO - Total extracted: 32 places
2026-07-22 13:50:50,028 - V2Scraper - INFO -   No new points or corrections needed
2026-07-22 13:50:50,028 - V2Scraper - INFO -   No updates needed
2026-07-22 13:50:51,029 - V2Scraper - INFO - 
[114/292] Oregairu Snafu 2 (QdSz4uvUO8xtPQ2YnNCH)
2026-07-22 13:50:51,029 - V2Scraper - INFO -   Already exists (ID 6306), checking for updates...
2026-07-22 13:50:51,030 - V2Scraper - INFO -   Existing points: 62
2026-07-22 13:50:52,360 - V2Scraper - INFO -   RSC: 86 places (61 total unique)
2026-07-22 13:50:52,585 - V2Scraper - INFO - Total extracted: 61 places
2026-07-22 13:50:52,585 - V2Scraper - INFO -   No new points or corrections needed
2026-07-22 13:50:52,585 - V2Scraper - INFO -   No updates needed
2026-07-22 13:50:53,587 - V2Scraper - INFO - 
[115/292] Wash It All Away (QqXeEHTDBJy8XPLbqrrn)
2026-07-22 13:50:53,587 - V2Scraper - INFO -   Already exists (ID 6307), checking for updates...
2026-07-22 13:50:53,588 - V2Scraper - INFO -   Existing points: 71
2026-07-22 13:50:54,835 - V2Scraper - INFO -   RSC: 95 places (70 total unique)
2026-07-22 13:50:55,060 - V2Scraper - INFO - Total extracted: 70 places
2026-07-22 13:50:55,061 - V2Scraper - INFO -   No new points or corrections needed
2026-07-22 13:50:55,061 - V2Scraper - INFO -   No updates needed
2026-07-22 13:50:56,062 - V2Scraper - INFO - 
[116/292] Yuruyuri Summer Vacation Plus (R5O9FmDqJMUVD5L3zIo8)
2026-07-22 13:50:56,062 - V2Scraper - INFO -   Already exists (ID 6308), checking for updates...
2026-07-22 13:50:56,063 - V2Scraper - INFO -   Existing points: 8
2026-07-22 13:50:57,234 - V2Scraper - INFO -   RSC: 15 places (8 total unique)
2026-07-22 13:50:57,453 - V2Scraper - INFO - Total extracted: 8 places
2026-07-22 13:50:57,453 - V2Scraper - INFO -   No new points or corrections needed
2026-07-22 13:50:57,453 - V2Scraper - INFO -   No updates needed
2026-07-22 13:50:58,454 - V2Scraper - INFO - 
[117/292] Initial D Legend 2 (RLpqKpn3ABpw8arWkpWc)
2026-07-22 13:50:58,454 - V2Scraper - INFO -   Already exists (ID 6309), checking for updates...
2026-07-22 13:50:58,455 - V2Scraper - INFO -   Existing points: 22
2026-07-22 13:50:59,711 - V2Scraper - INFO -   RSC: 42 places (22 total unique)
2026-07-22 13:50:59,920 - V2Scraper - INFO - Total extracted: 22 places
2026-07-22 13:50:59,920 - V2Scraper - INFO -   No new points or corrections needed
2026-07-22 13:50:59,920 - V2Scraper - INFO -   No updates needed
2026-07-22 13:51:00,921 - V2Scraper - INFO - 
[118/292] Sword Art Online (RLvmUUdAaqEDbvILfPsq)
2026-07-22 13:51:00,922 - V2Scraper - INFO -   Already exists (ID 6923), checking for updates...
2026-07-22 13:51:00,922 - V2Scraper - INFO -   Existing points: 3
2026-07-22 13:51:02,199 - V2Scraper - INFO -   RSC: 6 places (3 total unique)
2026-07-22 13:51:02,412 - V2Scraper - INFO - Total extracted: 3 places
2026-07-22 13:51:02,412 - V2Scraper - INFO -   No new points or corrections needed
2026-07-22 13:51:02,412 - V2Scraper - INFO -   No updates needed
2026-07-22 13:51:03,413 - V2Scraper - INFO - 
[119/292] The Angel Next Door Spoils Me Rotten (RPnFHigPkhOePBI3ZpP7)
2026-07-22 13:51:03,414 - V2Scraper - INFO -   Already exists (ID 6310), checking for updates...
2026-07-22 13:51:03,414 - V2Scraper - INFO -   Existing points: 8
2026-07-22 13:51:04,715 - V2Scraper - INFO -   RSC: 16 places (8 total unique)
2026-07-22 13:51:04,942 - V2Scraper - INFO - Total extracted: 8 places
2026-07-22 13:51:04,942 - V2Scraper - INFO -   No new points or corrections needed
2026-07-22 13:51:04,942 - V2Scraper - INFO -   No updates needed
2026-07-22 13:51:05,944 - V2Scraper - INFO - 
[120/292] Iroduku (RawAH4VbfP7uT0pSXQv9)
2026-07-22 13:51:05,944 - V2Scraper - INFO -   Already exists (ID 6311), checking for updates...
2026-07-22 13:51:05,945 - V2Scraper - INFO -   Existing points: 76
2026-07-22 13:51:07,270 - V2Scraper - INFO -   RSC: 99 places (75 total unique)
2026-07-22 13:51:07,498 - V2Scraper - INFO - Total extracted: 75 places
2026-07-22 13:51:07,499 - V2Scraper - INFO -   No new points or corrections needed
2026-07-22 13:51:07,499 - V2Scraper - INFO -   No updates needed
2026-07-22 13:51:08,500 - V2Scraper - INFO - 
[121/292] Ride Your Wave (RdB9u0ObLQdFxMYl4nUx)
2026-07-22 13:51:08,500 - V2Scraper - INFO -   Already exists (ID 6312), checking for updates...
2026-07-22 13:51:08,501 - V2Scraper - INFO -   Existing points: 15
2026-07-22 13:51:09,923 - V2Scraper - INFO -   RSC: 30 places (15 total unique)
2026-07-22 13:51:10,139 - V2Scraper - INFO - Total extracted: 15 places
2026-07-22 13:51:10,140 - V2Scraper - INFO -   No new points or corrections needed
2026-07-22 13:51:10,140 - V2Scraper - INFO -   No updates needed
2026-07-22 13:51:11,141 - V2Scraper - INFO - 
[122/292] Anohana (S2Ck9BmF9DceONFuYdu2)
2026-07-22 13:51:11,141 - V2Scraper - INFO -   Already exists (ID 6313), checking for updates...
2026-07-22 13:51:11,142 - V2Scraper - INFO -   Existing points: 36
2026-07-22 13:51:12,380 - V2Scraper - INFO -   RSC: 59 places (35 total unique)
2026-07-22 13:51:12,600 - V2Scraper - INFO - Total extracted: 35 places
2026-07-22 13:51:12,600 - V2Scraper - INFO -   No new points or corrections needed
2026-07-22 13:51:12,600 - V2Scraper - INFO -   No updates needed
2026-07-22 13:51:13,601 - V2Scraper - INFO - 
[123/292] Star Detective Precure (SLJtXMvLjJFxkt3cKtRL)
2026-07-22 13:51:13,602 - V2Scraper - INFO -   Already exists (ID 6314), checking for updates...
2026-07-22 13:51:13,602 - V2Scraper - INFO -   Existing points: 6
2026-07-22 13:51:14,802 - V2Scraper - INFO -   RSC: 18 places (6 total unique)
2026-07-22 13:51:15,026 - V2Scraper - INFO -   Posts API: 6 user-uploaded places
2026-07-22 13:51:15,026 - V2Scraper - INFO -   API: 6 user-uploaded places (6 total unique)
2026-07-22 13:51:15,026 - V2Scraper - INFO - Total extracted: 6 places
2026-07-22 13:51:15,027 - V2Scraper - INFO -   No new points or corrections needed
2026-07-22 13:51:15,027 - V2Scraper - INFO -   No updates needed
2026-07-22 13:51:16,028 - V2Scraper - INFO - 
[124/292] Erased (SZ4J7oV1NGtk9EIFlZCO)
2026-07-22 13:51:16,028 - V2Scraper - INFO -   Already exists (ID 6315), checking for updates...
2026-07-22 13:51:16,029 - V2Scraper - INFO -   Existing points: 22
2026-07-22 13:51:17,367 - V2Scraper - INFO -   RSC: 44 places (22 total unique)
2026-07-22 13:51:17,599 - V2Scraper - INFO - Total extracted: 22 places
2026-07-22 13:51:17,599 - V2Scraper - INFO -   No new points or corrections needed
2026-07-22 13:51:17,599 - V2Scraper - INFO -   No updates needed
2026-07-22 13:51:18,600 - V2Scraper - INFO - 
[125/292] The Place Promised In Our Early Days (SvV7FwjDoS2tJiVqx4NA)
2026-07-22 13:51:18,601 - V2Scraper - INFO -   Already exists (ID 6316), checking for updates...
2026-07-22 13:51:18,601 - V2Scraper - INFO -   Existing points: 13
2026-07-22 13:51:19,961 - V2Scraper - INFO -   RSC: 26 places (13 total unique)
2026-07-22 13:51:20,187 - V2Scraper - INFO - Total extracted: 13 places
2026-07-22 13:51:20,187 - V2Scraper - INFO -   No new points or corrections needed
2026-07-22 13:51:20,187 - V2Scraper - INFO -   No updates needed
2026-07-22 13:51:21,189 - V2Scraper - INFO - 
[126/292] Your Lie In April (SxVDZdqsWoda64YFSB5I)
2026-07-22 13:51:21,189 - V2Scraper - INFO -   Already exists (ID 6317), checking for updates...
2026-07-22 13:51:21,190 - V2Scraper - INFO -   Existing points: 36
2026-07-22 13:51:22,520 - V2Scraper - INFO -   RSC: 61 places (36 total unique)
2026-07-22 13:51:22,735 - V2Scraper - INFO - Total extracted: 36 places
2026-07-22 13:51:22,736 - V2Scraper - INFO -   No new points or corrections needed
2026-07-22 13:51:22,736 - V2Scraper - INFO -   No updates needed
2026-07-22 13:51:23,737 - V2Scraper - INFO - 
[127/292] Kaguya Sama S2 (TAaEPRwIJMNDic8UNpyJ)
2026-07-22 13:51:23,737 - V2Scraper - INFO -   Already exists (ID 6318), checking for updates...
2026-07-22 13:51:23,738 - V2Scraper - INFO -   Existing points: 6
2026-07-22 13:51:24,990 - V2Scraper - INFO -   RSC: 11 places (6 total unique)
2026-07-22 13:51:25,209 - V2Scraper - INFO - Total extracted: 6 places
2026-07-22 13:51:25,209 - V2Scraper - INFO -   No new points or corrections needed
2026-07-22 13:51:25,209 - V2Scraper - INFO -   No updates needed
2026-07-22 13:51:26,211 - V2Scraper - INFO - 
[128/292] The Dangers In My Heart 2 (TCBZtniKN2tuT2Mr6sFW)
2026-07-22 13:51:26,211 - V2Scraper - INFO -   Already exists (ID 6319), checking for updates...
2026-07-22 13:51:26,212 - V2Scraper - INFO -   Existing points: 42
2026-07-22 13:51:27,471 - V2Scraper - INFO -   RSC: 63 places (41 total unique)
2026-07-22 13:51:27,688 - V2Scraper - INFO - Total extracted: 41 places
2026-07-22 13:51:27,688 - V2Scraper - INFO -   No new points or corrections needed
2026-07-22 13:51:27,688 - V2Scraper - INFO -   No updates needed
2026-07-22 13:51:28,689 - V2Scraper - INFO - 
[129/292] Gate (TSkvs59be6uQgnRQeRe9)
2026-07-22 13:51:28,689 - V2Scraper - INFO -   Already exists (ID 6320), checking for updates...
2026-07-22 13:51:28,690 - V2Scraper - INFO -   Existing points: 28
2026-07-22 13:51:30,022 - V2Scraper - INFO -   RSC: 53 places (28 total unique)
2026-07-22 13:51:30,236 - V2Scraper - INFO - Total extracted: 28 places
2026-07-22 13:51:30,236 - V2Scraper - INFO -   No new points or corrections needed
2026-07-22 13:51:30,236 - V2Scraper - INFO -   No updates needed
2026-07-22 13:51:31,238 - V2Scraper - INFO - 
[130/292] Style Of Hiroshi Nohara Lunch (TjkYh2MXRiFE4rlWLMtb)
2026-07-22 13:51:31,238 - V2Scraper - INFO -   Already exists (ID 6321), checking for updates...
2026-07-22 13:51:31,238 - V2Scraper - INFO -   Existing points: 8
2026-07-22 13:51:32,469 - V2Scraper - INFO -   RSC: 15 places (8 total unique)
2026-07-22 13:51:32,699 - V2Scraper - INFO - Total extracted: 8 places
2026-07-22 13:51:32,699 - V2Scraper - INFO -   No new points or corrections needed
2026-07-22 13:51:32,699 - V2Scraper - INFO -   No updates needed
2026-07-22 13:51:33,700 - V2Scraper - INFO - 
[131/292] Oomuro Ke Dear Friends (TokTljW8Xuc2zv5zjpL7)
2026-07-22 13:51:33,701 - V2Scraper - INFO -   Already exists (ID 6322), checking for updates...
2026-07-22 13:51:33,702 - V2Scraper - INFO -   Existing points: 29
2026-07-22 13:51:34,928 - V2Scraper - INFO -   RSC: 54 places (29 total unique)
2026-07-22 13:51:35,142 - V2Scraper - INFO - Total extracted: 29 places
2026-07-22 13:51:35,143 - V2Scraper - INFO -   No new points or corrections needed
2026-07-22 13:51:35,143 - V2Scraper - INFO -   No updates needed
2026-07-22 13:51:36,144 - V2Scraper - INFO - 
[132/292] Darling In The Franxx (U4M4jkiANLzkJ3fvBass)
2026-07-22 13:51:36,144 - V2Scraper - INFO -   Already exists (ID 6323), checking for updates...
2026-07-22 13:51:36,145 - V2Scraper - INFO -   Existing points: 5
2026-07-22 13:51:37,442 - V2Scraper - INFO -   RSC: 10 places (5 total unique)
2026-07-22 13:51:37,661 - V2Scraper - INFO - Total extracted: 5 places
2026-07-22 13:51:37,661 - V2Scraper - INFO -   No new points or corrections needed
2026-07-22 13:51:37,661 - V2Scraper - INFO -   No updates needed
2026-07-22 13:51:38,662 - V2Scraper - INFO - 
[133/292] Rascal Does Not Dream Of Santa Claus (UAxl5OxUl27L0betSu5L)
2026-07-22 13:51:38,663 - V2Scraper - INFO -   Already exists (ID 6324), checking for updates...
2026-07-22 13:51:38,664 - V2Scraper - INFO -   Existing points: 133
2026-07-22 13:51:40,093 - V2Scraper - INFO -   RSC: 157 places (132 total unique)
2026-07-22 13:51:40,303 - V2Scraper - INFO - Total extracted: 132 places
2026-07-22 13:51:40,304 - V2Scraper - INFO -   No new points or corrections needed
2026-07-22 13:51:40,304 - V2Scraper - INFO -   No updates needed
2026-07-22 13:51:41,305 - V2Scraper - INFO - 
[134/292] Digimon Adventure Last Evolution Kizuna (UFsJyag2lYH3H0hc2FOR)
2026-07-22 13:51:41,306 - V2Scraper - INFO -   Already exists (ID 6325), checking for updates...
2026-07-22 13:51:41,306 - V2Scraper - INFO -   Existing points: 23
2026-07-22 13:51:42,563 - V2Scraper - INFO -   RSC: 45 places (23 total unique)
2026-07-22 13:51:42,786 - V2Scraper - INFO - Total extracted: 23 places
2026-07-22 13:51:42,786 - V2Scraper - INFO -   No new points or corrections needed
2026-07-22 13:51:42,786 - V2Scraper - INFO -   No updates needed
2026-07-22 13:51:43,787 - V2Scraper - INFO - 
[135/292] Mirai (UVPVcuDouxDp80lD6iDf)
2026-07-22 13:51:43,788 - V2Scraper - INFO -   Already exists (ID 6326), checking for updates...
2026-07-22 13:51:43,788 - V2Scraper - INFO -   Existing points: 9
2026-07-22 13:51:45,377 - V2Scraper - INFO -   RSC: 18 places (9 total unique)
2026-07-22 13:51:45,599 - V2Scraper - INFO - Total extracted: 9 places
2026-07-22 13:51:45,599 - V2Scraper - INFO -   No new points or corrections needed
2026-07-22 13:51:45,599 - V2Scraper - INFO -   No updates needed
2026-07-22 13:51:46,600 - V2Scraper - INFO - 
[136/292] Negative Positive Angler (UXyZMhIozhcciP5RVeEq)
2026-07-22 13:51:46,600 - V2Scraper - INFO -   Already exists (ID 6327), checking for updates...
2026-07-22 13:51:46,601 - V2Scraper - INFO -   Existing points: 58
2026-07-22 13:51:47,909 - V2Scraper - INFO -   RSC: 81 places (58 total unique)
2026-07-22 13:51:48,137 - V2Scraper - INFO - Total extracted: 58 places
2026-07-22 13:51:48,138 - V2Scraper - INFO -   No new points or corrections needed
2026-07-22 13:51:48,138 - V2Scraper - INFO -   No updates needed
2026-07-22 13:51:49,139 - V2Scraper - INFO - 
[137/292] Barakamon (UcdcmZWDPCZiUdYZ6j7t)
2026-07-22 13:51:49,139 - V2Scraper - INFO -   Already exists (ID 6328), checking for updates...
2026-07-22 13:51:49,140 - V2Scraper - INFO -   Existing points: 20
2026-07-22 13:51:50,511 - V2Scraper - INFO -   RSC: 39 places (20 total unique)
2026-07-22 13:51:50,738 - V2Scraper - INFO - Total extracted: 20 places
2026-07-22 13:51:50,738 - V2Scraper - INFO -   No new points or corrections needed
2026-07-22 13:51:50,739 - V2Scraper - INFO -   No updates needed
2026-07-22 13:51:51,740 - V2Scraper - INFO - 
[138/292] Rascal Does Not Dream Of A Dreaming Girl (UnHZjOgLD7JW5aUXBdwc)
2026-07-22 13:51:51,740 - V2Scraper - INFO -   Already exists (ID 6329), checking for updates...
2026-07-22 13:51:51,741 - V2Scraper - INFO -   Existing points: 35
2026-07-22 13:51:53,140 - V2Scraper - INFO -   RSC: 59 places (34 total unique)
2026-07-22 13:51:53,402 - V2Scraper - INFO - Total extracted: 34 places
2026-07-22 13:51:53,402 - V2Scraper - INFO -   No new points or corrections needed
2026-07-22 13:51:53,402 - V2Scraper - INFO -   No updates needed
2026-07-22 13:51:54,404 - V2Scraper - INFO - 
[139/292] Sao Ordinal Scale (Ur5mrwrBPVePfw7X3LNc)
2026-07-22 13:51:54,404 - V2Scraper - INFO -   Already exists (ID 6330), checking for updates...
2026-07-22 13:51:54,404 - V2Scraper - INFO -   Existing points: 10
2026-07-22 13:51:55,730 - V2Scraper - INFO -   RSC: 20 places (10 total unique)
2026-07-22 13:51:55,963 - V2Scraper - INFO - Total extracted: 10 places
2026-07-22 13:51:55,963 - V2Scraper - INFO -   No new points or corrections needed
2026-07-22 13:51:55,963 - V2Scraper - INFO -   No updates needed
2026-07-22 13:51:56,964 - V2Scraper - INFO - 
[140/292] Jujutsu Kaisen 2 (UrP8DF1mot4eA2YfzSJk)
2026-07-22 13:51:56,965 - V2Scraper - INFO -   Already exists (ID 6331), checking for updates...
2026-07-22 13:51:56,965 - V2Scraper - INFO -   Existing points: 77
2026-07-22 13:51:58,486 - V2Scraper - INFO -   RSC: 102 places (77 total unique)
2026-07-22 13:51:58,730 - V2Scraper - INFO - Total extracted: 77 places
2026-07-22 13:51:58,730 - V2Scraper - INFO -   No new points or corrections needed
2026-07-22 13:51:58,730 - V2Scraper - INFO -   No updates needed
2026-07-22 13:51:59,732 - V2Scraper - INFO - 
[141/292] A Place Further Than The Universe (V8ZUeVmlHtP2Wh4scQ77)
2026-07-22 13:51:59,732 - V2Scraper - INFO -   Already exists (ID 6332), checking for updates...
2026-07-22 13:51:59,732 - V2Scraper - INFO -   Existing points: 37
2026-07-22 13:52:01,122 - V2Scraper - INFO -   RSC: 61 places (37 total unique)
2026-07-22 13:52:01,363 - V2Scraper - INFO - Total extracted: 37 places
2026-07-22 13:52:01,363 - V2Scraper - INFO -   No new points or corrections needed
2026-07-22 13:52:01,364 - V2Scraper - INFO -   No updates needed
2026-07-22 13:52:02,365 - V2Scraper - INFO - 
[142/292] Girls Panzer (VD31WwqZ3Ok7A1Fcr892)
2026-07-22 13:52:02,365 - V2Scraper - INFO -   Already exists (ID 6333), checking for updates...
2026-07-22 13:52:02,366 - V2Scraper - INFO -   Existing points: 22
2026-07-22 13:52:03,654 - V2Scraper - INFO -   RSC: 42 places (22 total unique)
2026-07-22 13:52:03,888 - V2Scraper - INFO - Total extracted: 22 places
2026-07-22 13:52:03,888 - V2Scraper - INFO -   No new points or corrections needed
2026-07-22 13:52:03,888 - V2Scraper - INFO -   No updates needed
2026-07-22 13:52:04,889 - V2Scraper - INFO - 
[143/292] My Dress Up Darling (VIQzdK6tzpH3rImWUzQ6)
2026-07-22 13:52:04,890 - V2Scraper - INFO -   Already exists (ID 6334), checking for updates...
2026-07-22 13:52:04,890 - V2Scraper - INFO -   Existing points: 35
2026-07-22 13:52:06,195 - V2Scraper - INFO -   RSC: 60 places (35 total unique)
2026-07-22 13:52:06,434 - V2Scraper - INFO - Total extracted: 35 places
2026-07-22 13:52:06,435 - V2Scraper - INFO -   No new points or corrections needed
2026-07-22 13:52:06,435 - V2Scraper - INFO -   No updates needed
2026-07-22 13:52:07,436 - V2Scraper - INFO - 
[144/292] Blend S (VVAuTlfMEMbesT8lj0Me)
2026-07-22 13:52:07,436 - V2Scraper - INFO -   Already exists (ID 6335), checking for updates...
2026-07-22 13:52:07,437 - V2Scraper - INFO -   Existing points: 9
2026-07-22 13:52:08,661 - V2Scraper - INFO -   RSC: 18 places (9 total unique)
2026-07-22 13:52:08,872 - V2Scraper - INFO - Total extracted: 9 places
2026-07-22 13:52:08,872 - V2Scraper - INFO -   No new points or corrections needed
2026-07-22 13:52:08,872 - V2Scraper - INFO -   No updates needed
2026-07-22 13:52:09,874 - V2Scraper - INFO - 
[145/292] Steins Gate (VYoUbJBIkUiLX3HPYQGl)
2026-07-22 13:52:09,874 - V2Scraper - INFO -   Already exists (ID 6336), checking for updates...
2026-07-22 13:52:09,875 - V2Scraper - INFO -   Existing points: 65
2026-07-22 13:52:11,174 - V2Scraper - INFO -   RSC: 89 places (64 total unique)
2026-07-22 13:52:11,419 - V2Scraper - INFO - Total extracted: 64 places
2026-07-22 13:52:11,419 - V2Scraper - INFO -   No new points or corrections needed
2026-07-22 13:52:11,419 - V2Scraper - INFO -   No updates needed
2026-07-22 13:52:12,421 - V2Scraper - INFO - 
[146/292] Teasing Master Takagi San 2 (VhH877Oq00jh2nXka21n)
2026-07-22 13:52:12,421 - V2Scraper - INFO -   Already exists (ID 6337), checking for updates...
2026-07-22 13:52:12,421 - V2Scraper - INFO -   Existing points: 13
2026-07-22 13:52:13,618 - V2Scraper - INFO -   RSC: 26 places (13 total unique)
2026-07-22 13:52:13,828 - V2Scraper - INFO - Total extracted: 13 places
2026-07-22 13:52:13,828 - V2Scraper - INFO -   No new points or corrections needed
2026-07-22 13:52:13,828 - V2Scraper - INFO -   No updates needed
2026-07-22 13:52:14,830 - V2Scraper - INFO - 
[147/292] Bang Dream Its Mygo (VkynuahKEcbI6q0ygptX)
2026-07-22 13:52:14,830 - V2Scraper - INFO -   Already exists (ID 6338), checking for updates...
2026-07-22 13:52:14,831 - V2Scraper - INFO -   Existing points: 35
2026-07-22 13:52:16,089 - V2Scraper - INFO -   RSC: 60 places (35 total unique)
2026-07-22 13:52:16,340 - V2Scraper - INFO - Total extracted: 35 places
2026-07-22 13:52:16,340 - V2Scraper - INFO -   No new points or corrections needed
2026-07-22 13:52:16,340 - V2Scraper - INFO -   No updates needed
2026-07-22 13:52:17,341 - V2Scraper - INFO - 
[148/292] Touring After The Apocalypse (VwCzosaRb9Xdvs1m8bls)
2026-07-22 13:52:17,342 - V2Scraper - INFO -   Already exists (ID 6339), checking for updates...
2026-07-22 13:52:17,343 - V2Scraper - INFO -   Existing points: 109
2026-07-22 13:52:18,712 - V2Scraper - INFO -   RSC: 132 places (108 total unique)
2026-07-22 13:52:18,948 - V2Scraper - INFO - Total extracted: 108 places
2026-07-22 13:52:18,949 - V2Scraper - INFO -   No new points or corrections needed
2026-07-22 13:52:18,949 - V2Scraper - INFO -   No updates needed
2026-07-22 13:52:19,950 - V2Scraper - INFO - 
[149/292] The Tunnel To Summer The Exit Of Goodbyes (VwGMVFBArqmvYx8g1JQe)
2026-07-22 13:52:19,950 - V2Scraper - INFO -   Already exists (ID 6340), checking for updates...
2026-07-22 13:52:19,951 - V2Scraper - INFO -   Existing points: 11
2026-07-22 13:52:21,217 - V2Scraper - INFO -   RSC: 20 places (10 total unique)
2026-07-22 13:52:21,455 - V2Scraper - INFO - Total extracted: 10 places
2026-07-22 13:52:21,455 - V2Scraper - INFO -   No new points or corrections needed
2026-07-22 13:52:21,456 - V2Scraper - INFO -   No updates needed
2026-07-22 13:52:22,457 - V2Scraper - INFO - 
[150/292] Pseudo Harem (W6Ty1y47SrpzJsnFIiRq)
2026-07-22 13:52:22,457 - V2Scraper - INFO -   Already exists (ID 6341), checking for updates...
2026-07-22 13:52:22,458 - V2Scraper - INFO -   Existing points: 19
2026-07-22 13:52:23,827 - V2Scraper - INFO -   RSC: 37 places (19 total unique)
2026-07-22 13:52:24,047 - V2Scraper - INFO - Total extracted: 19 places
2026-07-22 13:52:24,047 - V2Scraper - INFO -   No new points or corrections needed
2026-07-22 13:52:24,047 - V2Scraper - INFO -   No updates needed
2026-07-22 13:52:25,049 - V2Scraper - INFO - 
[151/292] Tokyo Revengers 3 (WoY91eDNSvhHts6QSPg1)
2026-07-22 13:52:25,049 - V2Scraper - INFO -   Already exists (ID 6342), checking for updates...
2026-07-22 13:52:25,050 - V2Scraper - INFO -   Existing points: 23
2026-07-22 13:52:26,325 - V2Scraper - INFO -   RSC: 43 places (23 total unique)
2026-07-22 13:52:26,542 - V2Scraper - INFO - Total extracted: 23 places
2026-07-22 13:52:26,543 - V2Scraper - INFO -   No new points or corrections needed
2026-07-22 13:52:26,543 - V2Scraper - INFO -   No updates needed
2026-07-22 13:52:27,544 - V2Scraper - INFO - 
[152/292] Jellyfish Cant Swim In The Night (X2oUXyn7fGvGuS50lQCn)
2026-07-22 13:52:27,544 - V2Scraper - INFO -   Already exists (ID 6343), checking for updates...
2026-07-22 13:52:27,545 - V2Scraper - INFO -   Existing points: 28
2026-07-22 13:52:28,776 - V2Scraper - INFO -   RSC: 53 places (28 total unique)
2026-07-22 13:52:28,997 - V2Scraper - INFO - Total extracted: 28 places
2026-07-22 13:52:28,997 - V2Scraper - INFO -   No new points or corrections needed
2026-07-22 13:52:28,998 - V2Scraper - INFO -   No updates needed
2026-07-22 13:52:29,999 - V2Scraper - INFO - 
[153/292] Amagi Brilliant Park (X7iF240giFDBUnldbUVY)
2026-07-22 13:52:29,999 - V2Scraper - INFO -   Already exists (ID 6344), checking for updates...
2026-07-22 13:52:30,000 - V2Scraper - INFO -   Existing points: 10
2026-07-22 13:52:31,245 - V2Scraper - INFO -   RSC: 19 places (10 total unique)
2026-07-22 13:52:31,465 - V2Scraper - INFO - Total extracted: 10 places
2026-07-22 13:52:31,466 - V2Scraper - INFO -   No new points or corrections needed
2026-07-22 13:52:31,466 - V2Scraper - INFO -   No updates needed
2026-07-22 13:52:32,467 - V2Scraper - INFO - 
[154/292] Chainsaw Man (XVRPGfPRg2w1rhg6LbJq)
2026-07-22 13:52:32,467 - V2Scraper - INFO -   Already exists (ID 6345), checking for updates...
2026-07-22 13:52:32,468 - V2Scraper - INFO -   Existing points: 4
2026-07-22 13:52:33,722 - V2Scraper - INFO -   RSC: 8 places (4 total unique)
2026-07-22 13:52:33,948 - V2Scraper - INFO - Total extracted: 4 places
2026-07-22 13:52:33,948 - V2Scraper - INFO -   No new points or corrections needed
2026-07-22 13:52:33,949 - V2Scraper - INFO -   No updates needed
2026-07-22 13:52:34,950 - V2Scraper - INFO - 
[155/292] Maebashi Witches (XWNFKfeivPqVqZv9aN0M)
2026-07-22 13:52:34,950 - V2Scraper - INFO -   Already exists (ID 6346), checking for updates...
2026-07-22 13:52:34,951 - V2Scraper - INFO -   Existing points: 61
2026-07-22 13:52:36,290 - V2Scraper - INFO -   RSC: 86 places (61 total unique)
2026-07-22 13:52:36,518 - V2Scraper - INFO - Total extracted: 61 places
2026-07-22 13:52:36,519 - V2Scraper - INFO -   No new points or corrections needed
2026-07-22 13:52:36,519 - V2Scraper - INFO -   No updates needed
2026-07-22 13:52:37,520 - V2Scraper - INFO - 
[156/292] Kaguya Sama The First Kiss That Never Ends (XdDmRhPxTsVDwlmnjOqZ)
2026-07-22 13:52:37,520 - V2Scraper - INFO -   Already exists (ID 6347), checking for updates...
2026-07-22 13:52:37,521 - V2Scraper - INFO -   Existing points: 7
2026-07-22 13:52:38,801 - V2Scraper - INFO -   RSC: 14 places (7 total unique)
2026-07-22 13:52:39,038 - V2Scraper - INFO - Total extracted: 7 places
2026-07-22 13:52:39,038 - V2Scraper - INFO -   No new points or corrections needed
2026-07-22 13:52:39,039 - V2Scraper - INFO -   No updates needed
2026-07-22 13:52:40,040 - V2Scraper - INFO - 
[157/292] Chihayafuru (XdJHcqKxg3G3TekN1V8K)
2026-07-22 13:52:40,040 - V2Scraper - INFO -   Already exists (ID 6348), checking for updates...
2026-07-22 13:52:40,041 - V2Scraper - INFO -   Existing points: 25
2026-07-22 13:52:41,377 - V2Scraper - INFO -   RSC: 50 places (25 total unique)
2026-07-22 13:52:41,610 - V2Scraper - INFO - Total extracted: 25 places
2026-07-22 13:52:41,610 - V2Scraper - INFO -   No new points or corrections needed
2026-07-22 13:52:41,611 - V2Scraper - INFO -   No updates needed
2026-07-22 13:52:42,612 - V2Scraper - INFO - 
[158/292] Rent A Girlfriend 2 (YBki2zmwelxlOa6u2Y2w)
2026-07-22 13:52:42,612 - V2Scraper - INFO -   Already exists (ID 6349), checking for updates...
2026-07-22 13:52:42,613 - V2Scraper - INFO -   Existing points: 30
2026-07-22 13:52:43,911 - V2Scraper - INFO -   RSC: 55 places (30 total unique)
2026-07-22 13:52:44,149 - V2Scraper - INFO - Total extracted: 30 places
2026-07-22 13:52:44,149 - V2Scraper - INFO -   No new points or corrections needed
2026-07-22 13:52:44,149 - V2Scraper - INFO -   No updates needed
2026-07-22 13:52:45,150 - V2Scraper - INFO - 
[159/292] Bungo Stray Dogs (YCv9qvKperWlZqGCGO9G)
2026-07-22 13:52:45,150 - V2Scraper - INFO -   Already exists (ID 6350), checking for updates...
2026-07-22 13:52:45,151 - V2Scraper - INFO -   Existing points: 26
2026-07-22 13:52:46,681 - V2Scraper - INFO -   RSC: 49 places (25 total unique)
2026-07-22 13:52:46,942 - V2Scraper - INFO - Total extracted: 25 places
2026-07-22 13:52:46,942 - V2Scraper - INFO -   No new points or corrections needed
2026-07-22 13:52:46,942 - V2Scraper - INFO -   No updates needed
2026-07-22 13:52:47,943 - V2Scraper - INFO - 
[160/292] Oshi No Ko (YKzUE2kxQL1P1ur9nflL)
2026-07-22 13:52:47,944 - V2Scraper - INFO -   Already exists (ID 6351), checking for updates...
2026-07-22 13:52:47,944 - V2Scraper - INFO -   Existing points: 28
2026-07-22 13:52:49,454 - V2Scraper - INFO -   RSC: 52 places (28 total unique)
2026-07-22 13:52:49,679 - V2Scraper - INFO - Total extracted: 28 places
2026-07-22 13:52:49,680 - V2Scraper - INFO -   No new points or corrections needed
2026-07-22 13:52:49,680 - V2Scraper - INFO -   No updates needed
2026-07-22 13:52:50,681 - V2Scraper - INFO - 
[161/292] Ruri Rocks (YLZiKMcAArdDWFoFtsY4)
2026-07-22 13:52:50,681 - V2Scraper - INFO -   Already exists (ID 6352), checking for updates...
2026-07-22 13:52:50,682 - V2Scraper - INFO -   Existing points: 9
2026-07-22 13:52:52,291 - V2Scraper - INFO -   RSC: 18 places (9 total unique)
2026-07-22 13:52:52,520 - V2Scraper - INFO - Total extracted: 9 places
2026-07-22 13:52:52,520 - V2Scraper - INFO -   No new points or corrections needed
2026-07-22 13:52:52,521 - V2Scraper - INFO -   No updates needed
2026-07-22 13:52:53,522 - V2Scraper - INFO - 
[162/292] You And I Are Polar Opposites (YXVReUNqOt4ymGmp6Ymh)
2026-07-22 13:52:53,522 - V2Scraper - INFO -   Already exists (ID 6353), checking for updates...
2026-07-22 13:52:53,523 - V2Scraper - INFO -   Existing points: 44
2026-07-22 13:52:54,858 - V2Scraper - INFO -   RSC: 68 places (44 total unique)
2026-07-22 13:52:55,086 - V2Scraper - INFO - Total extracted: 44 places
2026-07-22 13:52:55,086 - V2Scraper - INFO -   No new points or corrections needed
2026-07-22 13:52:55,087 - V2Scraper - INFO -   No updates needed
2026-07-22 13:52:56,088 - V2Scraper - INFO - 
[163/292] Free (YfZUuOQaiVpbuWXQXNt3)
2026-07-22 13:52:56,088 - V2Scraper - INFO -   Already exists (ID 6354), checking for updates...
2026-07-22 13:52:56,089 - V2Scraper - INFO -   Existing points: 29
2026-07-22 13:52:57,499 - V2Scraper - INFO -   RSC: 54 places (29 total unique)
2026-07-22 13:52:57,721 - V2Scraper - INFO - Total extracted: 29 places
2026-07-22 13:52:57,721 - V2Scraper - INFO -   No new points or corrections needed
2026-07-22 13:52:57,721 - V2Scraper - INFO -   No updates needed
2026-07-22 13:52:58,722 - V2Scraper - INFO - 
[164/292] The Ramparts Of Ice (YxP1yJDVqlWieMLbNmlQ)
2026-07-22 13:52:58,723 - V2Scraper - INFO -   Already exists (ID 6916), checking for updates...
2026-07-22 13:52:58,723 - V2Scraper - INFO -   Existing points: 8
2026-07-22 13:53:00,120 - V2Scraper - INFO -   RSC: 24 places (8 total unique)
2026-07-22 13:53:00,355 - V2Scraper - INFO -   Posts API: 8 user-uploaded places
2026-07-22 13:53:00,355 - V2Scraper - INFO -   API: 8 user-uploaded places (8 total unique)
2026-07-22 13:53:00,355 - V2Scraper - INFO - Total extracted: 8 places
2026-07-22 13:53:00,355 - V2Scraper - INFO -   No new points or corrections needed
2026-07-22 13:53:00,355 - V2Scraper - INFO -   No updates needed
2026-07-22 13:53:01,357 - V2Scraper - INFO - 
[165/292] Steins Gate Movie (ZH0zqKiaPk9CiGpashc9)
2026-07-22 13:53:01,357 - V2Scraper - INFO -   Already exists (ID 6355), checking for updates...
2026-07-22 13:53:01,357 - V2Scraper - INFO -   Existing points: 25
2026-07-22 13:53:02,593 - V2Scraper - INFO -   RSC: 49 places (25 total unique)
2026-07-22 13:53:02,823 - V2Scraper - INFO - Total extracted: 25 places
2026-07-22 13:53:02,823 - V2Scraper - INFO -   No new points or corrections needed
2026-07-22 13:53:02,823 - V2Scraper - INFO -   No updates needed
2026-07-22 13:53:03,825 - V2Scraper - INFO - 
[166/292] Digimon Adventure (ZUDKPLIyHJa5yQs8fBcs)
2026-07-22 13:53:03,825 - V2Scraper - INFO -   Already exists (ID 6356), checking for updates...
2026-07-22 13:53:03,826 - V2Scraper - INFO -   Existing points: 28
2026-07-22 13:53:05,168 - V2Scraper - INFO -   RSC: 53 places (28 total unique)
2026-07-22 13:53:05,384 - V2Scraper - INFO - Total extracted: 28 places
2026-07-22 13:53:05,385 - V2Scraper - INFO -   No new points or corrections needed
2026-07-22 13:53:05,385 - V2Scraper - INFO -   No updates needed
2026-07-22 13:53:06,386 - V2Scraper - INFO - 
[167/292] Zom 100 (ZqtTUmgvqV5KPwgxSndw)
2026-07-22 13:53:06,386 - V2Scraper - INFO -   Already exists (ID 6357), checking for updates...
2026-07-22 13:53:06,387 - V2Scraper - INFO -   Existing points: 20
2026-07-22 13:53:07,875 - V2Scraper - INFO -   RSC: 39 places (20 total unique)
2026-07-22 13:53:08,105 - V2Scraper - INFO - Total extracted: 20 places
2026-07-22 13:53:08,105 - V2Scraper - INFO -   No new points or corrections needed
2026-07-22 13:53:08,105 - V2Scraper - INFO -   No updates needed
2026-07-22 13:53:09,106 - V2Scraper - INFO - 
[168/292] Josee The Tiger And The Fish (aDbXS20p1mWrKQDEVsGp)
2026-07-22 13:53:09,107 - V2Scraper - INFO -   Already exists (ID 6358), checking for updates...
2026-07-22 13:53:09,107 - V2Scraper - INFO -   Existing points: 50
2026-07-22 13:53:10,385 - V2Scraper - INFO -   RSC: 75 places (50 total unique)
2026-07-22 13:53:10,619 - V2Scraper - INFO - Total extracted: 50 places
2026-07-22 13:53:10,620 - V2Scraper - INFO -   No new points or corrections needed
2026-07-22 13:53:10,620 - V2Scraper - INFO -   No updates needed
2026-07-22 13:53:11,621 - V2Scraper - INFO - 
[169/292] Yuki Yuna Is A Hero (aP1aVTrFoL1IrIBr5mPu)
2026-07-22 13:53:11,621 - V2Scraper - INFO -   Already exists (ID 6359), checking for updates...
2026-07-22 13:53:11,622 - V2Scraper - INFO -   Existing points: 30
2026-07-22 13:53:12,939 - V2Scraper - INFO -   RSC: 55 places (30 total unique)
2026-07-22 13:53:13,168 - V2Scraper - INFO - Total extracted: 30 places
2026-07-22 13:53:13,168 - V2Scraper - INFO -   No new points or corrections needed
2026-07-22 13:53:13,169 - V2Scraper - INFO -   No updates needed
2026-07-22 13:53:14,170 - V2Scraper - INFO - 
[170/292] Fruits Basket 1 (an4vmYqXjc70Pt2uzo7B)
2026-07-22 13:53:14,170 - V2Scraper - INFO -   Already exists (ID 6360), checking for updates...
2026-07-22 13:53:14,171 - V2Scraper - INFO -   Existing points: 35
2026-07-22 13:53:15,459 - V2Scraper - INFO -   RSC: 59 places (35 total unique)
2026-07-22 13:53:15,665 - V2Scraper - INFO - Total extracted: 35 places
2026-07-22 13:53:15,666 - V2Scraper - INFO -   No new points or corrections needed
2026-07-22 13:53:15,666 - V2Scraper - INFO -   No updates needed
2026-07-22 13:53:16,667 - V2Scraper - INFO - 
[171/292] Tougen Anki (asOr7rG7F3lvkRfna2Ll)
2026-07-22 13:53:16,667 - V2Scraper - INFO -   Already exists (ID 6361), checking for updates...
2026-07-22 13:53:16,668 - V2Scraper - INFO -   Existing points: 18
2026-07-22 13:53:17,926 - V2Scraper - INFO -   RSC: 36 places (18 total unique)
2026-07-22 13:53:18,154 - V2Scraper - INFO - Total extracted: 18 places
2026-07-22 13:53:18,155 - V2Scraper - INFO -   No new points or corrections needed
2026-07-22 13:53:18,155 - V2Scraper - INFO -   No updates needed
2026-07-22 13:53:19,156 - V2Scraper - INFO - 
[172/292] Sound Euphonium 2 (az2BetKCI9giur5x30E0)
2026-07-22 13:53:19,156 - V2Scraper - INFO -   Already exists (ID 6362), checking for updates...
2026-07-22 13:53:19,157 - V2Scraper - INFO -   Existing points: 33
2026-07-22 13:53:20,432 - V2Scraper - INFO -   RSC: 57 places (33 total unique)
2026-07-22 13:53:20,653 - V2Scraper - INFO - Total extracted: 33 places
2026-07-22 13:53:20,654 - V2Scraper - INFO -   No new points or corrections needed
2026-07-22 13:53:20,654 - V2Scraper - INFO -   No updates needed
2026-07-22 13:53:21,655 - V2Scraper - INFO - 
[173/292] Those Snow White Notes (bF9RdGQEUVWNJs47GnWL)
2026-07-22 13:53:21,655 - V2Scraper - INFO -   Already exists (ID 6363), checking for updates...
2026-07-22 13:53:21,656 - V2Scraper - INFO -   Existing points: 5
2026-07-22 13:53:22,935 - V2Scraper - INFO -   RSC: 10 places (5 total unique)
2026-07-22 13:53:23,148 - V2Scraper - INFO - Total extracted: 5 places
2026-07-22 13:53:23,148 - V2Scraper - INFO -   No new points or corrections needed
2026-07-22 13:53:23,148 - V2Scraper - INFO -   No updates needed
2026-07-22 13:53:24,149 - V2Scraper - INFO - 
[174/292] Uzaki Chan Wants To Hang Out (bFRLibDIg7vZl0RKsplj)
2026-07-22 13:53:24,149 - V2Scraper - INFO -   Already exists (ID 6364), checking for updates...
2026-07-22 13:53:24,150 - V2Scraper - INFO -   Existing points: 8
2026-07-22 13:53:25,468 - V2Scraper - INFO -   RSC: 16 places (8 total unique)
2026-07-22 13:53:25,705 - V2Scraper - INFO - Total extracted: 8 places
2026-07-22 13:53:25,705 - V2Scraper - INFO -   No new points or corrections needed
2026-07-22 13:53:25,705 - V2Scraper - INFO -   No updates needed
2026-07-22 13:53:26,706 - V2Scraper - INFO - 
[175/292] Love Chunibyo Other Delusions 2 (bYiMGbhWsrGctQyqWXdr)
2026-07-22 13:53:26,706 - V2Scraper - INFO -   Already exists (ID 6365), checking for updates...
2026-07-22 13:53:26,707 - V2Scraper - INFO -   Existing points: 66
2026-07-22 13:53:27,988 - V2Scraper - INFO -   RSC: 89 places (65 total unique)
2026-07-22 13:53:28,203 - V2Scraper - INFO - Total extracted: 65 places
2026-07-22 13:53:28,204 - V2Scraper - INFO -   No new points or corrections needed
2026-07-22 13:53:28,204 - V2Scraper - INFO -   No updates needed
2026-07-22 13:53:29,205 - V2Scraper - INFO - 
[176/292] Initial D Legend 3 (bfmIPuWLk9usCZzBUOgC)
2026-07-22 13:53:29,205 - V2Scraper - INFO -   Already exists (ID 6366), checking for updates...
2026-07-22 13:53:29,206 - V2Scraper - INFO -   Existing points: 32
2026-07-22 13:53:30,468 - V2Scraper - INFO -   RSC: 57 places (32 total unique)
2026-07-22 13:53:30,678 - V2Scraper - INFO - Total extracted: 32 places
2026-07-22 13:53:30,679 - V2Scraper - INFO -   No new points or corrections needed
2026-07-22 13:53:30,679 - V2Scraper - INFO -   No updates needed
2026-07-22 13:53:31,680 - V2Scraper - INFO - 
[177/292] Love Live 2 (bqcf5pBXd5nYTZrUrMN8)
2026-07-22 13:53:31,680 - V2Scraper - INFO -   Already exists (ID 6367), checking for updates...
2026-07-22 13:53:31,681 - V2Scraper - INFO -   Existing points: 32
2026-07-22 13:53:33,109 - V2Scraper - INFO -   RSC: 57 places (32 total unique)
2026-07-22 13:53:33,329 - V2Scraper - INFO - Total extracted: 32 places
2026-07-22 13:53:33,330 - V2Scraper - INFO -   No new points or corrections needed
2026-07-22 13:53:33,330 - V2Scraper - INFO -   No updates needed
2026-07-22 13:53:34,331 - V2Scraper - INFO - 
[178/292] Oomuro Ke Dear Sisters (cOpLn7qXUh2P78M0fIhs)
2026-07-22 13:53:34,331 - V2Scraper - INFO -   Already exists (ID 6368), checking for updates...
2026-07-22 13:53:34,332 - V2Scraper - INFO -   Existing points: 30
2026-07-22 13:53:35,545 - V2Scraper - INFO -   RSC: 54 places (30 total unique)
2026-07-22 13:53:35,763 - V2Scraper - INFO - Total extracted: 30 places
2026-07-22 13:53:35,763 - V2Scraper - INFO -   No new points or corrections needed
2026-07-22 13:53:35,764 - V2Scraper - INFO -   No updates needed
2026-07-22 13:53:36,765 - V2Scraper - INFO - 
[179/292] Rascal Does Not Dream Of A Sister Venturing Out (dJ4Fiyk6ExLMmNqCnuIL)
2026-07-22 13:53:36,765 - V2Scraper - INFO -   Already exists (ID 6369), checking for updates...
2026-07-22 13:53:36,766 - V2Scraper - INFO -   Existing points: 18
2026-07-22 13:53:38,033 - V2Scraper - INFO -   RSC: 36 places (18 total unique)
2026-07-22 13:53:38,258 - V2Scraper - INFO - Total extracted: 18 places
2026-07-22 13:53:38,258 - V2Scraper - INFO -   No new points or corrections needed
2026-07-22 13:53:38,258 - V2Scraper - INFO -   No updates needed
2026-07-22 13:53:39,260 - V2Scraper - INFO - 
[180/292] Elfen Lied (dVXVd9lm3POCaTrhbN8e)
2026-07-22 13:53:39,260 - V2Scraper - INFO -   Already exists (ID 6370), checking for updates...
2026-07-22 13:53:39,261 - V2Scraper - INFO -   Existing points: 24
2026-07-22 13:53:40,509 - V2Scraper - INFO -   RSC: 47 places (24 total unique)
2026-07-22 13:53:40,737 - V2Scraper - INFO - Total extracted: 24 places
2026-07-22 13:53:40,737 - V2Scraper - INFO -   No new points or corrections needed
2026-07-22 13:53:40,737 - V2Scraper - INFO -   No updates needed
2026-07-22 13:53:41,739 - V2Scraper - INFO - 
[181/292] Her Blue Sky (dfteHvtxljaQQWkj7Kdy)
2026-07-22 13:53:41,739 - V2Scraper - INFO -   Already exists (ID 6371), checking for updates...
2026-07-22 13:53:41,739 - V2Scraper - INFO -   Existing points: 18
2026-07-22 13:53:43,061 - V2Scraper - INFO -   RSC: 36 places (18 total unique)
2026-07-22 13:53:43,287 - V2Scraper - INFO - Total extracted: 18 places
2026-07-22 13:53:43,287 - V2Scraper - INFO -   No new points or corrections needed
2026-07-22 13:53:43,287 - V2Scraper - INFO -   No updates needed
2026-07-22 13:53:44,288 - V2Scraper - INFO - 
[182/292] Your Name (dmrJFiEnWhEOYhhISwFi)
2026-07-22 13:53:44,288 - V2Scraper - INFO -   Already exists (ID 6372), checking for updates...
2026-07-22 13:53:44,289 - V2Scraper - INFO -   Existing points: 44
2026-07-22 13:53:45,534 - V2Scraper - INFO -   RSC: 67 places (43 total unique)
2026-07-22 13:53:45,765 - V2Scraper - INFO -   Posts API: 1 user-uploaded places
2026-07-22 13:53:45,765 - V2Scraper - INFO -   API: 1 user-uploaded places (43 total unique)
2026-07-22 13:53:45,765 - V2Scraper - INFO - Total extracted: 43 places
2026-07-22 13:53:45,765 - V2Scraper - INFO -   No new points or corrections needed
2026-07-22 13:53:45,766 - V2Scraper - INFO -   No updates needed
2026-07-22 13:53:46,767 - V2Scraper - INFO - 
[183/292] Yaiba (e2eUeiRSW5QyEbEOq8k6)
2026-07-22 13:53:46,767 - V2Scraper - INFO -   Already exists (ID 6373), checking for updates...
2026-07-22 13:53:46,768 - V2Scraper - INFO -   Existing points: 51
2026-07-22 13:53:48,094 - V2Scraper - INFO -   RSC: 76 places (51 total unique)
2026-07-22 13:53:48,316 - V2Scraper - INFO - Total extracted: 51 places
2026-07-22 13:53:48,317 - V2Scraper - INFO -   No new points or corrections needed
2026-07-22 13:53:48,317 - V2Scraper - INFO -   No updates needed
2026-07-22 13:53:49,318 - V2Scraper - INFO - 
[184/292] Needy Girl Overdose (e6Jvn7LM2stwCIRdcYoo)
2026-07-22 13:53:49,319 - V2Scraper - INFO -   Already exists (ID 6374), checking for updates...
2026-07-22 13:53:49,319 - V2Scraper - INFO -   Existing points: 6
2026-07-22 13:53:50,642 - V2Scraper - INFO -   RSC: 12 places (6 total unique)
2026-07-22 13:53:50,863 - V2Scraper - INFO - Total extracted: 6 places
2026-07-22 13:53:50,863 - V2Scraper - INFO -   No new points or corrections needed
2026-07-22 13:53:50,864 - V2Scraper - INFO -   No updates needed
2026-07-22 13:53:51,865 - V2Scraper - INFO - 
[185/292] A Whisker Away (eATSGEuD8XRUlDLY55lV)
2026-07-22 13:53:51,865 - V2Scraper - INFO -   Already exists (ID 6375), checking for updates...
2026-07-22 13:53:51,866 - V2Scraper - INFO -   Existing points: 33
2026-07-22 13:53:53,039 - V2Scraper - INFO -   RSC: 58 places (33 total unique)
2026-07-22 13:53:53,260 - V2Scraper - INFO - Total extracted: 33 places
2026-07-22 13:53:53,260 - V2Scraper - INFO -   No new points or corrections needed
2026-07-22 13:53:53,260 - V2Scraper - INFO -   No updates needed
2026-07-22 13:53:54,261 - V2Scraper - INFO - 
[186/292] Bottom Tier Character Tomozaki (eHyev9i9uF8t1YZFk8B7)
2026-07-22 13:53:54,262 - V2Scraper - INFO -   Already exists (ID 6376), checking for updates...
2026-07-22 13:53:54,263 - V2Scraper - INFO -   Existing points: 58
2026-07-22 13:53:55,561 - V2Scraper - INFO -   RSC: 82 places (57 total unique)
2026-07-22 13:53:55,781 - V2Scraper - INFO - Total extracted: 57 places
2026-07-22 13:53:55,782 - V2Scraper - INFO -   No new points or corrections needed
2026-07-22 13:53:55,782 - V2Scraper - INFO -   No updates needed
2026-07-22 13:53:56,783 - V2Scraper - INFO - 
[187/292] Persona 3 (eOFDk1EdVZaxVlVPQHWZ)
2026-07-22 13:53:56,783 - V2Scraper - INFO -   Already exists (ID 6377), checking for updates...
2026-07-22 13:53:56,784 - V2Scraper - INFO -   Existing points: 9
2026-07-22 13:53:58,252 - V2Scraper - INFO -   RSC: 18 places (9 total unique)
2026-07-22 13:53:58,478 - V2Scraper - INFO - Total extracted: 9 places
2026-07-22 13:53:58,479 - V2Scraper - INFO -   No new points or corrections needed
2026-07-22 13:53:58,479 - V2Scraper - INFO -   No updates needed
2026-07-22 13:53:59,480 - V2Scraper - INFO - 
[188/292] Witch Watch (eTYFt3lapy3A9mc0TLED)
2026-07-22 13:53:59,480 - V2Scraper - INFO -   Already exists (ID 6378), checking for updates...
2026-07-22 13:53:59,481 - V2Scraper - INFO -   Existing points: 24
2026-07-22 13:54:00,955 - V2Scraper - INFO -   RSC: 48 places (24 total unique)
2026-07-22 13:54:01,186 - V2Scraper - INFO - Total extracted: 24 places
2026-07-22 13:54:01,186 - V2Scraper - INFO -   No new points or corrections needed
2026-07-22 13:54:01,186 - V2Scraper - INFO -   No updates needed
2026-07-22 13:54:02,187 - V2Scraper - INFO - 
[189/292] Wolf Children (eYYabtope1MjwWUbzTSm)
2026-07-22 13:54:02,188 - V2Scraper - INFO -   Already exists (ID 6379), checking for updates...
2026-07-22 13:54:02,188 - V2Scraper - INFO -   Existing points: 19
2026-07-22 13:54:03,496 - V2Scraper - INFO -   RSC: 38 places (19 total unique)
2026-07-22 13:54:03,785 - V2Scraper - INFO - Total extracted: 19 places
2026-07-22 13:54:03,785 - V2Scraper - INFO -   No new points or corrections needed
2026-07-22 13:54:03,785 - V2Scraper - INFO -   No updates needed
2026-07-22 13:54:04,786 - V2Scraper - INFO - 
[190/292] Ocean Waves (elMjTgqvqmXjY2mYsP97)
2026-07-22 13:54:04,787 - V2Scraper - INFO -   Already exists (ID 6380), checking for updates...
2026-07-22 13:54:04,787 - V2Scraper - INFO -   Existing points: 19
2026-07-22 13:54:06,092 - V2Scraper - INFO -   RSC: 38 places (19 total unique)
2026-07-22 13:54:06,315 - V2Scraper - INFO - Total extracted: 19 places
2026-07-22 13:54:06,316 - V2Scraper - INFO -   No new points or corrections needed
2026-07-22 13:54:06,316 - V2Scraper - INFO -   No updates needed
2026-07-22 13:54:07,317 - V2Scraper - INFO - 
[191/292] Tokyo Revengers 2 (f8AAZWCp5tY6ZpCmYqht)
2026-07-22 13:54:07,317 - V2Scraper - INFO -   Already exists (ID 6381), checking for updates...
2026-07-22 13:54:07,318 - V2Scraper - INFO -   Existing points: 28
2026-07-22 13:54:08,605 - V2Scraper - INFO -   RSC: 52 places (28 total unique)
2026-07-22 13:54:08,837 - V2Scraper - INFO - Total extracted: 28 places
2026-07-22 13:54:08,838 - V2Scraper - INFO -   No new points or corrections needed
2026-07-22 13:54:08,838 - V2Scraper - INFO -   No updates needed
2026-07-22 13:54:09,839 - V2Scraper - INFO - 
[192/292] Oblivion Battery (fLKThLDZdxneAY7q3XXq)
2026-07-22 13:54:09,839 - V2Scraper - INFO -   Already exists (ID 6382), checking for updates...
2026-07-22 13:54:09,840 - V2Scraper - INFO -   Existing points: 22
2026-07-22 13:54:11,110 - V2Scraper - INFO -   RSC: 43 places (22 total unique)
2026-07-22 13:54:11,319 - V2Scraper - INFO - Total extracted: 22 places
2026-07-22 13:54:11,320 - V2Scraper - INFO -   No new points or corrections needed
2026-07-22 13:54:11,320 - V2Scraper - INFO -   No updates needed
2026-07-22 13:54:12,321 - V2Scraper - INFO - 
[193/292] Saga Of Tanya The Evil (fNMHHPGHtnQ928juROn7)
2026-07-22 13:54:12,321 - V2Scraper - INFO -   Already exists (ID 6920), checking for updates...
2026-07-22 13:54:12,322 - V2Scraper - INFO -   Existing points: 3
2026-07-22 13:54:13,573 - V2Scraper - INFO -   RSC: 9 places (3 total unique)
2026-07-22 13:54:13,792 - V2Scraper - INFO -   Posts API: 3 user-uploaded places
2026-07-22 13:54:13,792 - V2Scraper - INFO -   API: 3 user-uploaded places (3 total unique)
2026-07-22 13:54:13,792 - V2Scraper - INFO - Total extracted: 3 places
2026-07-22 13:54:13,792 - V2Scraper - INFO -   No new points or corrections needed
2026-07-22 13:54:13,792 - V2Scraper - INFO -   No updates needed
2026-07-22 13:54:14,794 - V2Scraper - INFO - 
[194/292] Bocchi The Rock (g2gEzS0je4xmz8DFES7D)
2026-07-22 13:54:14,794 - V2Scraper - INFO -   Already exists (ID 6383), checking for updates...
2026-07-22 13:54:14,795 - V2Scraper - INFO -   Existing points: 50
2026-07-22 13:54:16,125 - V2Scraper - INFO -   RSC: 72 places (50 total unique)
2026-07-22 13:54:16,340 - V2Scraper - INFO - Total extracted: 50 places
2026-07-22 13:54:16,341 - V2Scraper - INFO -   No new points or corrections needed
2026-07-22 13:54:16,341 - V2Scraper - INFO -   No updates needed
2026-07-22 13:54:17,342 - V2Scraper - INFO - 
[195/292] Summer Time Rendering (g9pK7gNqpx18yyjFSqoO)
2026-07-22 13:54:17,342 - V2Scraper - INFO -   Already exists (ID 6384), checking for updates...
2026-07-22 13:54:17,343 - V2Scraper - INFO -   Existing points: 9
2026-07-22 13:54:18,584 - V2Scraper - INFO -   RSC: 16 places (8 total unique)
2026-07-22 13:54:18,805 - V2Scraper - INFO - Total extracted: 8 places
2026-07-22 13:54:18,805 - V2Scraper - INFO -   No new points or corrections needed
2026-07-22 13:54:18,805 - V2Scraper - INFO -   No updates needed
2026-07-22 13:54:19,806 - V2Scraper - INFO - 
[196/292] Yuruyuri 3 (gHpRNAYSCHIMongJ2V81)
2026-07-22 13:54:19,806 - V2Scraper - INFO -   Already exists (ID 6385), checking for updates...
2026-07-22 13:54:19,807 - V2Scraper - INFO -   Existing points: 65
2026-07-22 13:54:21,090 - V2Scraper - INFO -   RSC: 88 places (63 total unique)
2026-07-22 13:54:21,305 - V2Scraper - INFO - Total extracted: 63 places
2026-07-22 13:54:21,305 - V2Scraper - INFO -   No new points or corrections needed
2026-07-22 13:54:21,305 - V2Scraper - INFO -   No updates needed
2026-07-22 13:54:22,307 - V2Scraper - INFO - 
[197/292] Bang Dream 3 (gVF2NS4J6Yu9j3raEFQ8)
2026-07-22 13:54:22,307 - V2Scraper - INFO -   Already exists (ID 6386), checking for updates...
2026-07-22 13:54:22,307 - V2Scraper - INFO -   Existing points: 22
2026-07-22 13:54:23,613 - V2Scraper - INFO -   RSC: 44 places (22 total unique)
2026-07-22 13:54:23,840 - V2Scraper - INFO - Total extracted: 22 places
2026-07-22 13:54:23,840 - V2Scraper - INFO -   No new points or corrections needed
2026-07-22 13:54:23,840 - V2Scraper - INFO -   No updates needed
2026-07-22 13:54:24,842 - V2Scraper - INFO - 
[198/292] Spirited Away (gfatdW6fL22KIsoTUgDj)
2026-07-22 13:54:24,842 - V2Scraper - INFO -   Already exists (ID 6387), checking for updates...
2026-07-22 13:54:24,843 - V2Scraper - INFO -   Existing points: 6
2026-07-22 13:54:26,073 - V2Scraper - INFO -   RSC: 12 places (6 total unique)
2026-07-22 13:54:26,297 - V2Scraper - INFO - Total extracted: 6 places
2026-07-22 13:54:26,297 - V2Scraper - INFO -   No new points or corrections needed
2026-07-22 13:54:26,297 - V2Scraper - INFO -   No updates needed
2026-07-22 13:54:27,298 - V2Scraper - INFO - 
[199/292] The Colors Within (gnhSJEY51xYcpeeuQw0W)
2026-07-22 13:54:27,299 - V2Scraper - INFO -   Already exists (ID 6388), checking for updates...
2026-07-22 13:54:27,299 - V2Scraper - INFO -   Existing points: 19
2026-07-22 13:54:28,493 - V2Scraper - INFO -   RSC: 37 places (19 total unique)
2026-07-22 13:54:28,706 - V2Scraper - INFO - Total extracted: 19 places
2026-07-22 13:54:28,706 - V2Scraper - INFO -   No new points or corrections needed
2026-07-22 13:54:28,706 - V2Scraper - INFO -   No updates needed
2026-07-22 13:54:29,707 - V2Scraper - INFO - 
[200/292] Oshi No Ko 3 (hXT39kYUcusxwt3QStKh)
2026-07-22 13:54:29,707 - V2Scraper - INFO -   Already exists (ID 6389), checking for updates...
2026-07-22 13:54:29,708 - V2Scraper - INFO -   Existing points: 36
2026-07-22 13:54:30,949 - V2Scraper - INFO -   RSC: 60 places (36 total unique)
2026-07-22 13:54:31,163 - V2Scraper - INFO - Total extracted: 36 places
2026-07-22 13:54:31,164 - V2Scraper - INFO -   No new points or corrections needed
2026-07-22 13:54:31,164 - V2Scraper - INFO -   No updates needed
2026-07-22 13:54:32,165 - V2Scraper - INFO - 
[201/292] Miss Kobayashis Dragon Maid S (hauIqGQ1sDCVeCPDckoq)
2026-07-22 13:54:32,165 - V2Scraper - INFO -   Already exists (ID 6390), checking for updates...
2026-07-22 13:54:32,166 - V2Scraper - INFO -   Existing points: 42
2026-07-22 13:54:33,574 - V2Scraper - INFO -   RSC: 66 places (41 total unique)
2026-07-22 13:54:33,799 - V2Scraper - INFO - Total extracted: 41 places
2026-07-22 13:54:33,799 - V2Scraper - INFO -   No new points or corrections needed
2026-07-22 13:54:33,799 - V2Scraper - INFO -   No updates needed
2026-07-22 13:54:34,800 - V2Scraper - INFO - 
[202/292] Miss Kobayashis Dragon Maid (hmNbdtY6sluh6dGbGpm3)
2026-07-22 13:54:34,801 - V2Scraper - INFO -   Already exists (ID 6391), checking for updates...
2026-07-22 13:54:34,801 - V2Scraper - INFO -   Existing points: 38
2026-07-22 13:54:36,084 - V2Scraper - INFO -   RSC: 62 places (38 total unique)
2026-07-22 13:54:36,308 - V2Scraper - INFO - Total extracted: 38 places
2026-07-22 13:54:36,309 - V2Scraper - INFO -   No new points or corrections needed
2026-07-22 13:54:36,309 - V2Scraper - INFO -   No updates needed
2026-07-22 13:54:37,310 - V2Scraper - INFO - 
[203/292] The Boy And The Beast (hqPCsA4gKBp9C7fvz7hY)
2026-07-22 13:54:37,310 - V2Scraper - INFO -   Already exists (ID 6392), checking for updates...
2026-07-22 13:54:37,311 - V2Scraper - INFO -   Existing points: 27
2026-07-22 13:54:38,636 - V2Scraper - INFO -   RSC: 51 places (27 total unique)
2026-07-22 13:54:38,860 - V2Scraper - INFO - Total extracted: 27 places
2026-07-22 13:54:38,861 - V2Scraper - INFO -   No new points or corrections needed
2026-07-22 13:54:38,861 - V2Scraper - INFO -   No updates needed
2026-07-22 13:54:39,862 - V2Scraper - INFO - 
[204/292] Uma Musume Pretty Derby 2 (hsFZfXhfP8gdRz84gTye)
2026-07-22 13:54:39,862 - V2Scraper - INFO -   Already exists (ID 6393), checking for updates...
2026-07-22 13:54:39,863 - V2Scraper - INFO -   Existing points: 21
2026-07-22 13:54:41,179 - V2Scraper - INFO -   RSC: 41 places (21 total unique)
2026-07-22 13:54:41,400 - V2Scraper - INFO - Total extracted: 21 places
2026-07-22 13:54:41,401 - V2Scraper - INFO -   No new points or corrections needed
2026-07-22 13:54:41,401 - V2Scraper - INFO -   No updates needed
2026-07-22 13:54:42,402 - V2Scraper - INFO - 
[205/292] The Future Diary (hwW14Gkf0CN9vhzRPbYc)
2026-07-22 13:54:42,402 - V2Scraper - INFO -   Already exists (ID 6394), checking for updates...
2026-07-22 13:54:42,403 - V2Scraper - INFO -   Existing points: 29
2026-07-22 13:54:43,684 - V2Scraper - INFO -   RSC: 54 places (29 total unique)
2026-07-22 13:54:43,906 - V2Scraper - INFO - Total extracted: 29 places
2026-07-22 13:54:43,906 - V2Scraper - INFO -   No new points or corrections needed
2026-07-22 13:54:43,906 - V2Scraper - INFO -   No updates needed
2026-07-22 13:54:44,907 - V2Scraper - INFO - 
[206/292] Yuruyuri 2 (iLiYixvGMH8yz6t05Pq4)
2026-07-22 13:54:44,908 - V2Scraper - INFO -   Already exists (ID 6395), checking for updates...
2026-07-22 13:54:44,909 - V2Scraper - INFO -   Existing points: 18
2026-07-22 13:54:46,150 - V2Scraper - INFO -   RSC: 36 places (18 total unique)
2026-07-22 13:54:46,360 - V2Scraper - INFO - Total extracted: 18 places
2026-07-22 13:54:46,361 - V2Scraper - INFO -   No new points or corrections needed
2026-07-22 13:54:46,361 - V2Scraper - INFO -   No updates needed
2026-07-22 13:54:47,362 - V2Scraper - INFO - 
[207/292] Dagashi Kashi (iQWqPKVd1tNdZsl8aRyC)
2026-07-22 13:54:47,362 - V2Scraper - INFO -   Already exists (ID 6396), checking for updates...
2026-07-22 13:54:47,363 - V2Scraper - INFO -   Existing points: 17
2026-07-22 13:54:48,561 - V2Scraper - INFO -   RSC: 34 places (17 total unique)
2026-07-22 13:54:48,781 - V2Scraper - INFO - Total extracted: 17 places
2026-07-22 13:54:48,781 - V2Scraper - INFO -   No new points or corrections needed
2026-07-22 13:54:48,781 - V2Scraper - INFO -   No updates needed
2026-07-22 13:54:49,782 - V2Scraper - INFO - 
[208/292] Digimon Adventure Tri 1 (idAF9GEfrCSbo8Sbhe0Q)
2026-07-22 13:54:49,783 - V2Scraper - INFO -   Already exists (ID 6397), checking for updates...
2026-07-22 13:54:49,783 - V2Scraper - INFO -   Existing points: 23
2026-07-22 13:54:51,022 - V2Scraper - INFO -   RSC: 45 places (23 total unique)
2026-07-22 13:54:51,242 - V2Scraper - INFO - Total extracted: 23 places
2026-07-22 13:54:51,242 - V2Scraper - INFO -   No new points or corrections needed
2026-07-22 13:54:51,242 - V2Scraper - INFO -   No updates needed
2026-07-22 13:54:52,243 - V2Scraper - INFO - 
[209/292] Kaguya Sama Ultra Romantic (idEzZDys0LEn47JFbEbU)
2026-07-22 13:54:52,244 - V2Scraper - INFO -   Already exists (ID 6398), checking for updates...
2026-07-22 13:54:52,244 - V2Scraper - INFO -   Existing points: 7
2026-07-22 13:54:53,499 - V2Scraper - INFO -   RSC: 14 places (7 total unique)
2026-07-22 13:54:53,719 - V2Scraper - INFO - Total extracted: 7 places
2026-07-22 13:54:53,720 - V2Scraper - INFO -   No new points or corrections needed
2026-07-22 13:54:53,720 - V2Scraper - INFO -   No updates needed
2026-07-22 13:54:54,721 - V2Scraper - INFO - 
[210/292] Grand Blue Dreaming (ioOXlHX29aVhPwnrSHCM)
2026-07-22 13:54:54,721 - V2Scraper - INFO -   Already exists (ID 6399), checking for updates...
2026-07-22 13:54:54,722 - V2Scraper - INFO -   Existing points: 12
2026-07-22 13:54:56,079 - V2Scraper - INFO -   RSC: 23 places (12 total unique)
2026-07-22 13:54:56,303 - V2Scraper - INFO - Total extracted: 12 places
2026-07-22 13:54:56,303 - V2Scraper - INFO -   No new points or corrections needed
2026-07-22 13:54:56,304 - V2Scraper - INFO -   No updates needed
2026-07-22 13:54:57,305 - V2Scraper - INFO - 
[211/292] Mono (ioWpeqYHXVrxmoYR2Q4S)
2026-07-22 13:54:57,305 - V2Scraper - INFO -   Already exists (ID 6400), checking for updates...
2026-07-22 13:54:57,306 - V2Scraper - INFO -   Existing points: 181
2026-07-22 13:54:58,659 - V2Scraper - INFO -   RSC: 201 places (176 total unique)
2026-07-22 13:54:58,880 - V2Scraper - INFO - Total extracted: 176 places
2026-07-22 13:54:58,881 - V2Scraper - INFO -   No new points or corrections needed
2026-07-22 13:54:58,881 - V2Scraper - INFO -   No updates needed
2026-07-22 13:54:59,883 - V2Scraper - INFO - 
[212/292] The Dangers In My Heart (ixBmE5zoDtYosQdmGw6J)
2026-07-22 13:54:59,883 - V2Scraper - INFO -   Already exists (ID 6401), checking for updates...
2026-07-22 13:54:59,883 - V2Scraper - INFO -   Existing points: 25
2026-07-22 13:55:01,118 - V2Scraper - INFO -   RSC: 49 places (25 total unique)
2026-07-22 13:55:01,337 - V2Scraper - INFO - Total extracted: 25 places
2026-07-22 13:55:01,338 - V2Scraper - INFO -   No new points or corrections needed
2026-07-22 13:55:01,338 - V2Scraper - INFO -   No updates needed
2026-07-22 13:55:02,339 - V2Scraper - INFO - 
[213/292] The Girl I Like Forgot Her Glasses (jGaml1L9OKXYk9VQrvPz)
2026-07-22 13:55:02,339 - V2Scraper - INFO -   Already exists (ID 6402), checking for updates...
2026-07-22 13:55:02,340 - V2Scraper - INFO -   Existing points: 35
2026-07-22 13:55:03,724 - V2Scraper - INFO -   RSC: 59 places (35 total unique)
2026-07-22 13:55:03,946 - V2Scraper - INFO - Total extracted: 35 places
2026-07-22 13:55:03,946 - V2Scraper - INFO -   No new points or corrections needed
2026-07-22 13:55:03,946 - V2Scraper - INFO -   No updates needed
2026-07-22 13:55:04,947 - V2Scraper - INFO - 
[214/292] Tatsuki Fujimoto 17 26 (jI8hvq8XTfmHUScW0hkW)
2026-07-22 13:55:04,948 - V2Scraper - INFO -   Already exists (ID 6403), checking for updates...
2026-07-22 13:55:04,948 - V2Scraper - INFO -   Existing points: 3
2026-07-22 13:55:06,482 - V2Scraper - INFO -   RSC: 6 places (3 total unique)
2026-07-22 13:55:06,699 - V2Scraper - INFO - Total extracted: 3 places
2026-07-22 13:55:06,699 - V2Scraper - INFO -   No new points or corrections needed
2026-07-22 13:55:06,699 - V2Scraper - INFO -   No updates needed
2026-07-22 13:55:07,700 - V2Scraper - INFO - 
[215/292] Initial D Legend 1 (jpNvOdNs79m85HRpQLAz)
2026-07-22 13:55:07,700 - V2Scraper - INFO -   Already exists (ID 6404), checking for updates...
2026-07-22 13:55:07,701 - V2Scraper - INFO -   Existing points: 24
2026-07-22 13:55:08,941 - V2Scraper - INFO -   RSC: 47 places (24 total unique)
2026-07-22 13:55:09,159 - V2Scraper - INFO - Total extracted: 24 places
2026-07-22 13:55:09,160 - V2Scraper - INFO -   No new points or corrections needed
2026-07-22 13:55:09,160 - V2Scraper - INFO -   No updates needed
2026-07-22 13:55:10,161 - V2Scraper - INFO - 
[216/292] 25 Dimensional Seduction (jzjmlOooBQ0qHhjdFaAv)
2026-07-22 13:55:10,161 - V2Scraper - INFO -   Already exists (ID 6405), checking for updates...
2026-07-22 13:55:10,162 - V2Scraper - INFO -   Existing points: 7
2026-07-22 13:55:11,503 - V2Scraper - INFO -   RSC: 14 places (7 total unique)
2026-07-22 13:55:11,734 - V2Scraper - INFO - Total extracted: 7 places
2026-07-22 13:55:11,734 - V2Scraper - INFO -   No new points or corrections needed
2026-07-22 13:55:11,735 - V2Scraper - INFO -   No updates needed
2026-07-22 13:55:12,736 - V2Scraper - INFO - 
[217/292] Yuruyuri (k91zDE7m93R6TF1I18ZJ)
2026-07-22 13:55:12,736 - V2Scraper - INFO -   Already exists (ID 6406), checking for updates...
2026-07-22 13:55:12,737 - V2Scraper - INFO -   Existing points: 26
2026-07-22 13:55:14,051 - V2Scraper - INFO -   RSC: 50 places (26 total unique)
2026-07-22 13:55:14,275 - V2Scraper - INFO - Total extracted: 26 places
2026-07-22 13:55:14,275 - V2Scraper - INFO -   No new points or corrections needed
2026-07-22 13:55:14,275 - V2Scraper - INFO -   No updates needed
2026-07-22 13:55:15,276 - V2Scraper - INFO - 
[218/292] Cosmic Princess Kaguya (kCYfe1hDUEETnFuCzdPR)
2026-07-22 13:55:15,277 - V2Scraper - INFO -   Already exists (ID 6407), checking for updates...
2026-07-22 13:55:15,277 - V2Scraper - INFO -   Existing points: 27
2026-07-22 13:55:16,575 - V2Scraper - INFO -   RSC: 52 places (27 total unique)
2026-07-22 13:55:16,805 - V2Scraper - INFO - Total extracted: 27 places
2026-07-22 13:55:16,806 - V2Scraper - INFO -   No new points or corrections needed
2026-07-22 13:55:16,806 - V2Scraper - INFO -   No updates needed
2026-07-22 13:55:17,807 - V2Scraper - INFO - 
[219/292] 5 Centimeters Per Second (lC2rLRj6H1qdA3lAth1U)
2026-07-22 13:55:17,807 - V2Scraper - INFO -   Already exists (ID 6408), checking for updates...
2026-07-22 13:55:17,808 - V2Scraper - INFO -   Existing points: 39
2026-07-22 13:55:19,103 - V2Scraper - INFO -   RSC: 62 places (39 total unique)
2026-07-22 13:55:19,317 - V2Scraper - INFO - Total extracted: 39 places
2026-07-22 13:55:19,317 - V2Scraper - INFO -   No new points or corrections needed
2026-07-22 13:55:19,317 - V2Scraper - INFO -   No updates needed
2026-07-22 13:55:20,318 - V2Scraper - INFO - 
[220/292] Love Live (lCHlfVBBuWKfP9fIp0LK)
2026-07-22 13:55:20,319 - V2Scraper - INFO -   Already exists (ID 6409), checking for updates...
2026-07-22 13:55:20,319 - V2Scraper - INFO -   Existing points: 25
2026-07-22 13:55:21,667 - V2Scraper - INFO -   RSC: 49 places (25 total unique)
2026-07-22 13:55:21,902 - V2Scraper - INFO - Total extracted: 25 places
2026-07-22 13:55:21,902 - V2Scraper - INFO -   No new points or corrections needed
2026-07-22 13:55:21,902 - V2Scraper - INFO -   No updates needed
2026-07-22 13:55:22,904 - V2Scraper - INFO - 
[221/292] Food For The Soul (lLRNlBv5PhX1VA137llY)
2026-07-22 13:55:22,904 - V2Scraper - INFO -   Already exists (ID 6410), checking for updates...
2026-07-22 13:55:22,905 - V2Scraper - INFO -   Existing points: 84
2026-07-22 13:55:24,176 - V2Scraper - INFO -   RSC: 107 places (83 total unique)
2026-07-22 13:55:24,406 - V2Scraper - INFO - Total extracted: 83 places
2026-07-22 13:55:24,406 - V2Scraper - INFO -   No new points or corrections needed
2026-07-22 13:55:24,406 - V2Scraper - INFO -   No updates needed
2026-07-22 13:55:25,408 - V2Scraper - INFO - 
[222/292] Look Back (lQ3KSrgoTH8ecdJpYrjU)
2026-07-22 13:55:25,408 - V2Scraper - INFO -   Already exists (ID 6411), checking for updates...
2026-07-22 13:55:25,408 - V2Scraper - INFO -   Existing points: 10
2026-07-22 13:55:26,669 - V2Scraper - INFO -   RSC: 20 places (10 total unique)
2026-07-22 13:55:26,897 - V2Scraper - INFO - Total extracted: 10 places
2026-07-22 13:55:26,897 - V2Scraper - INFO -   No new points or corrections needed
2026-07-22 13:55:26,897 - V2Scraper - INFO -   No updates needed
2026-07-22 13:55:27,898 - V2Scraper - INFO - 
[223/292] The Cat Returns (m6CFZQrjKW65ycCZE0zC)
2026-07-22 13:55:27,898 - V2Scraper - INFO -   Already exists (ID 6412), checking for updates...
2026-07-22 13:55:27,899 - V2Scraper - INFO -   Existing points: 4
2026-07-22 13:55:29,130 - V2Scraper - INFO -   RSC: 8 places (4 total unique)
2026-07-22 13:55:29,359 - V2Scraper - INFO - Total extracted: 4 places
2026-07-22 13:55:29,359 - V2Scraper - INFO -   No new points or corrections needed
2026-07-22 13:55:29,359 - V2Scraper - INFO -   No updates needed
2026-07-22 13:55:30,361 - V2Scraper - INFO - 
[224/292] Hello World (m9AMAEy8Bg0amLLk0fCq)
2026-07-22 13:55:30,361 - V2Scraper - INFO -   Already exists (ID 6413), checking for updates...
2026-07-22 13:55:30,361 - V2Scraper - INFO -   Existing points: 9
2026-07-22 13:55:31,635 - V2Scraper - INFO -   RSC: 18 places (9 total unique)
2026-07-22 13:55:31,865 - V2Scraper - INFO - Total extracted: 9 places
2026-07-22 13:55:31,866 - V2Scraper - INFO -   No new points or corrections needed
2026-07-22 13:55:31,866 - V2Scraper - INFO -   No updates needed
2026-07-22 13:55:32,867 - V2Scraper - INFO - 
[225/292] Bang Dream 2 (mE5p3IdFgsmfqTwMvwbp)
2026-07-22 13:55:32,867 - V2Scraper - INFO -   Already exists (ID 6414), checking for updates...
2026-07-22 13:55:32,868 - V2Scraper - INFO -   Existing points: 31
2026-07-22 13:55:34,158 - V2Scraper - INFO -   RSC: 55 places (30 total unique)
2026-07-22 13:55:34,388 - V2Scraper - INFO - Total extracted: 30 places
2026-07-22 13:55:34,388 - V2Scraper - INFO -   No new points or corrections needed
2026-07-22 13:55:34,388 - V2Scraper - INFO -   No updates needed
2026-07-22 13:55:35,389 - V2Scraper - INFO - 
[226/292] Oshi No Ko 2 (mHMf87KlQmLu2SFtbgaw)
2026-07-22 13:55:35,390 - V2Scraper - INFO -   Already exists (ID 6415), checking for updates...
2026-07-22 13:55:35,390 - V2Scraper - INFO -   Existing points: 41
2026-07-22 13:55:36,720 - V2Scraper - INFO -   RSC: 65 places (41 total unique)
2026-07-22 13:55:36,950 - V2Scraper - INFO - Total extracted: 41 places
2026-07-22 13:55:36,950 - V2Scraper - INFO -   No new points or corrections needed
2026-07-22 13:55:36,950 - V2Scraper - INFO -   No updates needed
2026-07-22 13:55:37,951 - V2Scraper - INFO - 
[227/292] Occultic Nine (mtW7xBzlawzjCvgR7pCQ)
2026-07-22 13:55:37,952 - V2Scraper - INFO -   Already exists (ID 6416), checking for updates...
2026-07-22 13:55:37,953 - V2Scraper - INFO -   Existing points: 68
2026-07-22 13:55:39,362 - V2Scraper - INFO -   RSC: 90 places (66 total unique)
2026-07-22 13:55:39,590 - V2Scraper - INFO - Total extracted: 66 places
2026-07-22 13:55:39,590 - V2Scraper - INFO -   No new points or corrections needed
2026-07-22 13:55:39,590 - V2Scraper - INFO -   No updates needed
2026-07-22 13:55:40,592 - V2Scraper - INFO - 
[228/292] Komi Cant Communicate 2 (n3hNkoBAE9Wr2XL65zWD)
2026-07-22 13:55:40,592 - V2Scraper - INFO -   Already exists (ID 6417), checking for updates...
2026-07-22 13:55:40,592 - V2Scraper - INFO -   Existing points: 8
2026-07-22 13:55:42,033 - V2Scraper - INFO -   RSC: 16 places (8 total unique)
2026-07-22 13:55:42,263 - V2Scraper - INFO - Total extracted: 8 places
2026-07-22 13:55:42,263 - V2Scraper - INFO -   No new points or corrections needed
2026-07-22 13:55:42,263 - V2Scraper - INFO -   No updates needed
2026-07-22 13:55:43,265 - V2Scraper - INFO - 
[229/292] K On (nDcjBFyJt97tX0kT9a3i)
2026-07-22 13:55:43,265 - V2Scraper - INFO -   Already exists (ID 6418), checking for updates...
2026-07-22 13:55:43,265 - V2Scraper - INFO -   Existing points: 21
2026-07-22 13:55:44,630 - V2Scraper - INFO -   RSC: 42 places (21 total unique)
2026-07-22 13:55:44,849 - V2Scraper - INFO - Total extracted: 21 places
2026-07-22 13:55:44,849 - V2Scraper - INFO -   No new points or corrections needed
2026-07-22 13:55:44,849 - V2Scraper - INFO -   No updates needed
2026-07-22 13:55:45,851 - V2Scraper - INFO - 
[230/292] This Monster Wants To Eat Me (nIzGnqp4XULg32euiQJb)
2026-07-22 13:55:45,851 - V2Scraper - INFO -   Already exists (ID 6419), checking for updates...
2026-07-22 13:55:45,851 - V2Scraper - INFO -   Existing points: 20
2026-07-22 13:55:47,073 - V2Scraper - INFO -   RSC: 40 places (20 total unique)
2026-07-22 13:55:47,298 - V2Scraper - INFO - Total extracted: 20 places
2026-07-22 13:55:47,298 - V2Scraper - INFO -   No new points or corrections needed
2026-07-22 13:55:47,298 - V2Scraper - INFO -   No updates needed
2026-07-22 13:55:48,300 - V2Scraper - INFO - 
[231/292] Kill Blue (nKpdjhePk7YAVXq0yOQd)
2026-07-22 13:55:48,300 - V2Scraper - INFO -   Already exists (ID 6917), checking for updates...
2026-07-22 13:55:48,300 - V2Scraper - INFO -   Existing points: 4
2026-07-22 13:55:49,668 - V2Scraper - INFO -   RSC: 12 places (4 total unique)
2026-07-22 13:55:49,894 - V2Scraper - INFO -   Posts API: 4 user-uploaded places
2026-07-22 13:55:49,894 - V2Scraper - INFO -   API: 4 user-uploaded places (4 total unique)
2026-07-22 13:55:49,894 - V2Scraper - INFO - Total extracted: 4 places
2026-07-22 13:55:49,894 - V2Scraper - INFO -   No new points or corrections needed
2026-07-22 13:55:49,894 - V2Scraper - INFO -   No updates needed
2026-07-22 13:55:50,896 - V2Scraper - INFO - 
[232/292] Odd Taxi In The Woods (nZ0gBZUiXs5uFdPh0WWP)
2026-07-22 13:55:50,896 - V2Scraper - INFO -   Already exists (ID 6420), checking for updates...
2026-07-22 13:55:50,896 - V2Scraper - INFO -   Existing points: 14
2026-07-22 13:55:52,143 - V2Scraper - INFO -   RSC: 27 places (14 total unique)
2026-07-22 13:55:52,366 - V2Scraper - INFO - Total extracted: 14 places
2026-07-22 13:55:52,366 - V2Scraper - INFO -   No new points or corrections needed
2026-07-22 13:55:52,366 - V2Scraper - INFO -   No updates needed
2026-07-22 13:55:53,367 - V2Scraper - INFO - 
[233/292] Fate Strange Fake (nlFMm5beeDxjMv1c7pI0)
2026-07-22 13:55:53,367 - V2Scraper - INFO -   Already exists (ID 6421), checking for updates...
2026-07-22 13:55:53,368 - V2Scraper - INFO -   Existing points: 13
2026-07-22 13:55:54,686 - V2Scraper - INFO -   RSC: 25 places (13 total unique)
2026-07-22 13:55:54,907 - V2Scraper - INFO - Total extracted: 13 places
2026-07-22 13:55:54,907 - V2Scraper - INFO -   No new points or corrections needed
2026-07-22 13:55:54,907 - V2Scraper - INFO -   No updates needed
2026-07-22 13:55:55,908 - V2Scraper - INFO - 
[234/292] Teasing Master Takagi San (nuuX3MVLDUkL5Gu82Nn7)
2026-07-22 13:55:55,908 - V2Scraper - INFO -   Already exists (ID 6422), checking for updates...
2026-07-22 13:55:55,909 - V2Scraper - INFO -   Existing points: 9
2026-07-22 13:55:57,265 - V2Scraper - INFO -   RSC: 18 places (9 total unique)
2026-07-22 13:55:57,481 - V2Scraper - INFO - Total extracted: 9 places
2026-07-22 13:55:57,481 - V2Scraper - INFO -   No new points or corrections needed
2026-07-22 13:55:57,481 - V2Scraper - INFO -   No updates needed
2026-07-22 13:55:58,483 - V2Scraper - INFO - 
[235/292] A Silent Voice (o1iBehlCuEJvjTymVXZc)
2026-07-22 13:55:58,483 - V2Scraper - INFO -   Already exists (ID 6423), checking for updates...
2026-07-22 13:55:58,484 - V2Scraper - INFO -   Existing points: 33
2026-07-22 13:55:59,762 - V2Scraper - INFO -   RSC: 58 places (33 total unique)
2026-07-22 13:55:59,981 - V2Scraper - INFO - Total extracted: 33 places
2026-07-22 13:55:59,981 - V2Scraper - INFO -   No new points or corrections needed
2026-07-22 13:55:59,981 - V2Scraper - INFO -   No updates needed
2026-07-22 13:56:00,982 - V2Scraper - INFO - 
[236/292] Tamons B Side (o4I6GJfs1wuWmUMwZdjZ)
2026-07-22 13:56:00,982 - V2Scraper - INFO -   Already exists (ID 6424), checking for updates...
2026-07-22 13:56:00,983 - V2Scraper - INFO -   Existing points: 36
2026-07-22 13:56:02,341 - V2Scraper - INFO -   RSC: 60 places (36 total unique)
2026-07-22 13:56:02,652 - V2Scraper - INFO - Total extracted: 36 places
2026-07-22 13:56:02,652 - V2Scraper - INFO -   No new points or corrections needed
2026-07-22 13:56:02,653 - V2Scraper - INFO -   No updates needed
2026-07-22 13:56:03,654 - V2Scraper - INFO - 
[237/292] Jujutsu Kaisen 3 (oZ1ZO0bAf6FpPP7poEve)
2026-07-22 13:56:03,654 - V2Scraper - INFO -   Already exists (ID 6425), checking for updates...
2026-07-22 13:56:03,655 - V2Scraper - INFO -   Existing points: 63
2026-07-22 13:56:05,078 - V2Scraper - INFO -   RSC: 93 places (62 total unique)
2026-07-22 13:56:05,317 - V2Scraper - INFO -   Posts API: 6 user-uploaded places
2026-07-22 13:56:05,317 - V2Scraper - INFO -   API: 6 user-uploaded places (62 total unique)
2026-07-22 13:56:05,318 - V2Scraper - INFO - Total extracted: 62 places
2026-07-22 13:56:05,318 - V2Scraper - INFO -   No new points or corrections needed
2026-07-22 13:56:05,318 - V2Scraper - INFO -   No updates needed
2026-07-22 13:56:06,319 - V2Scraper - INFO - 
[238/292] Suzume (owwojmBeyqQxduqOgajN)
2026-07-22 13:56:06,320 - V2Scraper - INFO -   Already exists (ID 6426), checking for updates...
2026-07-22 13:56:06,320 - V2Scraper - INFO -   Existing points: 35
2026-07-22 13:56:07,611 - V2Scraper - INFO -   RSC: 60 places (35 total unique)
2026-07-22 13:56:07,837 - V2Scraper - INFO - Total extracted: 35 places
2026-07-22 13:56:07,837 - V2Scraper - INFO -   No new points or corrections needed
2026-07-22 13:56:07,838 - V2Scraper - INFO -   No updates needed
2026-07-22 13:56:08,839 - V2Scraper - INFO - 
[239/292] Ya Boy Kongming (p0GIxz7n8zoq1SbFbrQo)
2026-07-22 13:56:08,839 - V2Scraper - INFO -   Already exists (ID 6427), checking for updates...
2026-07-22 13:56:08,839 - V2Scraper - INFO -   Existing points: 12
2026-07-22 13:56:10,117 - V2Scraper - INFO -   RSC: 23 places (12 total unique)
2026-07-22 13:56:10,342 - V2Scraper - INFO - Total extracted: 12 places
2026-07-22 13:56:10,342 - V2Scraper - INFO -   No new points or corrections needed
2026-07-22 13:56:10,342 - V2Scraper - INFO -   No updates needed
2026-07-22 13:56:11,344 - V2Scraper - INFO - 
[240/292] Bungo Stray Dogs 3 (p8toSNuaJZiLprsI9c16)
2026-07-22 13:56:11,344 - V2Scraper - INFO -   Already exists (ID 6428), checking for updates...
2026-07-22 13:56:11,344 - V2Scraper - INFO -   Existing points: 26
2026-07-22 13:56:12,685 - V2Scraper - INFO -   RSC: 50 places (26 total unique)
2026-07-22 13:56:12,900 - V2Scraper - INFO - Total extracted: 26 places
2026-07-22 13:56:12,901 - V2Scraper - INFO -   No new points or corrections needed
2026-07-22 13:56:12,901 - V2Scraper - INFO -   No updates needed
2026-07-22 13:56:13,902 - V2Scraper - INFO - 
[241/292] Fate Zero (pUYxGiC62sTphT2JvNO7)
2026-07-22 13:56:13,902 - V2Scraper - INFO -   Already exists (ID 6429), checking for updates...
2026-07-22 13:56:13,903 - V2Scraper - INFO -   Existing points: 14
2026-07-22 13:56:15,400 - V2Scraper - INFO -   RSC: 28 places (14 total unique)
2026-07-22 13:56:15,629 - V2Scraper - INFO - Total extracted: 14 places
2026-07-22 13:56:15,629 - V2Scraper - INFO -   No new points or corrections needed
2026-07-22 13:56:15,630 - V2Scraper - INFO -   No updates needed
2026-07-22 13:56:16,631 - V2Scraper - INFO - 
[242/292] My Deer Friend Nokotan (pvWIpj2to4PlwxwvGIDt)
2026-07-22 13:56:16,631 - V2Scraper - INFO -   Already exists (ID 6430), checking for updates...
2026-07-22 13:56:16,632 - V2Scraper - INFO -   Existing points: 29
2026-07-22 13:56:17,961 - V2Scraper - INFO -   RSC: 51 places (29 total unique)
2026-07-22 13:56:18,190 - V2Scraper - INFO - Total extracted: 29 places
2026-07-22 13:56:18,190 - V2Scraper - INFO -   No new points or corrections needed
2026-07-22 13:56:18,190 - V2Scraper - INFO -   No updates needed
2026-07-22 13:56:19,191 - V2Scraper - INFO - 
[243/292] Shikimoris Not Just A Cutie (pwIwjuNHiexM3H66AQM9)
2026-07-22 13:56:19,192 - V2Scraper - INFO -   Already exists (ID 6431), checking for updates...
2026-07-22 13:56:19,192 - V2Scraper - INFO -   Existing points: 14
2026-07-22 13:56:20,410 - V2Scraper - INFO -   RSC: 28 places (14 total unique)
2026-07-22 13:56:20,648 - V2Scraper - INFO - Total extracted: 14 places
2026-07-22 13:56:20,648 - V2Scraper - INFO -   No new points or corrections needed
2026-07-22 13:56:20,649 - V2Scraper - INFO -   No updates needed
2026-07-22 13:56:21,650 - V2Scraper - INFO - 
[244/292] Medalist 2 (q1iKwxit2IQ79ehAO6yX)
2026-07-22 13:56:21,650 - V2Scraper - INFO -   Already exists (ID 6432), checking for updates...
2026-07-22 13:56:21,651 - V2Scraper - INFO -   Existing points: 10
2026-07-22 13:56:23,033 - V2Scraper - INFO -   RSC: 19 places (10 total unique)
2026-07-22 13:56:23,259 - V2Scraper - INFO - Total extracted: 10 places
2026-07-22 13:56:23,260 - V2Scraper - INFO -   No new points or corrections needed
2026-07-22 13:56:23,260 - V2Scraper - INFO -   No updates needed
2026-07-22 13:56:24,261 - V2Scraper - INFO - 
[245/292] Journal With Witch (qlWdNgADWPSHvlOJbvED)
2026-07-22 13:56:24,261 - V2Scraper - INFO -   Already exists (ID 6433), checking for updates...
2026-07-22 13:56:24,262 - V2Scraper - INFO -   Existing points: 27
2026-07-22 13:56:25,526 - V2Scraper - INFO -   RSC: 51 places (27 total unique)
2026-07-22 13:56:25,748 - V2Scraper - INFO - Total extracted: 27 places
2026-07-22 13:56:25,748 - V2Scraper - INFO -   No new points or corrections needed
2026-07-22 13:56:25,749 - V2Scraper - INFO -   No updates needed
2026-07-22 13:56:26,750 - V2Scraper - INFO - 
[246/292] The Anthem Of The Heart (qyzxJ6190Ra8ypsZS2j8)
2026-07-22 13:56:26,750 - V2Scraper - INFO -   Already exists (ID 6434), checking for updates...
2026-07-22 13:56:26,751 - V2Scraper - INFO -   Existing points: 22
2026-07-22 13:56:27,959 - V2Scraper - INFO -   RSC: 43 places (22 total unique)
2026-07-22 13:56:28,181 - V2Scraper - INFO - Total extracted: 22 places
2026-07-22 13:56:28,182 - V2Scraper - INFO -   No new points or corrections needed
2026-07-22 13:56:28,182 - V2Scraper - INFO -   No updates needed
2026-07-22 13:56:29,183 - V2Scraper - INFO - 
[247/292] One Punch Man 3 (rC0dQzDQaWadoKRSENAl)
2026-07-22 13:56:29,183 - V2Scraper - INFO -   Already exists (ID 6435), checking for updates...
2026-07-22 13:56:29,184 - V2Scraper - INFO -   Existing points: 7
2026-07-22 13:56:30,647 - V2Scraper - INFO -   RSC: 13 places (7 total unique)
2026-07-22 13:56:30,870 - V2Scraper - INFO - Total extracted: 7 places
2026-07-22 13:56:30,870 - V2Scraper - INFO -   No new points or corrections needed
2026-07-22 13:56:30,870 - V2Scraper - INFO -   No updates needed
2026-07-22 13:56:31,871 - V2Scraper - INFO - 
[248/292] Todays Menu For The Emiya Family (rgtPM7QxaNfCUZQHchHW)
2026-07-22 13:56:31,872 - V2Scraper - INFO -   Already exists (ID 6436), checking for updates...
2026-07-22 13:56:31,872 - V2Scraper - INFO -   Existing points: 25
2026-07-22 13:56:33,282 - V2Scraper - INFO -   RSC: 50 places (25 total unique)
2026-07-22 13:56:33,514 - V2Scraper - INFO - Total extracted: 25 places
2026-07-22 13:56:33,514 - V2Scraper - INFO -   No new points or corrections needed
2026-07-22 13:56:33,514 - V2Scraper - INFO -   No updates needed
2026-07-22 13:56:34,515 - V2Scraper - INFO - 
[249/292] Re Creators (rv19SKFM4rWzGlXZszn4)
2026-07-22 13:56:34,516 - V2Scraper - INFO -   Already exists (ID 6437), checking for updates...
2026-07-22 13:56:34,517 - V2Scraper - INFO -   Existing points: 61
2026-07-22 13:56:35,853 - V2Scraper - INFO -   RSC: 86 places (61 total unique)
2026-07-22 13:56:36,081 - V2Scraper - INFO - Total extracted: 61 places
2026-07-22 13:56:36,082 - V2Scraper - INFO -   No new points or corrections needed
2026-07-22 13:56:36,082 - V2Scraper - INFO -   No updates needed
2026-07-22 13:56:37,083 - V2Scraper - INFO - 
[250/292] Uma Musume Pretty Derby (sUISPT4kapvVtcddq6yf)
2026-07-22 13:56:37,083 - V2Scraper - INFO -   Already exists (ID 6438), checking for updates...
2026-07-22 13:56:37,084 - V2Scraper - INFO -   Existing points: 24
2026-07-22 13:56:38,329 - V2Scraper - INFO -   RSC: 47 places (24 total unique)
2026-07-22 13:56:38,546 - V2Scraper - INFO - Total extracted: 24 places
2026-07-22 13:56:38,547 - V2Scraper - INFO -   No new points or corrections needed
2026-07-22 13:56:38,547 - V2Scraper - INFO -   No updates needed
2026-07-22 13:56:39,548 - V2Scraper - INFO - 
[251/292] Haikyu (sXgYeKOTfssj8ROxSbwR)
2026-07-22 13:56:39,548 - V2Scraper - INFO -   Already exists (ID 6439), checking for updates...
2026-07-22 13:56:39,549 - V2Scraper - INFO -   Existing points: 8
2026-07-22 13:56:40,804 - V2Scraper - INFO -   RSC: 16 places (8 total unique)
2026-07-22 13:56:41,016 - V2Scraper - INFO - Total extracted: 8 places
2026-07-22 13:56:41,016 - V2Scraper - INFO -   No new points or corrections needed
2026-07-22 13:56:41,016 - V2Scraper - INFO -   No updates needed
2026-07-22 13:56:42,017 - V2Scraper - INFO - 
[252/292] The Girl Who Leapt Through Time (seGnO0BqP0oOGxXN0gUK)
2026-07-22 13:56:42,018 - V2Scraper - INFO -   Already exists (ID 6440), checking for updates...
2026-07-22 13:56:42,018 - V2Scraper - INFO -   Existing points: 10
2026-07-22 13:56:43,232 - V2Scraper - INFO -   RSC: 20 places (10 total unique)
2026-07-22 13:56:43,455 - V2Scraper - INFO - Total extracted: 10 places
2026-07-22 13:56:43,456 - V2Scraper - INFO -   No new points or corrections needed
2026-07-22 13:56:43,456 - V2Scraper - INFO -   No updates needed
2026-07-22 13:56:44,457 - V2Scraper - INFO - 
[253/292] Grotesqqque (sly3eyzND9TZP0B7eZYL)
2026-07-22 13:56:44,457 - V2Scraper - INFO -   Already exists (ID 6915), checking for updates...
2026-07-22 13:56:44,458 - V2Scraper - INFO -   Existing points: 5
2026-07-22 13:56:45,796 - V2Scraper - INFO -   RSC: 15 places (5 total unique)
2026-07-22 13:56:46,023 - V2Scraper - INFO -   Posts API: 5 user-uploaded places
2026-07-22 13:56:46,023 - V2Scraper - INFO -   API: 5 user-uploaded places (5 total unique)
2026-07-22 13:56:46,023 - V2Scraper - INFO - Total extracted: 5 places
2026-07-22 13:56:46,023 - V2Scraper - INFO -   No new points or corrections needed
2026-07-22 13:56:46,023 - V2Scraper - INFO -   No updates needed
2026-07-22 13:56:47,025 - V2Scraper - INFO - 
[254/292] Haruhi 2006 (sqOvtyTGW57hQNbzoXIc)
2026-07-22 13:56:47,025 - V2Scraper - INFO -   Already exists (ID 6441), checking for updates...
2026-07-22 13:56:47,026 - V2Scraper - INFO -   Existing points: 38
2026-07-22 13:56:48,306 - V2Scraper - INFO -   RSC: 62 places (38 total unique)
2026-07-22 13:56:48,514 - V2Scraper - INFO - Total extracted: 38 places
2026-07-22 13:56:48,514 - V2Scraper - INFO -   No new points or corrections needed
2026-07-22 13:56:48,514 - V2Scraper - INFO -   No updates needed
2026-07-22 13:56:49,515 - V2Scraper - INFO - 
[255/292] The Ryuos Work Is Never Done (ssdRxaytUOXCnKw1pcuJ)
2026-07-22 13:56:49,516 - V2Scraper - INFO -   Already exists (ID 6442), checking for updates...
2026-07-22 13:56:49,516 - V2Scraper - INFO -   Existing points: 23
2026-07-22 13:56:50,769 - V2Scraper - INFO -   RSC: 45 places (23 total unique)
2026-07-22 13:56:50,979 - V2Scraper - INFO - Total extracted: 23 places
2026-07-22 13:56:50,979 - V2Scraper - INFO -   No new points or corrections needed
2026-07-22 13:56:50,979 - V2Scraper - INFO -   No updates needed
2026-07-22 13:56:51,980 - V2Scraper - INFO - 
[256/292] Makeine (tCBIn1QbnKWmGX9Qzqhb)
2026-07-22 13:56:51,981 - V2Scraper - INFO -   Already exists (ID 6443), checking for updates...
2026-07-22 13:56:51,981 - V2Scraper - INFO -   Existing points: 49
2026-07-22 13:56:53,227 - V2Scraper - INFO -   RSC: 74 places (49 total unique)
2026-07-22 13:56:53,454 - V2Scraper - INFO - Total extracted: 49 places
2026-07-22 13:56:53,454 - V2Scraper - INFO -   No new points or corrections needed
2026-07-22 13:56:53,454 - V2Scraper - INFO -   No updates needed
2026-07-22 13:56:54,455 - V2Scraper - INFO - 
[257/292] The Quintessential Quintuplets (tiMx5VfV5a62NIXHXaoK)
2026-07-22 13:56:54,456 - V2Scraper - INFO -   Already exists (ID 6444), checking for updates...
2026-07-22 13:56:54,456 - V2Scraper - INFO -   Existing points: 4
2026-07-22 13:56:55,731 - V2Scraper - INFO -   RSC: 8 places (4 total unique)
2026-07-22 13:56:55,952 - V2Scraper - INFO - Total extracted: 4 places
2026-07-22 13:56:55,952 - V2Scraper - INFO -   No new points or corrections needed
2026-07-22 13:56:55,952 - V2Scraper - INFO -   No updates needed
2026-07-22 13:56:56,953 - V2Scraper - INFO - 
[258/292] Otaku Elf (tidwKFuBkmHvw52kmMPD)
2026-07-22 13:56:56,953 - V2Scraper - INFO -   Already exists (ID 6445), checking for updates...
2026-07-22 13:56:56,954 - V2Scraper - INFO -   Existing points: 15
2026-07-22 13:56:58,269 - V2Scraper - INFO -   RSC: 29 places (15 total unique)
2026-07-22 13:56:58,488 - V2Scraper - INFO - Total extracted: 15 places
2026-07-22 13:56:58,488 - V2Scraper - INFO -   No new points or corrections needed
2026-07-22 13:56:58,488 - V2Scraper - INFO -   No updates needed
2026-07-22 13:56:59,489 - V2Scraper - INFO - 
[259/292] Rent A Girlfriend 4 (tqahwveOEhWxs1eBy14Q)
2026-07-22 13:56:59,489 - V2Scraper - INFO -   Already exists (ID 6446), checking for updates...
2026-07-22 13:56:59,490 - V2Scraper - INFO -   Existing points: 22
2026-07-22 13:57:00,884 - V2Scraper - INFO -   RSC: 43 places (22 total unique)
2026-07-22 13:57:01,100 - V2Scraper - INFO - Total extracted: 22 places
2026-07-22 13:57:01,101 - V2Scraper - INFO -   No new points or corrections needed
2026-07-22 13:57:01,101 - V2Scraper - INFO -   No updates needed
2026-07-22 13:57:02,102 - V2Scraper - INFO - 
[260/292] Sword Art Online Ii (txYgEfCLSykeTWemzp22)
2026-07-22 13:57:02,102 - V2Scraper - INFO -   Already exists (ID 6924), checking for updates...
2026-07-22 13:57:02,104 - V2Scraper - INFO -   Existing points: 14
2026-07-22 13:57:03,320 - V2Scraper - INFO -   RSC: 28 places (14 total unique)
2026-07-22 13:57:03,537 - V2Scraper - INFO - Total extracted: 14 places
2026-07-22 13:57:03,537 - V2Scraper - INFO -   No new points or corrections needed
2026-07-22 13:57:03,537 - V2Scraper - INFO -   No updates needed
2026-07-22 13:57:04,538 - V2Scraper - INFO - 
[261/292] I Want To Eat Your Pancreas (u8g1xEliRDcoyVAiIV4V)
2026-07-22 13:57:04,538 - V2Scraper - INFO -   Already exists (ID 6447), checking for updates...
2026-07-22 13:57:04,539 - V2Scraper - INFO -   Existing points: 18
2026-07-22 13:57:05,797 - V2Scraper - INFO -   RSC: 35 places (18 total unique)
2026-07-22 13:57:06,017 - V2Scraper - INFO - Total extracted: 18 places
2026-07-22 13:57:06,017 - V2Scraper - INFO -   No new points or corrections needed
2026-07-22 13:57:06,017 - V2Scraper - INFO -   No updates needed
2026-07-22 13:57:07,019 - V2Scraper - INFO - 
[262/292] Rascal Does Not Dream Of Bunny Girl Senpai (uNXQN8oaA3SNspSVoc2A)
2026-07-22 13:57:07,019 - V2Scraper - INFO -   Already exists (ID 6448), checking for updates...
2026-07-22 13:57:07,020 - V2Scraper - INFO -   Existing points: 56
2026-07-22 13:57:08,312 - V2Scraper - INFO -   RSC: 79 places (56 total unique)
2026-07-22 13:57:08,534 - V2Scraper - INFO - Total extracted: 56 places
2026-07-22 13:57:08,534 - V2Scraper - INFO -   No new points or corrections needed
2026-07-22 13:57:08,534 - V2Scraper - INFO -   No updates needed
2026-07-22 13:57:09,535 - V2Scraper - INFO - 
[263/292] Saekano (ud97bNQKguOJBycZicFP)
2026-07-22 13:57:09,536 - V2Scraper - INFO -   Already exists (ID 6449), checking for updates...
2026-07-22 13:57:09,536 - V2Scraper - INFO -   Existing points: 22
2026-07-22 13:57:10,794 - V2Scraper - INFO -   RSC: 43 places (22 total unique)
2026-07-22 13:57:11,012 - V2Scraper - INFO - Total extracted: 22 places
2026-07-22 13:57:11,012 - V2Scraper - INFO -   No new points or corrections needed
2026-07-22 13:57:11,012 - V2Scraper - INFO -   No updates needed
2026-07-22 13:57:12,013 - V2Scraper - INFO - 
[264/292] Yuru Camp (uhXFJjbIXDatAdC4MNHj)
2026-07-22 13:57:12,013 - V2Scraper - INFO -   Already exists (ID 6450), checking for updates...
2026-07-22 13:57:12,014 - V2Scraper - INFO -   Existing points: 52
2026-07-22 13:57:13,257 - V2Scraper - INFO -   RSC: 75 places (51 total unique)
2026-07-22 13:57:13,480 - V2Scraper - INFO - Total extracted: 51 places
2026-07-22 13:57:13,480 - V2Scraper - INFO -   No new points or corrections needed
2026-07-22 13:57:13,481 - V2Scraper - INFO -   No updates needed
2026-07-22 13:57:14,482 - V2Scraper - INFO - 
[265/292] Liz And The Blue Bird (umnTfj6nmpKaukejtrbT)
2026-07-22 13:57:14,482 - V2Scraper - INFO -   Already exists (ID 6451), checking for updates...
2026-07-22 13:57:14,482 - V2Scraper - INFO -   Existing points: 3
2026-07-22 13:57:15,726 - V2Scraper - INFO -   RSC: 6 places (3 total unique)
2026-07-22 13:57:15,947 - V2Scraper - INFO - Total extracted: 3 places
2026-07-22 13:57:15,947 - V2Scraper - INFO -   No new points or corrections needed
2026-07-22 13:57:15,947 - V2Scraper - INFO -   No updates needed
2026-07-22 13:57:16,948 - V2Scraper - INFO - 
[266/292] Roshidere (unGiOzgI5kK54nQCTxtm)
2026-07-22 13:57:16,948 - V2Scraper - INFO -   Already exists (ID 6452), checking for updates...
2026-07-22 13:57:16,949 - V2Scraper - INFO -   Existing points: 12
2026-07-22 13:57:18,364 - V2Scraper - INFO -   RSC: 24 places (12 total unique)
2026-07-22 13:57:18,571 - V2Scraper - INFO - Total extracted: 12 places
2026-07-22 13:57:18,571 - V2Scraper - INFO -   No new points or corrections needed
2026-07-22 13:57:18,572 - V2Scraper - INFO -   No updates needed
2026-07-22 13:57:19,573 - V2Scraper - INFO - 
[267/292] You Are Ms Servant (uxyUCyjBZrFMfOdbXCMN)
2026-07-22 13:57:19,573 - V2Scraper - INFO -   Already exists (ID 6453), checking for updates...
2026-07-22 13:57:19,574 - V2Scraper - INFO -   Existing points: 15
2026-07-22 13:57:20,838 - V2Scraper - INFO -   RSC: 30 places (15 total unique)
2026-07-22 13:57:21,068 - V2Scraper - INFO - Total extracted: 15 places
2026-07-22 13:57:21,068 - V2Scraper - INFO -   No new points or corrections needed
2026-07-22 13:57:21,068 - V2Scraper - INFO -   No updates needed
2026-07-22 13:57:22,069 - V2Scraper - INFO - 
[268/292] Saekano 2 (v79L8UZL37LfYiJ5fKEK)
2026-07-22 13:57:22,069 - V2Scraper - INFO -   Already exists (ID 6454), checking for updates...
2026-07-22 13:57:22,070 - V2Scraper - INFO -   Existing points: 26
2026-07-22 13:57:23,476 - V2Scraper - INFO -   RSC: 51 places (26 total unique)
2026-07-22 13:57:23,684 - V2Scraper - INFO - Total extracted: 26 places
2026-07-22 13:57:23,684 - V2Scraper - INFO -   No new points or corrections needed
2026-07-22 13:57:23,684 - V2Scraper - INFO -   No updates needed
2026-07-22 13:57:24,686 - V2Scraper - INFO - 
[269/292] Uma Musume Cinderella Gray 2 (vS5GOKe1V9av8Cxwd5bQ)
2026-07-22 13:57:24,686 - V2Scraper - INFO -   Already exists (ID 6455), checking for updates...
2026-07-22 13:57:24,687 - V2Scraper - INFO -   Existing points: 22
2026-07-22 13:57:26,249 - V2Scraper - INFO -   RSC: 43 places (22 total unique)
2026-07-22 13:57:26,468 - V2Scraper - INFO - Total extracted: 22 places
2026-07-22 13:57:26,468 - V2Scraper - INFO -   No new points or corrections needed
2026-07-22 13:57:26,468 - V2Scraper - INFO -   No updates needed
2026-07-22 13:57:27,469 - V2Scraper - INFO - 
[270/292] Watanare (w0UfKIA3nbV6f8vS4LYc)
2026-07-22 13:57:27,470 - V2Scraper - INFO -   Already exists (ID 6456), checking for updates...
2026-07-22 13:57:27,470 - V2Scraper - INFO -   Existing points: 41
2026-07-22 13:57:28,760 - V2Scraper - INFO -   RSC: 65 places (41 total unique)
2026-07-22 13:57:28,974 - V2Scraper - INFO - Total extracted: 41 places
2026-07-22 13:57:28,975 - V2Scraper - INFO -   No new points or corrections needed
2026-07-22 13:57:28,975 - V2Scraper - INFO -   No updates needed
2026-07-22 13:57:29,976 - V2Scraper - INFO - 
[271/292] Nippon Sangoku (w5KAbfUc7AIQc5Qv4hEM)
2026-07-22 13:57:29,976 - V2Scraper - INFO -   Already exists (ID 6457), checking for updates...
2026-07-22 13:57:29,977 - V2Scraper - INFO -   Existing points: 48
2026-07-22 13:57:31,376 - V2Scraper - INFO -   RSC: 71 places (48 total unique)
2026-07-22 13:57:31,596 - V2Scraper - INFO - Total extracted: 48 places
2026-07-22 13:57:31,596 - V2Scraper - INFO -   No new points or corrections needed
2026-07-22 13:57:31,596 - V2Scraper - INFO -   No updates needed
2026-07-22 13:57:32,597 - V2Scraper - INFO - 
[272/292] Dandadan (wGsUljsg7c7MbgdtzDJD)
2026-07-22 13:57:32,597 - V2Scraper - INFO -   Already exists (ID 6458), checking for updates...
2026-07-22 13:57:32,598 - V2Scraper - INFO -   Existing points: 6
2026-07-22 13:57:33,924 - V2Scraper - INFO -   RSC: 12 places (6 total unique)
2026-07-22 13:57:34,135 - V2Scraper - INFO - Total extracted: 6 places
2026-07-22 13:57:34,135 - V2Scraper - INFO -   No new points or corrections needed
2026-07-22 13:57:34,135 - V2Scraper - INFO -   No updates needed
2026-07-22 13:57:35,136 - V2Scraper - INFO - 
[273/292] Non Non Biyori Vacation (wJXvwG078NOgmusJqTU9)
2026-07-22 13:57:35,136 - V2Scraper - INFO -   Already exists (ID 6459), checking for updates...
2026-07-22 13:57:35,137 - V2Scraper - INFO -   Existing points: 18
2026-07-22 13:57:36,386 - V2Scraper - INFO -   RSC: 34 places (18 total unique)
2026-07-22 13:57:36,617 - V2Scraper - INFO - Total extracted: 18 places
2026-07-22 13:57:36,617 - V2Scraper - INFO -   No new points or corrections needed
2026-07-22 13:57:36,617 - V2Scraper - INFO -   No updates needed
2026-07-22 13:57:37,618 - V2Scraper - INFO - 
[274/292] Horimiya (wRJJ3i3avQIUeZ6PL6ej)
2026-07-22 13:57:37,618 - V2Scraper - INFO -   Already exists (ID 6461), checking for updates...
2026-07-22 13:57:37,619 - V2Scraper - INFO -   Existing points: 10
2026-07-22 13:57:38,871 - V2Scraper - INFO -   RSC: 20 places (10 total unique)
2026-07-22 13:57:39,089 - V2Scraper - INFO - Total extracted: 10 places
2026-07-22 13:57:39,089 - V2Scraper - INFO -   No new points or corrections needed
2026-07-22 13:57:39,089 - V2Scraper - INFO -   No updates needed
2026-07-22 13:57:40,090 - V2Scraper - INFO - 
[275/292] Yuru Camp Movie (wlQ8Ci60loTyVBZV9Xia)
2026-07-22 13:57:40,090 - V2Scraper - INFO -   Already exists (ID 6462), checking for updates...
2026-07-22 13:57:40,091 - V2Scraper - INFO -   Existing points: 34
2026-07-22 13:57:41,434 - V2Scraper - INFO -   RSC: 59 places (34 total unique)
2026-07-22 13:57:41,659 - V2Scraper - INFO - Total extracted: 34 places
2026-07-22 13:57:41,659 - V2Scraper - INFO -   No new points or corrections needed
2026-07-22 13:57:41,659 - V2Scraper - INFO -   No updates needed
2026-07-22 13:57:42,660 - V2Scraper - INFO - 
[276/292] Jujutsu Kaisen 0 (xYGIxEMWtc0UkKtWbp4R)
2026-07-22 13:57:42,661 - V2Scraper - INFO -   Already exists (ID 6463), checking for updates...
2026-07-22 13:57:42,661 - V2Scraper - INFO -   Existing points: 7
2026-07-22 13:57:43,931 - V2Scraper - INFO -   RSC: 13 places (7 total unique)
2026-07-22 13:57:44,154 - V2Scraper - INFO - Total extracted: 7 places
2026-07-22 13:57:44,155 - V2Scraper - INFO -   No new points or corrections needed
2026-07-22 13:57:44,155 - V2Scraper - INFO -   No updates needed
2026-07-22 13:57:45,156 - V2Scraper - INFO - 
[277/292] Takopis Original Sin (xfD3SAgNnScPXtkyEpGo)
2026-07-22 13:57:45,156 - V2Scraper - INFO -   Already exists (ID 6464), checking for updates...
2026-07-22 13:57:45,157 - V2Scraper - INFO -   Existing points: 12
2026-07-22 13:57:46,464 - V2Scraper - INFO -   RSC: 23 places (12 total unique)
2026-07-22 13:57:46,698 - V2Scraper - INFO - Total extracted: 12 places
2026-07-22 13:57:46,698 - V2Scraper - INFO -   No new points or corrections needed
2026-07-22 13:57:46,698 - V2Scraper - INFO -   No updates needed
2026-07-22 13:57:47,700 - V2Scraper - INFO - 
[278/292] Hajime No Ippo Rising (xixXlFp2hrN1lZJu7sSv)
2026-07-22 13:57:47,700 - V2Scraper - INFO -   Already exists (ID 6465), checking for updates...
2026-07-22 13:57:47,700 - V2Scraper - INFO -   Existing points: 9
2026-07-22 13:57:49,151 - V2Scraper - INFO -   RSC: 18 places (9 total unique)
2026-07-22 13:57:49,381 - V2Scraper - INFO - Total extracted: 9 places
2026-07-22 13:57:49,381 - V2Scraper - INFO -   No new points or corrections needed
2026-07-22 13:57:49,381 - V2Scraper - INFO -   No updates needed
2026-07-22 13:57:50,382 - V2Scraper - INFO - 
[279/292] A Sign Of Affection (xn1kUG4nAyilfSbaVrmj)
2026-07-22 13:57:50,382 - V2Scraper - INFO -   Already exists (ID 6466), checking for updates...
2026-07-22 13:57:50,383 - V2Scraper - INFO -   Existing points: 40
2026-07-22 13:57:51,730 - V2Scraper - INFO -   RSC: 65 places (40 total unique)
2026-07-22 13:57:51,950 - V2Scraper - INFO - Total extracted: 40 places
2026-07-22 13:57:51,950 - V2Scraper - INFO -   No new points or corrections needed
2026-07-22 13:57:51,950 - V2Scraper - INFO -   No updates needed
2026-07-22 13:57:52,951 - V2Scraper - INFO - 
[280/292] Nagatoro (xsfrhZD0r2q5twlEitmR)
2026-07-22 13:57:52,952 - V2Scraper - INFO -   Already exists (ID 6467), checking for updates...
2026-07-22 13:57:52,952 - V2Scraper - INFO -   Existing points: 16
2026-07-22 13:57:54,321 - V2Scraper - INFO -   RSC: 31 places (16 total unique)
2026-07-22 13:57:54,538 - V2Scraper - INFO - Total extracted: 16 places
2026-07-22 13:57:54,538 - V2Scraper - INFO -   No new points or corrections needed
2026-07-22 13:57:54,538 - V2Scraper - INFO -   No updates needed
2026-07-22 13:57:55,539 - V2Scraper - INFO - 
[281/292] Sanda (xxMcxs235e04PF89ZQGN)
2026-07-22 13:57:55,539 - V2Scraper - INFO -   Already exists (ID 6468), checking for updates...
2026-07-22 13:57:55,540 - V2Scraper - INFO -   Existing points: 4
2026-07-22 13:57:56,793 - V2Scraper - INFO -   RSC: 8 places (4 total unique)
2026-07-22 13:57:57,009 - V2Scraper - INFO - Total extracted: 4 places
2026-07-22 13:57:57,010 - V2Scraper - INFO -   No new points or corrections needed
2026-07-22 13:57:57,010 - V2Scraper - INFO -   No updates needed
2026-07-22 13:57:58,011 - V2Scraper - INFO - 
[282/292] One Punch Man (y0TAWlKFt6ENfgTZhPMB)
2026-07-22 13:57:58,011 - V2Scraper - INFO -   Already exists (ID 6469), checking for updates...
2026-07-22 13:57:58,012 - V2Scraper - INFO -   Existing points: 5
2026-07-22 13:57:59,362 - V2Scraper - INFO -   RSC: 10 places (5 total unique)
2026-07-22 13:57:59,585 - V2Scraper - INFO - Total extracted: 5 places
2026-07-22 13:57:59,586 - V2Scraper - INFO -   No new points or corrections needed
2026-07-22 13:57:59,586 - V2Scraper - INFO -   No updates needed
2026-07-22 13:58:00,587 - V2Scraper - INFO - 
[283/292] Okitsura (y5w1zYuadN3Ej0cGsH8F)
2026-07-22 13:58:00,587 - V2Scraper - INFO -   Already exists (ID 6470), checking for updates...
2026-07-22 13:58:00,588 - V2Scraper - INFO -   Existing points: 46
2026-07-22 13:58:02,107 - V2Scraper - INFO -   RSC: 71 places (46 total unique)
2026-07-22 13:58:02,342 - V2Scraper - INFO - Total extracted: 46 places
2026-07-22 13:58:02,343 - V2Scraper - INFO -   No new points or corrections needed
2026-07-22 13:58:02,343 - V2Scraper - INFO -   No updates needed
2026-07-22 13:58:03,344 - V2Scraper - INFO - 
[284/292] The Quintessential Quintuplets 2 (yB4LTU7fYemGl2JgldzA)
2026-07-22 13:58:03,344 - V2Scraper - INFO -   Already exists (ID 6471), checking for updates...
2026-07-22 13:58:03,345 - V2Scraper - INFO -   Existing points: 15
2026-07-22 13:58:04,615 - V2Scraper - INFO -   RSC: 30 places (15 total unique)
2026-07-22 13:58:04,844 - V2Scraper - INFO - Total extracted: 15 places
2026-07-22 13:58:04,845 - V2Scraper - INFO -   No new points or corrections needed
2026-07-22 13:58:04,845 - V2Scraper - INFO -   No updates needed
2026-07-22 13:58:05,846 - V2Scraper - INFO - 
[285/292] Teasing Master Takagi San The Movie (yqdSgvWKtN6FDr3vxm3H)
2026-07-22 13:58:05,846 - V2Scraper - INFO -   Already exists (ID 6472), checking for updates...
2026-07-22 13:58:05,847 - V2Scraper - INFO -   Existing points: 20
2026-07-22 13:58:07,300 - V2Scraper - INFO -   RSC: 39 places (20 total unique)
2026-07-22 13:58:07,535 - V2Scraper - INFO - Total extracted: 20 places
2026-07-22 13:58:07,535 - V2Scraper - INFO -   No new points or corrections needed
2026-07-22 13:58:07,535 - V2Scraper - INFO -   No updates needed
2026-07-22 13:58:08,537 - V2Scraper - INFO - 
[286/292] Heavenly Delusion (ywqTqT1hNKINvMHq5TZN)
2026-07-22 13:58:08,537 - V2Scraper - INFO -   Already exists (ID 6473), checking for updates...
2026-07-22 13:58:08,537 - V2Scraper - INFO -   Existing points: 30
2026-07-22 13:58:09,975 - V2Scraper - INFO -   RSC: 54 places (30 total unique)
2026-07-22 13:58:10,281 - V2Scraper - INFO - Total extracted: 30 places
2026-07-22 13:58:10,281 - V2Scraper - INFO -   No new points or corrections needed
2026-07-22 13:58:10,282 - V2Scraper - INFO -   No updates needed
2026-07-22 13:58:11,283 - V2Scraper - INFO - 
[287/292] Rascal Does Not Dream Of A Knapsack Kid (yxxkllavYoNKtdXw1Lez)
2026-07-22 13:58:11,283 - V2Scraper - INFO -   Already exists (ID 6474), checking for updates...
2026-07-22 13:58:11,284 - V2Scraper - INFO -   Existing points: 23
2026-07-22 13:58:12,671 - V2Scraper - INFO -   RSC: 44 places (23 total unique)
2026-07-22 13:58:12,938 - V2Scraper - INFO - Total extracted: 23 places
2026-07-22 13:58:12,939 - V2Scraper - INFO -   No new points or corrections needed
2026-07-22 13:58:12,939 - V2Scraper - INFO -   No updates needed
2026-07-22 13:58:13,940 - V2Scraper - INFO - 
[288/292] Ameku Md Doctor Detective (z30sfzlqpJpiCAeoUi8h)
2026-07-22 13:58:13,940 - V2Scraper - INFO -   Already exists (ID 6475), checking for updates...
2026-07-22 13:58:13,941 - V2Scraper - INFO -   Existing points: 8
2026-07-22 13:58:15,456 - V2Scraper - INFO -   RSC: 16 places (8 total unique)
2026-07-22 13:58:15,680 - V2Scraper - INFO - Total extracted: 8 places
2026-07-22 13:58:15,680 - V2Scraper - INFO -   No new points or corrections needed
2026-07-22 13:58:15,680 - V2Scraper - INFO -   No updates needed
2026-07-22 13:58:16,681 - V2Scraper - INFO - 
[289/292] Love Chunibyo Other Delusions (z7BgNrMdTaMbmYysRMBz)
2026-07-22 13:58:16,681 - V2Scraper - INFO -   Already exists (ID 6476), checking for updates...
2026-07-22 13:58:16,682 - V2Scraper - INFO -   Existing points: 46
2026-07-22 13:58:18,022 - V2Scraper - INFO -   RSC: 70 places (46 total unique)
2026-07-22 13:58:18,244 - V2Scraper - INFO - Total extracted: 46 places
2026-07-22 13:58:18,245 - V2Scraper - INFO -   No new points or corrections needed
2026-07-22 13:58:18,245 - V2Scraper - INFO -   No updates needed
2026-07-22 13:58:19,246 - V2Scraper - INFO - 
[290/292] Tokyo Ghoul (zWadHN3vlTLoK9u1PXoS)
2026-07-22 13:58:19,246 - V2Scraper - INFO -   Already exists (ID 6477), checking for updates...
2026-07-22 13:58:19,247 - V2Scraper - INFO -   Existing points: 10
2026-07-22 13:58:20,621 - V2Scraper - INFO -   RSC: 19 places (10 total unique)
2026-07-22 13:58:20,851 - V2Scraper - INFO - Total extracted: 10 places
2026-07-22 13:58:20,851 - V2Scraper - INFO -   No new points or corrections needed
2026-07-22 13:58:20,852 - V2Scraper - INFO -   No updates needed
2026-07-22 13:58:21,853 - V2Scraper - INFO - 
[291/292] Zombie Land Saga (zpeuh4ic4dDDneypMAZp)
2026-07-22 13:58:21,853 - V2Scraper - INFO -   Already exists (ID 6478), checking for updates...
2026-07-22 13:58:21,854 - V2Scraper - INFO -   Existing points: 21
2026-07-22 13:58:23,276 - V2Scraper - INFO -   RSC: 41 places (21 total unique)
2026-07-22 13:58:23,553 - V2Scraper - INFO - Total extracted: 21 places
2026-07-22 13:58:23,553 - V2Scraper - INFO -   No new points or corrections needed
2026-07-22 13:58:23,553 - V2Scraper - INFO -   No updates needed
2026-07-22 13:58:24,554 - V2Scraper - INFO - 
[292/292] Chainsmoker Cat (ztYqVosnEOhoNlPRvVCo)
2026-07-22 13:58:24,555 - V2Scraper - INFO -   Already exists (ID 6921), checking for updates...
2026-07-22 13:58:24,555 - V2Scraper - INFO -   Existing points: 1
2026-07-22 13:58:25,768 - V2Scraper - INFO -   RSC: 3 places (1 total unique)
2026-07-22 13:58:26,005 - V2Scraper - INFO -   Posts API: 1 user-uploaded places
2026-07-22 13:58:26,005 - V2Scraper - INFO -   API: 1 user-uploaded places (1 total unique)
2026-07-22 13:58:26,005 - V2Scraper - INFO - Total extracted: 1 places
2026-07-22 13:58:26,005 - V2Scraper - INFO -   No new points or corrections needed
2026-07-22 13:58:26,005 - V2Scraper - INFO -   No updates needed
2026-07-22 13:58:27,006 - V2Scraper - INFO - 
--- Fixing missing covers ---
2026-07-22 13:58:27,006 - V2Scraper - INFO - Scanning for missing covers (animepilgrimage mapped only)...
2026-07-22 13:58:27,014 - V2Scraper - INFO - Fixed 0 missing covers
2026-07-22 13:58:27,014 - V2Scraper - INFO - 
--- Fixing logo covers ---
2026-07-22 13:58:27,014 - V2Scraper - INFO - Scanning for logo covers...
2026-07-22 13:58:28,825 - V2Scraper - INFO - Fixed 0 logo covers
2026-07-22 13:58:28,825 - V2Scraper - INFO - 
--- Fixing zero-coordinate points ---
2026-07-22 13:58:28,825 - V2Scraper - INFO - Scanning for zero-coordinate points...
2026-07-22 13:58:29,176 - V2Scraper - INFO - Found 17 anime with zero-coordinate points
2026-07-22 13:58:29,176 - V2Scraper - INFO - Fetching anime list for URL mapping...
2026-07-22 13:58:29,176 - V2Scraper - INFO - Fetching anime list from sitemap.xml...
2026-07-22 13:58:32,338 - V2Scraper - INFO - Sitemap: 292 anime
2026-07-22 13:58:32,338 - V2Scraper - INFO - Found 292 anime
2026-07-22 13:58:32,338 - V2Scraper - INFO -   1. Days With My Stepsister (04krYkLnGxdyZnphVjQD)
2026-07-22 13:58:32,338 - V2Scraper - INFO -   2. Tonikawa (0AvGlAgPpCxpeHIuaJPN)
2026-07-22 13:58:32,338 - V2Scraper - INFO -   3. Girls Band Cry (0MKV87agZS5NoAaTX6B0)
2026-07-22 13:58:32,338 - V2Scraper - INFO -   4. Tokyo Revengers (0eav7fRw7FpJyEOwfQKl)
2026-07-22 13:58:32,338 - V2Scraper - INFO -   5. Jujutsu Kaisen 1 (0krqHxVPwJzgjw4B5AJN)
2026-07-22 13:58:32,338 - V2Scraper - INFO -   ... and 287 more
2026-07-22 13:58:32,339 - V2Scraper - INFO - Fixing: 无法访问此网站 (ID 5967)
2026-07-22 13:58:32,339 - V2Scraper - WARNING -   Could not find '无法访问此网站' on the new site
2026-07-22 13:58:32,339 - V2Scraper - INFO - Fixing: 違国日記 (ID 6133)
2026-07-22 13:58:32,339 - V2Scraper - WARNING -   Could not find '違国日記' on the new site
2026-07-22 13:58:32,339 - V2Scraper - INFO - Fixing: 日本三國 (ID 6182)
2026-07-22 13:58:32,340 - V2Scraper - WARNING -   Could not find '日本三國' on the new site
2026-07-22 13:58:32,340 - V2Scraper - INFO - Fixing: クラスで２番目に可愛い女の子と友だちになった (ID 6183)
2026-07-22 13:58:32,340 - V2Scraper - WARNING -   Could not find 'クラスで２番目に可愛い女の子と友だちになった' on the new site
2026-07-22 13:58:32,340 - V2Scraper - INFO - Fixing: ３月のライオン 第2シリーズ (ID 6184)
2026-07-22 13:58:32,340 - V2Scraper - WARNING -   Could not find '３月のライオン 第2シリーズ' on the new site
2026-07-22 13:58:32,340 - V2Scraper - INFO - Fixing: 呪術廻戦 死滅回遊 (ID 6186)
2026-07-22 13:58:32,340 - V2Scraper - WARNING -   Could not find '呪術廻戦 死滅回遊' on the new site
2026-07-22 13:58:32,340 - V2Scraper - INFO - Fixing: 【推しの子】第3期 (ID 6187)
2026-07-22 13:58:32,340 - V2Scraper - WARNING -   Could not find '【推しの子】第3期' on the new site
2026-07-22 13:58:32,340 - V2Scraper - INFO - Fixing: 多聞くん今どっち!? (ID 6188)
2026-07-22 13:58:32,340 - V2Scraper - WARNING -   Could not find '多聞くん今どっち!?' on the new site
2026-07-22 13:58:32,340 - V2Scraper - INFO - Fixing: 姫様“拷問”の時間です (ID 6189)
2026-07-22 13:58:32,340 - V2Scraper - WARNING -   Could not find '姫様“拷問”の時間です' on the new site
2026-07-22 13:58:32,341 - V2Scraper - INFO - Fixing: 呪術廻戦 2期 (ID 6190)
2026-07-22 13:58:32,341 - V2Scraper - WARNING -   Could not find '呪術廻戦 2期' on the new site
2026-07-22 13:58:32,341 - V2Scraper - INFO - Fixing: 彼女、お借りします 2期 (ID 6191)
2026-07-22 13:58:32,341 - V2Scraper - WARNING -   Could not find '彼女、お借りします 2期' on the new site
2026-07-22 13:58:32,341 - V2Scraper - INFO - Fixing: かぐや様は告らせたい ウルトラロマンティック (ID 6192)
2026-07-22 13:58:32,341 - V2Scraper - WARNING -   Could not find 'かぐや様は告らせたい ウルトラロマンティック' on the new site
2026-07-22 13:58:32,341 - V2Scraper - INFO - Fixing: ゾン100 ～ゾンビになるまでにしたい100のこと～ (ID 6193)
2026-07-22 13:58:32,341 - V2Scraper - WARNING -   Could not find 'ゾン100 ～ゾンビになるまでにしたい100のこと～' on the new site
2026-07-22 13:58:32,341 - V2Scraper - INFO - Fixing: 劇場版 呪術廻戦 0 (ID 6194)
2026-07-22 13:58:32,341 - V2Scraper - WARNING -   Could not find '劇場版 呪術廻戦 0' on the new site
2026-07-22 13:58:32,341 - V2Scraper - INFO - Fixing: 東京喰種 (ID 6195)
2026-07-22 13:58:32,341 - V2Scraper - WARNING -   Could not find '東京喰種' on the new site
2026-07-22 13:58:32,341 - V2Scraper - INFO - Fixing: 劇場版 ソードアート・オンライン オーディナル・スケール (ID 6196)
2026-07-22 13:58:32,342 - V2Scraper - WARNING -   Could not find '劇場版 ソードアート・オンライン オーディナル・スケール' on the new site
2026-07-22 13:58:32,342 - V2Scraper - INFO - Fixing: 氷の城壁 (ID 6197)
2026-07-22 13:58:32,342 - V2Scraper - WARNING -   Could not find '氷の城壁' on the new site
2026-07-22 13:58:32,342 - V2Scraper - INFO - Fixed 0 zero-coordinate points total
2026-07-22 13:58:32,365 - V2Scraper - INFO - 
--- Fixing invalid episode types ---
2026-07-22 13:58:32,366 - V2Scraper - INFO - Scanning for invalid episode types (TRAILER/OTHERS)...
2026-07-22 13:58:34,265 - V2Scraper - INFO - Fixed 0 invalid episode values
2026-07-22 13:58:34,266 - V2Scraper - INFO - 
--- Backfilling missing images ---
2026-07-22 13:58:34,266 - V2Scraper - INFO - Scanning for points with missing images...
2026-07-22 13:58:34,316 - V2Scraper - INFO -   ID 105: 1 missing images, but no anime_id
2026-07-22 13:58:34,318 - V2Scraper - INFO -   ID 106: 3 missing images, but no anime_id
2026-07-22 13:58:34,325 - V2Scraper - INFO -   ID 115: 1 missing images, but no anime_id
2026-07-22 13:58:34,326 - V2Scraper - INFO -   ID 116: 1 missing images, but no anime_id
2026-07-22 13:58:34,329 - V2Scraper - INFO -   ID 12: 21 missing images, but no anime_id
2026-07-22 13:58:34,330 - V2Scraper - INFO -   ID 121: 1 missing images, but no anime_id
2026-07-22 13:58:34,331 - V2Scraper - INFO -   ID 122: 1 missing images, but no anime_id
2026-07-22 13:58:34,334 - V2Scraper - INFO -   ID 125: 2 missing images, but no anime_id
2026-07-22 13:58:34,336 - V2Scraper - INFO -   ID 128: 1 missing images, but no anime_id
2026-07-22 13:58:34,337 - V2Scraper - INFO -   ID 129: 24 missing images, but no anime_id
2026-07-22 13:58:34,338 - V2Scraper - INFO -   ID 13: 2 missing images, but no anime_id
2026-07-22 13:58:34,341 - V2Scraper - INFO -   ID 134: 27 missing images, but no anime_id
2026-07-22 13:58:34,341 - V2Scraper - INFO -   ID 135: 2 missing images, but no anime_id
2026-07-22 13:58:34,344 - V2Scraper - INFO -   ID 14: 11 missing images, but no anime_id
2026-07-22 13:58:34,348 - V2Scraper - INFO -   ID 146: 20 missing images, but no anime_id
2026-07-22 13:58:34,349 - V2Scraper - INFO -   ID 148: 1 missing images, but no anime_id
2026-07-22 13:58:34,353 - V2Scraper - INFO -   ID 156: 28 missing images, but no anime_id
2026-07-22 13:58:34,355 - V2Scraper - INFO -   ID 158: 52 missing images, but no anime_id
2026-07-22 13:58:34,356 - V2Scraper - INFO -   ID 159: 3 missing images, but no anime_id
2026-07-22 13:58:34,358 - V2Scraper - INFO -   ID 163: 32 missing images, but no anime_id
2026-07-22 13:58:34,359 - V2Scraper - INFO -   ID 165: 6 missing images, but no anime_id
2026-07-22 13:58:34,362 - V2Scraper - INFO -   ID 169: 11 missing images, but no anime_id
2026-07-22 13:58:34,363 - V2Scraper - INFO -   ID 17: 3 missing images, but no anime_id
2026-07-22 13:58:34,364 - V2Scraper - INFO -   ID 171: 57 missing images, but no anime_id
2026-07-22 13:58:34,365 - V2Scraper - INFO -   ID 173: 4 missing images, but no anime_id
2026-07-22 13:58:34,366 - V2Scraper - INFO -   ID 174: 4 missing images, but no anime_id
2026-07-22 13:58:34,366 - V2Scraper - INFO -   ID 175: 1 missing images, but no anime_id
2026-07-22 13:58:34,368 - V2Scraper - INFO -   ID 178: 23 missing images, but no anime_id
2026-07-22 13:58:34,369 - V2Scraper - INFO -   ID 18: 2 missing images, but no anime_id
2026-07-22 13:58:34,370 - V2Scraper - INFO -   ID 180: 5 missing images, but no anime_id
2026-07-22 13:58:34,380 - V2Scraper - INFO -   ID 2: 3 missing images, but no anime_id
2026-07-22 13:58:34,380 - V2Scraper - INFO -   ID 20: 3 missing images, but no anime_id
2026-07-22 13:58:34,382 - V2Scraper - INFO -   ID 204: 1 missing images, but no anime_id
2026-07-22 13:58:34,385 - V2Scraper - INFO -   ID 21: 1 missing images, but no anime_id
2026-07-22 13:58:34,386 - V2Scraper - INFO -   ID 210: 14 missing images, but no anime_id
2026-07-22 13:58:34,388 - V2Scraper - INFO -   ID 214: 22 missing images, but no anime_id
2026-07-22 13:58:34,389 - V2Scraper - INFO -   ID 216: 5 missing images, but no anime_id
2026-07-22 13:58:34,390 - V2Scraper - INFO -   ID 217: 23 missing images, but no anime_id
2026-07-22 13:58:34,391 - V2Scraper - INFO -   ID 22: 5 missing images, but no anime_id
2026-07-22 13:58:34,391 - V2Scraper - INFO -   ID 220: 7 missing images, but no anime_id
2026-07-22 13:58:34,393 - V2Scraper - INFO -   ID 223: 34 missing images, but no anime_id
2026-07-22 13:58:34,394 - V2Scraper - INFO -   ID 225: 33 missing images, but no anime_id
2026-07-22 13:58:34,396 - V2Scraper - INFO -   ID 229: 8 missing images, but no anime_id
2026-07-22 13:58:34,397 - V2Scraper - INFO -   ID 230: 6 missing images, but no anime_id
2026-07-22 13:58:34,398 - V2Scraper - INFO -   ID 231: 5 missing images, but no anime_id
2026-07-22 13:58:34,399 - V2Scraper - INFO -   ID 234: 1 missing images, but no anime_id
2026-07-22 13:58:34,403 - V2Scraper - INFO -   ID 240: 21 missing images, but no anime_id
2026-07-22 13:58:34,405 - V2Scraper - INFO -   ID 244: 14 missing images, but no anime_id
2026-07-22 13:58:34,406 - V2Scraper - INFO -   ID 245: 22 missing images, but no anime_id
2026-07-22 13:58:34,407 - V2Scraper - INFO -   ID 248: 27 missing images, but no anime_id
2026-07-22 13:58:34,409 - V2Scraper - INFO -   ID 251: 28 missing images, but no anime_id
2026-07-22 13:58:34,410 - V2Scraper - INFO -   ID 252: 9 missing images, but no anime_id
2026-07-22 13:58:34,412 - V2Scraper - INFO -   ID 257: 23 missing images, but no anime_id
2026-07-22 13:58:34,413 - V2Scraper - INFO -   ID 258: 4 missing images, but no anime_id
2026-07-22 13:58:34,415 - V2Scraper - INFO -   ID 262: 3 missing images, but no anime_id
2026-07-22 13:58:34,416 - V2Scraper - INFO -   ID 263: 9 missing images, but no anime_id
2026-07-22 13:58:34,419 - V2Scraper - INFO -   ID 269: 34 missing images, but no anime_id
2026-07-22 13:58:34,420 - V2Scraper - INFO -   ID 27: 3 missing images, but no anime_id
2026-07-22 13:58:34,420 - V2Scraper - INFO -   ID 270: 5 missing images, but no anime_id
2026-07-22 13:58:34,421 - V2Scraper - INFO -   ID 274: 2 missing images, but no anime_id
2026-07-22 13:58:34,422 - V2Scraper - INFO -   ID 276: 1 missing images, but no anime_id
2026-07-22 13:58:34,423 - V2Scraper - INFO -   ID 278: 1 missing images, but no anime_id
2026-07-22 13:58:34,423 - V2Scraper - INFO -   ID 279: 8 missing images, but no anime_id
2026-07-22 13:58:34,424 - V2Scraper - INFO -   ID 288: 4 missing images, but no anime_id
2026-07-22 13:58:34,425 - V2Scraper - INFO -   ID 289: 80 missing images, but no anime_id
2026-07-22 13:58:34,425 - V2Scraper - INFO -   ID 290: 26 missing images, but no anime_id
2026-07-22 13:58:34,426 - V2Scraper - INFO -   ID 292: 3 missing images, but no anime_id
2026-07-22 13:58:34,427 - V2Scraper - INFO -   ID 295: 36 missing images, but no anime_id
2026-07-22 13:58:34,428 - V2Scraper - INFO -   ID 296: 5 missing images, but no anime_id
2026-07-22 13:58:34,430 - V2Scraper - INFO -   ID 3: 1 missing images, but no anime_id
2026-07-22 13:58:34,430 - V2Scraper - INFO -   ID 301: 1 missing images, but no anime_id
2026-07-22 13:58:34,433 - V2Scraper - INFO -   ID 307: 5 missing images, but no anime_id
2026-07-22 13:58:34,435 - V2Scraper - INFO -   ID 31: 4 missing images, but no anime_id
2026-07-22 13:58:34,437 - V2Scraper - INFO -   ID 313: 10 missing images, but no anime_id
2026-07-22 13:58:34,441 - V2Scraper - INFO -   ID 32: 8 missing images, but no anime_id
2026-07-22 13:58:34,443 - V2Scraper - INFO -   ID 325: 3 missing images, but no anime_id
2026-07-22 13:58:34,446 - V2Scraper - INFO -   ID 33: 2 missing images, but no anime_id
2026-07-22 13:58:34,447 - V2Scraper - INFO -   ID 332: 1 missing images, but no anime_id
2026-07-22 13:58:34,448 - V2Scraper - INFO -   ID 333: 7 missing images, but no anime_id
2026-07-22 13:58:34,451 - V2Scraper - INFO -   ID 339: 10 missing images, but no anime_id
2026-07-22 13:58:34,453 - V2Scraper - INFO -   ID 342: 9 missing images, but no anime_id
2026-07-22 13:58:34,455 - V2Scraper - INFO -   ID 345: 3 missing images, but no anime_id
2026-07-22 13:58:34,455 - V2Scraper - INFO -   ID 346: 1 missing images, but no anime_id
2026-07-22 13:58:34,458 - V2Scraper - INFO -   ID 35: 7 missing images, but no anime_id
2026-07-22 13:58:34,458 - V2Scraper - INFO -   ID 350: 65 missing images, but no anime_id
2026-07-22 13:58:34,459 - V2Scraper - INFO -   ID 352: 1 missing images, but no anime_id
2026-07-22 13:58:34,461 - V2Scraper - INFO -   ID 356: 2 missing images, but no anime_id
2026-07-22 13:58:34,462 - V2Scraper - INFO -   ID 357: 14 missing images, but no anime_id
2026-07-22 13:58:34,463 - V2Scraper - INFO -   ID 359: 4 missing images, but no anime_id
2026-07-22 13:58:34,468 - V2Scraper - INFO -   ID 367: 17 missing images, but no anime_id
2026-07-22 13:58:34,470 - V2Scraper - INFO -   ID 370: 2 missing images, but no anime_id
2026-07-22 13:58:34,470 - V2Scraper - INFO -   ID 371: 68 missing images, but no anime_id
2026-07-22 13:58:34,471 - V2Scraper - INFO -   ID 372: 3 missing images, but no anime_id
2026-07-22 13:58:34,473 - V2Scraper - INFO -   ID 375: 3 missing images, but no anime_id
2026-07-22 13:58:34,474 - V2Scraper - INFO -   ID 377: 1 missing images, but no anime_id
2026-07-22 13:58:34,476 - V2Scraper - INFO -   ID 380: 21 missing images, but no anime_id
2026-07-22 13:58:34,478 - V2Scraper - INFO -   ID 383: 2 missing images, but no anime_id
2026-07-22 13:58:34,479 - V2Scraper - INFO -   ID 385: 2 missing images, but no anime_id
2026-07-22 13:58:34,480 - V2Scraper - INFO -   ID 387: 1 missing images, but no anime_id
2026-07-22 13:58:34,484 - V2Scraper - INFO -   ID 393: 1 missing images, but no anime_id
2026-07-22 13:58:34,485 - V2Scraper - INFO -   ID 394: 1 missing images, but no anime_id
2026-07-22 13:58:34,487 - V2Scraper - INFO -   ID 398: 1 missing images, but no anime_id
2026-07-22 13:58:34,494 - V2Scraper - INFO -   ID 412: 15 missing images, but no anime_id
2026-07-22 13:58:34,498 - V2Scraper - INFO -   ID 419: 25 missing images, but no anime_id
2026-07-22 13:58:34,499 - V2Scraper - INFO -   ID 422: 3 missing images, but no anime_id
2026-07-22 13:58:34,501 - V2Scraper - INFO -   ID 424: 23 missing images, but no anime_id
2026-07-22 13:58:34,502 - V2Scraper - INFO -   ID 426: 1 missing images, but no anime_id
2026-07-22 13:58:34,505 - V2Scraper - INFO -   ID 432: 1 missing images, but no anime_id
2026-07-22 13:58:34,507 - V2Scraper - INFO -   ID 436: 5 missing images, but no anime_id
2026-07-22 13:58:34,508 - V2Scraper - INFO -   ID 439: 3 missing images, but no anime_id
2026-07-22 13:58:34,510 - V2Scraper - INFO -   ID 444: 7 missing images, but no anime_id
2026-07-22 13:58:34,510 - V2Scraper - INFO -   ID 445: 15 missing images, but no anime_id
2026-07-22 13:58:34,511 - V2Scraper - INFO -   ID 447: 2 missing images, but no anime_id
2026-07-22 13:58:34,512 - V2Scraper - INFO -   ID 448: 1 missing images, but no anime_id
2026-07-22 13:58:34,520 - V2Scraper - INFO -   ID 461: 1 missing images, but no anime_id
2026-07-22 13:58:34,521 - V2Scraper - INFO -   ID 463: 2 missing images, but no anime_id
2026-07-22 13:58:34,521 - V2Scraper - INFO -   ID 464: 4 missing images, but no anime_id
2026-07-22 13:58:34,522 - V2Scraper - INFO -   ID 465: 1 missing images, but no anime_id
2026-07-22 13:58:34,523 - V2Scraper - INFO -   ID 467: 6 missing images, but no anime_id
2026-07-22 13:58:34,524 - V2Scraper - INFO -   ID 469: 3 missing images, but no anime_id
2026-07-22 13:58:34,526 - V2Scraper - INFO -   ID 470: 1 missing images, but no anime_id
2026-07-22 13:58:34,528 - V2Scraper - INFO -   ID 473: 1 missing images, but no anime_id
2026-07-22 13:58:34,528 - V2Scraper - INFO -   ID 474: 1 missing images, but no anime_id
2026-07-22 13:58:34,529 - V2Scraper - INFO -   ID 475: 6 missing images, but no anime_id
2026-07-22 13:58:34,530 - V2Scraper - INFO -   ID 477: 1 missing images, but no anime_id
2026-07-22 13:58:34,536 - V2Scraper - INFO -   ID 49: 1 missing images, but no anime_id
2026-07-22 13:58:34,538 - V2Scraper - INFO -   ID 494: 1 missing images, but no anime_id
2026-07-22 13:58:34,541 - V2Scraper - INFO -   ID 50: 3 missing images, but no anime_id
2026-07-22 13:58:34,543 - V2Scraper - INFO -   ID 503: 4 missing images, but no anime_id
2026-07-22 13:58:34,550 - V2Scraper - INFO -   ID 513: 4 missing images, but no anime_id
2026-07-22 13:58:34,551 - V2Scraper - INFO -   ID 514: 11 missing images, but no anime_id
2026-07-22 13:58:34,555 - V2Scraper - INFO -   ID 519: 1 missing images, but no anime_id
2026-07-22 13:58:34,556 - V2Scraper - INFO -   ID 521: 2 missing images, but no anime_id
2026-07-22 13:58:34,559 - V2Scraper - INFO -   ID 524: 1 missing images, but no anime_id
2026-07-22 13:58:34,566 - V2Scraper - INFO -   ID 535: 1 missing images, but no anime_id
2026-07-22 13:58:34,568 - V2Scraper - INFO -   ID 538: 7 missing images, but no anime_id
2026-07-22 13:58:34,568 - V2Scraper - INFO -   ID 539: 6 missing images, but no anime_id
2026-07-22 13:58:34,569 - V2Scraper - INFO -   ID 54: 1 missing images, but no anime_id
2026-07-22 13:58:34,569 - V2Scraper - INFO -   ID 540: 1 missing images, but no anime_id
2026-07-22 13:58:34,571 - V2Scraper - INFO -   ID 542: 7 missing images, but no anime_id
2026-07-22 13:58:34,571 - V2Scraper - INFO -   ID 543: 2 missing images, but no anime_id
2026-07-22 13:58:34,573 - V2Scraper - INFO -   ID 546: 1 missing images, but no anime_id
2026-07-22 13:58:34,575 - V2Scraper - INFO -   ID 549: 1 missing images, but no anime_id
2026-07-22 13:58:34,579 - V2Scraper - INFO -   ID 556: 3 missing images, but no anime_id
2026-07-22 13:58:34,580 - V2Scraper - INFO -   ID 557: 11 missing images, but no anime_id
2026-07-22 13:58:34,582 - V2Scraper - INFO -   ID 561: 63 missing images, but no anime_id
2026-07-22 13:58:34,584 - V2Scraper - INFO -   ID 564: 2 missing images, but no anime_id
2026-07-22 13:58:34,584 - V2Scraper - INFO -   ID 565: 148 missing images, but no anime_id
2026-07-22 13:58:34,588 - V2Scraper - INFO -   ID 573: 3 missing images, but no anime_id
2026-07-22 13:58:34,603 - V2Scraper - INFO -   ID 595: 1 missing images, but no anime_id
2026-07-22 13:58:34,605 - V2Scraper - INFO -   ID 5967: 2 missing images, but no anime_id
2026-07-22 13:58:34,608 - V2Scraper - INFO -   ID 5990: 1 missing images, but no anime_id
2026-07-22 13:58:34,608 - V2Scraper - INFO -   ID 5996: 1 missing images, but no anime_id
2026-07-22 13:58:34,608 - V2Scraper - INFO -   ID 5997: 1 missing images, but no anime_id
2026-07-22 13:58:34,609 - V2Scraper - INFO -   ID 6002: 2 missing images, but no anime_id
2026-07-22 13:58:34,610 - V2Scraper - INFO -   ID 601: 1 missing images, but no anime_id
2026-07-22 13:58:34,613 - V2Scraper - INFO -   ID 604: 1 missing images, but no anime_id
2026-07-22 13:58:34,615 - V2Scraper - INFO -   ID 6055: 3 missing images, but no anime_id
2026-07-22 13:58:34,615 - V2Scraper - INFO -   ID 6057: 4 missing images, but no anime_id
2026-07-22 13:58:34,616 - V2Scraper - INFO -   ID 6058: 99 missing images, but no anime_id
2026-07-22 13:58:34,617 - V2Scraper - INFO -   ID 6060: 6 missing images, but no anime_id
2026-07-22 13:58:34,618 - V2Scraper - INFO -   ID 6066: 1 missing images, but no anime_id
2026-07-22 13:58:34,618 - V2Scraper - INFO -   ID 6067: 29 missing images, but no anime_id
2026-07-22 13:58:34,620 - V2Scraper - INFO -   ID 6090: 6 missing images, but no anime_id
2026-07-22 13:58:34,622 - V2Scraper - INFO -   ID 6116: 1 missing images, but no anime_id
2026-07-22 13:58:34,624 - V2Scraper - INFO -   ID 6131: 29 missing images, but no anime_id
2026-07-22 13:58:34,624 - V2Scraper - INFO -   ID 6133: 13 missing images, but no anime_id
2026-07-22 13:58:34,626 - V2Scraper - INFO -   ID 6152: 1 missing images, but no anime_id
2026-07-22 13:58:34,629 - V2Scraper - INFO -   ID 6178: 35 missing images, but no anime_id
2026-07-22 13:58:34,629 - V2Scraper - INFO -   ID 6179: 3 missing images, but no anime_id
2026-07-22 13:58:34,631 - V2Scraper - INFO -   ID 620: 2 missing images, but no anime_id
2026-07-22 13:58:34,637 - V2Scraper - INFO -   ID 625: 4 missing images, but no anime_id
2026-07-22 13:58:34,640 - V2Scraper - INFO -   ID 626: 3 missing images, but no anime_id
2026-07-22 13:58:34,641 - V2Scraper - INFO -   ID 6265: 3 missing images (anime_id=F5gBooqJ1oVepAqEaLBS)
2026-07-22 13:58:36,740 - V2Scraper - INFO -   RSC: 53 places (28 total unique)
2026-07-22 13:58:37,058 - V2Scraper - INFO - Total extracted: 28 places
2026-07-22 13:58:39,062 - V2Scraper - INFO -   ID 627: 1 missing images, but no anime_id
2026-07-22 13:58:39,066 - V2Scraper - INFO -   ID 6300: 1 missing images (anime_id=OaKLJatdGQqtkk4SZWdB)
2026-07-22 13:58:40,777 - V2Scraper - INFO -   RSC: 50 places (26 total unique)
2026-07-22 13:58:41,001 - V2Scraper - INFO - Total extracted: 26 places
2026-07-22 13:58:43,005 - V2Scraper - INFO -   ID 631: 4 missing images, but no anime_id
2026-07-22 13:58:43,010 - V2Scraper - INFO -   ID 635: 1 missing images, but no anime_id
2026-07-22 13:58:43,012 - V2Scraper - INFO -   ID 637: 1 missing images, but no anime_id
2026-07-22 13:58:43,020 - V2Scraper - INFO -   ID 645: 2 missing images, but no anime_id
2026-07-22 13:58:43,021 - V2Scraper - INFO -   ID 6457: 1 missing images (anime_id=w5KAbfUc7AIQc5Qv4hEM)
2026-07-22 13:58:44,888 - V2Scraper - INFO -   RSC: 71 places (48 total unique)
2026-07-22 13:58:45,121 - V2Scraper - INFO - Total extracted: 48 places
2026-07-22 13:58:47,127 - V2Scraper - INFO -   ID 6488: 1 missing images, but no anime_id
2026-07-22 13:58:47,127 - V2Scraper - INFO -   ID 6489: 1 missing images, but no anime_id
2026-07-22 13:58:47,128 - V2Scraper - INFO -   ID 6492: 5 missing images, but no anime_id
2026-07-22 13:58:47,128 - V2Scraper - INFO -   ID 6493: 2 missing images, but no anime_id
2026-07-22 13:58:47,128 - V2Scraper - INFO -   ID 6494: 4 missing images, but no anime_id
2026-07-22 13:58:47,128 - V2Scraper - INFO -   ID 6495: 2 missing images, but no anime_id
2026-07-22 13:58:47,128 - V2Scraper - INFO -   ID 6497: 1 missing images, but no anime_id
2026-07-22 13:58:47,129 - V2Scraper - INFO -   ID 650: 27 missing images, but no anime_id
2026-07-22 13:58:47,129 - V2Scraper - INFO -   ID 6501: 2 missing images, but no anime_id
2026-07-22 13:58:47,129 - V2Scraper - INFO -   ID 6505: 1 missing images, but no anime_id
2026-07-22 13:58:47,129 - V2Scraper - INFO -   ID 6506: 1 missing images, but no anime_id
2026-07-22 13:58:47,129 - V2Scraper - INFO -   ID 6507: 1 missing images, but no anime_id
2026-07-22 13:58:47,130 - V2Scraper - INFO -   ID 6510: 1 missing images, but no anime_id
2026-07-22 13:58:47,130 - V2Scraper - INFO -   ID 6512: 1 missing images, but no anime_id
2026-07-22 13:58:47,130 - V2Scraper - INFO -   ID 6513: 1 missing images, but no anime_id
2026-07-22 13:58:47,130 - V2Scraper - INFO -   ID 6515: 1 missing images, but no anime_id
2026-07-22 13:58:47,130 - V2Scraper - INFO -   ID 6516: 2 missing images, but no anime_id
2026-07-22 13:58:47,131 - V2Scraper - INFO -   ID 6518: 2 missing images, but no anime_id
2026-07-22 13:58:47,131 - V2Scraper - INFO -   ID 6519: 1 missing images, but no anime_id
2026-07-22 13:58:47,131 - V2Scraper - INFO -   ID 6520: 1 missing images, but no anime_id
2026-07-22 13:58:47,131 - V2Scraper - INFO -   ID 6521: 1 missing images, but no anime_id
2026-07-22 13:58:47,131 - V2Scraper - INFO -   ID 6522: 2 missing images, but no anime_id
2026-07-22 13:58:47,131 - V2Scraper - INFO -   ID 6523: 2 missing images, but no anime_id
2026-07-22 13:58:47,132 - V2Scraper - INFO -   ID 6527: 1 missing images, but no anime_id
2026-07-22 13:58:47,132 - V2Scraper - INFO -   ID 6528: 2 missing images, but no anime_id
2026-07-22 13:58:47,132 - V2Scraper - INFO -   ID 653: 5 missing images, but no anime_id
2026-07-22 13:58:47,133 - V2Scraper - INFO -   ID 6542: 3 missing images, but no anime_id
2026-07-22 13:58:47,133 - V2Scraper - INFO -   ID 6543: 14 missing images, but no anime_id
2026-07-22 13:58:47,137 - V2Scraper - INFO -   ID 6548: 195 missing images, but no anime_id
2026-07-22 13:58:47,139 - V2Scraper - INFO -   ID 6553: 2 missing images, but no anime_id
2026-07-22 13:58:47,141 - V2Scraper - INFO -   ID 6565: 47 missing images, but no anime_id
2026-07-22 13:58:47,142 - V2Scraper - INFO -   ID 657: 2 missing images, but no anime_id
2026-07-22 13:58:47,142 - V2Scraper - INFO -   ID 6575: 7 missing images, but no anime_id
2026-07-22 13:58:47,144 - V2Scraper - INFO -   ID 6589: 1 missing images, but no anime_id
2026-07-22 13:58:47,144 - V2Scraper - INFO -   ID 6590: 1 missing images, but no anime_id
2026-07-22 13:58:47,144 - V2Scraper - INFO -   ID 6591: 5 missing images, but no anime_id
2026-07-22 13:58:47,145 - V2Scraper - INFO -   ID 6592: 1 missing images, but no anime_id
2026-07-22 13:58:47,145 - V2Scraper - INFO -   ID 6595: 1 missing images, but no anime_id
2026-07-22 13:58:47,146 - V2Scraper - INFO -   ID 66: 153 missing images, but no anime_id
2026-07-22 13:58:47,148 - V2Scraper - INFO -   ID 6605: 1 missing images, but no anime_id
2026-07-22 13:58:47,148 - V2Scraper - INFO -   ID 6607: 13 missing images, but no anime_id
2026-07-22 13:58:47,149 - V2Scraper - INFO -   ID 661: 60 missing images, but no anime_id
2026-07-22 13:58:47,149 - V2Scraper - INFO -   ID 6614: 23 missing images, but no anime_id
2026-07-22 13:58:47,150 - V2Scraper - INFO -   ID 6621: 27 missing images, but no anime_id
2026-07-22 13:58:47,153 - V2Scraper - INFO -   ID 6629: 7 missing images, but no anime_id
2026-07-22 13:58:47,153 - V2Scraper - INFO -   ID 6630: 9 missing images, but no anime_id
2026-07-22 13:58:47,154 - V2Scraper - INFO -   ID 6637: 88 missing images, but no anime_id
2026-07-22 13:58:47,159 - V2Scraper - INFO -   ID 667: 1 missing images, but no anime_id
2026-07-22 13:58:47,159 - V2Scraper - INFO -   ID 6672: 1 missing images, but no anime_id
2026-07-22 13:58:47,160 - V2Scraper - INFO -   ID 6673: 36 missing images, but no anime_id
2026-07-22 13:58:47,163 - V2Scraper - INFO -   ID 6694: 19 missing images, but no anime_id
2026-07-22 13:58:47,163 - V2Scraper - INFO -   ID 6700: 6 missing images, but no anime_id
2026-07-22 13:58:47,164 - V2Scraper - INFO -   ID 6705: 2 missing images, but no anime_id
2026-07-22 13:58:47,166 - V2Scraper - INFO -   ID 6711: 1 missing images, but no anime_id
2026-07-22 13:58:47,166 - V2Scraper - INFO -   ID 6713: 23 missing images, but no anime_id
2026-07-22 13:58:47,167 - V2Scraper - INFO -   ID 6717: 10 missing images, but no anime_id
2026-07-22 13:58:47,168 - V2Scraper - INFO -   ID 6722: 42 missing images, but no anime_id
2026-07-22 13:58:47,168 - V2Scraper - INFO -   ID 6724: 4 missing images, but no anime_id
2026-07-22 13:58:47,168 - V2Scraper - INFO -   ID 6729: 2 missing images, but no anime_id
2026-07-22 13:58:47,169 - V2Scraper - INFO -   ID 6732: 5 missing images, but no anime_id
2026-07-22 13:58:47,169 - V2Scraper - INFO -   ID 6737: 13 missing images, but no anime_id
2026-07-22 13:58:47,170 - V2Scraper - INFO -   ID 6738: 7 missing images, but no anime_id
2026-07-22 13:58:47,171 - V2Scraper - INFO -   ID 6757: 2 missing images, but no anime_id
2026-07-22 13:58:47,171 - V2Scraper - INFO -   ID 6760: 21 missing images, but no anime_id
2026-07-22 13:58:47,172 - V2Scraper - INFO -   ID 6773: 4 missing images, but no anime_id
2026-07-22 13:58:47,173 - V2Scraper - INFO -   ID 6783: 2 missing images, but no anime_id
2026-07-22 13:58:47,174 - V2Scraper - INFO -   ID 6793: 1 missing images, but no anime_id
2026-07-22 13:58:47,175 - V2Scraper - INFO -   ID 6798: 5 missing images (anime_id=Dts24mB9vQ2lpeOlu0sm)
2026-07-22 13:58:48,985 - V2Scraper - INFO -   RSC: 13 places (6 total unique)
2026-07-22 13:58:49,204 - V2Scraper - INFO -   Posts API: 1 user-uploaded places
2026-07-22 13:58:49,205 - V2Scraper - INFO -   API: 1 user-uploaded places (6 total unique)
2026-07-22 13:58:49,205 - V2Scraper - INFO - Total extracted: 6 places
2026-07-22 13:58:51,207 - V2Scraper - INFO -   ID 68: 2 missing images, but no anime_id
2026-07-22 13:58:51,208 - V2Scraper - INFO -   ID 6800: 1 missing images, but no anime_id
2026-07-22 13:58:51,208 - V2Scraper - INFO -   ID 6803: 1 missing images, but no anime_id
2026-07-22 13:58:51,209 - V2Scraper - INFO -   ID 6812: 7 missing images, but no anime_id
2026-07-22 13:58:51,209 - V2Scraper - INFO -   ID 6813: 11 missing images, but no anime_id
2026-07-22 13:58:51,210 - V2Scraper - INFO -   ID 6814: 13 missing images, but no anime_id
2026-07-22 13:58:51,210 - V2Scraper - INFO -   ID 6815: 36 missing images, but no anime_id
2026-07-22 13:58:51,211 - V2Scraper - INFO -   ID 6826: 1 missing images, but no anime_id
2026-07-22 13:58:51,212 - V2Scraper - INFO -   ID 6832: 2 missing images, but no anime_id
2026-07-22 13:58:51,212 - V2Scraper - INFO -   ID 6839: 8 missing images (anime_id=Q5sGWTURXZRsHIhzUbAH)
2026-07-22 13:58:52,948 - V2Scraper - INFO -   RSC: 18 places (9 total unique)
2026-07-22 13:58:53,175 - V2Scraper - INFO -   Posts API: 1 user-uploaded places
2026-07-22 13:58:53,175 - V2Scraper - INFO -   API: 1 user-uploaded places (9 total unique)
2026-07-22 13:58:53,175 - V2Scraper - INFO - Total extracted: 9 places
2026-07-22 13:58:55,178 - V2Scraper - INFO -   ID 684: 2 missing images, but no anime_id
2026-07-22 13:58:55,178 - V2Scraper - INFO -   ID 6844: 43 missing images, but no anime_id
2026-07-22 13:58:55,178 - V2Scraper - INFO -   ID 6845: 12 missing images, but no anime_id
2026-07-22 13:58:55,179 - V2Scraper - INFO -   ID 6846: 17 missing images, but no anime_id
2026-07-22 13:58:55,179 - V2Scraper - INFO -   ID 6847: 6 missing images, but no anime_id
2026-07-22 13:58:55,179 - V2Scraper - INFO -   ID 6848: 5 missing images, but no anime_id
2026-07-22 13:58:55,179 - V2Scraper - INFO -   ID 6849: 17 missing images, but no anime_id
2026-07-22 13:58:55,180 - V2Scraper - INFO -   ID 6850: 6 missing images, but no anime_id
2026-07-22 13:58:55,180 - V2Scraper - INFO -   ID 6851: 14 missing images, but no anime_id
2026-07-22 13:58:55,180 - V2Scraper - INFO -   ID 6852: 14 missing images, but no anime_id
2026-07-22 13:58:55,180 - V2Scraper - INFO -   ID 6853: 12 missing images, but no anime_id
2026-07-22 13:58:55,180 - V2Scraper - INFO -   ID 6854: 12 missing images, but no anime_id
2026-07-22 13:58:55,180 - V2Scraper - INFO -   ID 6855: 33 missing images, but no anime_id
2026-07-22 13:58:55,180 - V2Scraper - INFO -   ID 6856: 10 missing images, but no anime_id
2026-07-22 13:58:55,181 - V2Scraper - INFO -   ID 6857: 43 missing images, but no anime_id
2026-07-22 13:58:55,181 - V2Scraper - INFO -   ID 6858: 6 missing images, but no anime_id
2026-07-22 13:58:55,181 - V2Scraper - INFO -   ID 6859: 14 missing images, but no anime_id
2026-07-22 13:58:55,181 - V2Scraper - INFO -   ID 6860: 8 missing images, but no anime_id
2026-07-22 13:58:55,182 - V2Scraper - INFO -   ID 6861: 7 missing images, but no anime_id
2026-07-22 13:58:55,182 - V2Scraper - INFO -   ID 6862: 4 missing images, but no anime_id
2026-07-22 13:58:55,182 - V2Scraper - INFO -   ID 6863: 2 missing images, but no anime_id
2026-07-22 13:58:55,182 - V2Scraper - INFO -   ID 6864: 3 missing images, but no anime_id
2026-07-22 13:58:55,182 - V2Scraper - INFO -   ID 6865: 2 missing images, but no anime_id
2026-07-22 13:58:55,182 - V2Scraper - INFO -   ID 6866: 1 missing images, but no anime_id
2026-07-22 13:58:55,182 - V2Scraper - INFO -   ID 6867: 6 missing images, but no anime_id
2026-07-22 13:58:55,182 - V2Scraper - INFO -   ID 6868: 5 missing images, but no anime_id
2026-07-22 13:58:55,183 - V2Scraper - INFO -   ID 6869: 1 missing images, but no anime_id
2026-07-22 13:58:55,183 - V2Scraper - INFO -   ID 6870: 5 missing images, but no anime_id
2026-07-22 13:58:55,183 - V2Scraper - INFO -   ID 6871: 4 missing images, but no anime_id
2026-07-22 13:58:55,183 - V2Scraper - INFO -   ID 6872: 4 missing images, but no anime_id
2026-07-22 13:58:55,183 - V2Scraper - INFO -   ID 6873: 15 missing images, but no anime_id
2026-07-22 13:58:55,183 - V2Scraper - INFO -   ID 6874: 3 missing images, but no anime_id
2026-07-22 13:58:55,183 - V2Scraper - INFO -   ID 6875: 1 missing images, but no anime_id
2026-07-22 13:58:55,183 - V2Scraper - INFO -   ID 6876: 5 missing images, but no anime_id
2026-07-22 13:58:55,184 - V2Scraper - INFO -   ID 6877: 5 missing images, but no anime_id
2026-07-22 13:58:55,184 - V2Scraper - INFO -   ID 6878: 2 missing images, but no anime_id
2026-07-22 13:58:55,184 - V2Scraper - INFO -   ID 6879: 10 missing images, but no anime_id
2026-07-22 13:58:55,184 - V2Scraper - INFO -   ID 6880: 1 missing images, but no anime_id
2026-07-22 13:58:55,184 - V2Scraper - INFO -   ID 6881: 14 missing images, but no anime_id
2026-07-22 13:58:55,184 - V2Scraper - INFO -   ID 6882: 28 missing images, but no anime_id
2026-07-22 13:58:55,184 - V2Scraper - INFO -   ID 6883: 2 missing images, but no anime_id
2026-07-22 13:58:55,185 - V2Scraper - INFO -   ID 6884: 3 missing images, but no anime_id
2026-07-22 13:58:55,185 - V2Scraper - INFO -   ID 6885: 4 missing images, but no anime_id
2026-07-22 13:58:55,185 - V2Scraper - INFO -   ID 6886: 6 missing images, but no anime_id
2026-07-22 13:58:55,185 - V2Scraper - INFO -   ID 6887: 8 missing images, but no anime_id
2026-07-22 13:58:55,185 - V2Scraper - INFO -   ID 6888: 4 missing images, but no anime_id
2026-07-22 13:58:55,185 - V2Scraper - INFO -   ID 6889: 37 missing images, but no anime_id
2026-07-22 13:58:55,186 - V2Scraper - INFO -   ID 6890: 9 missing images, but no anime_id
2026-07-22 13:58:55,186 - V2Scraper - INFO -   ID 6891: 9 missing images, but no anime_id
2026-07-22 13:58:55,186 - V2Scraper - INFO -   ID 6892: 10 missing images, but no anime_id
2026-07-22 13:58:55,186 - V2Scraper - INFO -   ID 6893: 10 missing images, but no anime_id
2026-07-22 13:58:55,186 - V2Scraper - INFO -   ID 6894: 14 missing images, but no anime_id
2026-07-22 13:58:55,186 - V2Scraper - INFO -   ID 6895: 42 missing images, but no anime_id
2026-07-22 13:58:55,187 - V2Scraper - INFO -   ID 6896: 47 missing images, but no anime_id
2026-07-22 13:58:55,187 - V2Scraper - INFO -   ID 6897: 15 missing images, but no anime_id
2026-07-22 13:58:55,187 - V2Scraper - INFO -   ID 6898: 7 missing images, but no anime_id
2026-07-22 13:58:55,187 - V2Scraper - INFO -   ID 6899: 80 missing images, but no anime_id
2026-07-22 13:58:55,188 - V2Scraper - INFO -   ID 69: 1 missing images, but no anime_id
2026-07-22 13:58:55,188 - V2Scraper - INFO -   ID 6900: 1 missing images, but no anime_id
2026-07-22 13:58:55,188 - V2Scraper - INFO -   ID 6901: 2 missing images, but no anime_id
2026-07-22 13:58:55,188 - V2Scraper - INFO -   ID 6902: 15 missing images, but no anime_id
2026-07-22 13:58:55,189 - V2Scraper - INFO -   ID 6903: 18 missing images, but no anime_id
2026-07-22 13:58:55,189 - V2Scraper - INFO -   ID 6904: 60 missing images, but no anime_id
2026-07-22 13:58:55,189 - V2Scraper - INFO -   ID 6905: 5 missing images, but no anime_id
2026-07-22 13:58:55,189 - V2Scraper - INFO -   ID 6906: 52 missing images, but no anime_id
2026-07-22 13:58:55,189 - V2Scraper - INFO -   ID 6907: 5 missing images, but no anime_id
2026-07-22 13:58:55,190 - V2Scraper - INFO -   ID 6908: 6 missing images, but no anime_id
2026-07-22 13:58:55,190 - V2Scraper - INFO -   ID 6909: 2 missing images, but no anime_id
2026-07-22 13:58:55,191 - V2Scraper - INFO -   ID 6910: 5 missing images, but no anime_id
2026-07-22 13:58:55,191 - V2Scraper - INFO -   ID 6911: 35 missing images, but no anime_id
2026-07-22 13:58:55,191 - V2Scraper - INFO -   ID 6912: 62 missing images, but no anime_id
2026-07-22 13:58:55,191 - V2Scraper - INFO -   ID 6913: 3 missing images, but no anime_id
2026-07-22 13:58:55,192 - V2Scraper - INFO -   ID 6920: 3 missing images (anime_id=fNMHHPGHtnQ928juROn7)
2026-07-22 13:58:56,937 - V2Scraper - INFO -   RSC: 9 places (3 total unique)
2026-07-22 13:58:57,154 - V2Scraper - INFO -   Posts API: 3 user-uploaded places
2026-07-22 13:58:57,154 - V2Scraper - INFO -   API: 3 user-uploaded places (3 total unique)
2026-07-22 13:58:57,154 - V2Scraper - INFO - Total extracted: 3 places
2026-07-22 13:58:59,157 - V2Scraper - INFO -   ID 6921: 1 missing images (anime_id=ztYqVosnEOhoNlPRvVCo)
2026-07-22 13:59:00,944 - V2Scraper - INFO -   RSC: 3 places (1 total unique)
2026-07-22 13:59:01,168 - V2Scraper - INFO -   Posts API: 1 user-uploaded places
2026-07-22 13:59:01,168 - V2Scraper - INFO -   API: 1 user-uploaded places (1 total unique)
2026-07-22 13:59:01,168 - V2Scraper - INFO - Total extracted: 1 places
2026-07-22 13:59:03,171 - V2Scraper - INFO -   ID 6923: 3 missing images (anime_id=RLvmUUdAaqEDbvILfPsq)
2026-07-22 13:59:04,941 - V2Scraper - INFO -   RSC: 6 places (3 total unique)
2026-07-22 13:59:05,159 - V2Scraper - INFO - Total extracted: 3 places
2026-07-22 13:59:07,161 - V2Scraper - INFO -   ID 6924: 10 missing images (anime_id=txYgEfCLSykeTWemzp22)
2026-07-22 13:59:09,120 - V2Scraper - INFO -   RSC: 28 places (14 total unique)
2026-07-22 13:59:09,335 - V2Scraper - INFO - Total extracted: 14 places
2026-07-22 13:59:11,338 - V2Scraper - INFO -   ID 6925: 5 missing images (anime_id=7qKvxoZi4qfqT9hPApwM)
2026-07-22 13:59:13,096 - V2Scraper - INFO -   RSC: 17 places (7 total unique)
2026-07-22 13:59:13,356 - V2Scraper - INFO -   Posts API: 7 user-uploaded places
2026-07-22 13:59:13,356 - V2Scraper - INFO -   API: 7 user-uploaded places (7 total unique)
2026-07-22 13:59:13,356 - V2Scraper - INFO - Total extracted: 7 places
2026-07-22 13:59:15,359 - V2Scraper - INFO -   ID 6929: 1 missing images, but no anime_id
2026-07-22 13:59:15,360 - V2Scraper - INFO -   ID 6932: 1 missing images (anime_id=KxxurNxXiTegfvduCkyC)
2026-07-22 13:59:17,088 - V2Scraper - INFO -   RSC: 2 places (1 total unique)
2026-07-22 13:59:17,311 - V2Scraper - INFO - Total extracted: 1 places
2026-07-22 13:59:19,315 - V2Scraper - INFO -   ID 704: 7 missing images, but no anime_id
2026-07-22 13:59:19,316 - V2Scraper - INFO -   ID 71: 3 missing images, but no anime_id
2026-07-22 13:59:19,317 - V2Scraper - INFO -   ID 710: 17 missing images, but no anime_id
2026-07-22 13:59:19,318 - V2Scraper - INFO -   ID 73: 1 missing images, but no anime_id
2026-07-22 13:59:19,319 - V2Scraper - INFO -   ID 733: 30 missing images, but no anime_id
2026-07-22 13:59:19,320 - V2Scraper - INFO -   ID 741: 1 missing images, but no anime_id
2026-07-22 13:59:19,321 - V2Scraper - INFO -   ID 75: 3 missing images, but no anime_id
2026-07-22 13:59:19,322 - V2Scraper - INFO -   ID 753: 1 missing images, but no anime_id
2026-07-22 13:59:19,323 - V2Scraper - INFO -   ID 756: 6 missing images, but no anime_id
2026-07-22 13:59:19,323 - V2Scraper - INFO -   ID 757: 1 missing images, but no anime_id
2026-07-22 13:59:19,325 - V2Scraper - INFO -   ID 77: 5 missing images, but no anime_id
2026-07-22 13:59:19,326 - V2Scraper - INFO -   ID 778: 7 missing images, but no anime_id
2026-07-22 13:59:19,326 - V2Scraper - INFO -   ID 784: 5 missing images, but no anime_id
2026-07-22 13:59:19,327 - V2Scraper - INFO -   ID 79: 5 missing images, but no anime_id
2026-07-22 13:59:19,330 - V2Scraper - INFO -   ID 797: 4 missing images, but no anime_id
2026-07-22 13:59:19,331 - V2Scraper - INFO -   ID 809: 1 missing images, but no anime_id
2026-07-22 13:59:19,331 - V2Scraper - INFO -   ID 81: 52 missing images, but no anime_id
2026-07-22 13:59:19,333 - V2Scraper - INFO -   ID 816: 17 missing images, but no anime_id
2026-07-22 13:59:19,335 - V2Scraper - INFO -   ID 83: 6 missing images, but no anime_id
2026-07-22 13:59:19,339 - V2Scraper - INFO -   ID 834: 3 missing images, but no anime_id
2026-07-22 13:59:19,339 - V2Scraper - INFO -   ID 836: 13 missing images, but no anime_id
2026-07-22 13:59:19,340 - V2Scraper - INFO -   ID 844: 2 missing images, but no anime_id
2026-07-22 13:59:19,340 - V2Scraper - INFO -   ID 846: 15 missing images, but no anime_id
2026-07-22 13:59:19,341 - V2Scraper - INFO -   ID 851: 2 missing images, but no anime_id
2026-07-22 13:59:19,341 - V2Scraper - INFO -   ID 854: 1 missing images, but no anime_id
2026-07-22 13:59:19,345 - V2Scraper - INFO -   ID 872: 2 missing images, but no anime_id
2026-07-22 13:59:19,349 - V2Scraper - INFO -   ID 878: 1 missing images, but no anime_id
2026-07-22 13:59:19,349 - V2Scraper - INFO -   ID 881: 3 missing images, but no anime_id
2026-07-22 13:59:19,351 - V2Scraper - INFO -   ID 887: 2 missing images, but no anime_id
2026-07-22 13:59:19,351 - V2Scraper - INFO -   ID 89: 52 missing images, but no anime_id
2026-07-22 13:59:19,354 - V2Scraper - INFO -   ID 9: 13 missing images, but no anime_id
2026-07-22 13:59:19,357 - V2Scraper - INFO -   ID 912: 1 missing images, but no anime_id
2026-07-22 13:59:19,358 - V2Scraper - INFO -   ID 920: 16 missing images, but no anime_id
2026-07-22 13:59:19,358 - V2Scraper - INFO -   ID 924: 27 missing images, but no anime_id
2026-07-22 13:59:19,360 - V2Scraper - INFO -   ID 94: 11 missing images, but no anime_id
2026-07-22 13:59:19,362 - V2Scraper - INFO -   ID 944: 1 missing images, but no anime_id
2026-07-22 13:59:19,368 - V2Scraper - INFO -   ID 99: 52 missing images, but no anime_id
2026-07-22 13:59:19,371 - V2Scraper - INFO - Backfilled 0 images across 0 anime
2026-07-23 13:52:10,339 - V2Scraper - INFO - ============================================================
2026-07-23 13:52:10,339 - V2Scraper - INFO - Anime Pilgrimage V2 Scraper - Starting
2026-07-23 13:52:10,339 - V2Scraper - INFO - ============================================================
2026-07-23 13:52:10,339 - V2Scraper - INFO - Fetching anime list from sitemap.xml...
2026-07-23 13:52:13,975 - V2Scraper - INFO - Sitemap: 292 anime
2026-07-23 13:52:13,975 - V2Scraper - INFO - Found 292 anime
2026-07-23 13:52:13,975 - V2Scraper - INFO -   1. Days With My Stepsister (04krYkLnGxdyZnphVjQD)
2026-07-23 13:52:13,975 - V2Scraper - INFO -   2. Tonikawa (0AvGlAgPpCxpeHIuaJPN)
2026-07-23 13:52:13,975 - V2Scraper - INFO -   3. Girls Band Cry (0MKV87agZS5NoAaTX6B0)
2026-07-23 13:52:13,975 - V2Scraper - INFO -   4. Tokyo Revengers (0eav7fRw7FpJyEOwfQKl)
2026-07-23 13:52:13,975 - V2Scraper - INFO -   5. Jujutsu Kaisen 1 (0krqHxVPwJzgjw4B5AJN)
2026-07-23 13:52:13,975 - V2Scraper - INFO -   ... and 287 more
2026-07-23 13:52:13,975 - V2Scraper - INFO - Will scrape 292 anime
2026-07-23 13:52:14,026 - V2Scraper - INFO - 
[1/292] Days With My Stepsister (04krYkLnGxdyZnphVjQD)
2026-07-23 13:52:14,026 - V2Scraper - INFO -   Already exists (ID 6198), checking for updates...
2026-07-23 13:52:14,026 - V2Scraper - INFO -   Existing points: 21
2026-07-23 13:52:15,437 - V2Scraper - INFO -   RSC: 41 places (21 total unique)
2026-07-23 13:52:15,786 - V2Scraper - INFO - Total extracted: 21 places
2026-07-23 13:52:15,786 - V2Scraper - INFO -   No new points or corrections needed
2026-07-23 13:52:15,786 - V2Scraper - INFO -   No updates needed
2026-07-23 13:52:16,788 - V2Scraper - INFO - 
[2/292] Tonikawa (0AvGlAgPpCxpeHIuaJPN)
2026-07-23 13:52:16,788 - V2Scraper - INFO -   Already exists (ID 6199), checking for updates...
2026-07-23 13:52:16,788 - V2Scraper - INFO -   Existing points: 7
2026-07-23 13:52:17,938 - V2Scraper - INFO -   RSC: 14 places (7 total unique)
2026-07-23 13:52:18,150 - V2Scraper - INFO - Total extracted: 7 places
2026-07-23 13:52:18,150 - V2Scraper - INFO -   No new points or corrections needed
2026-07-23 13:52:18,150 - V2Scraper - INFO -   No updates needed
2026-07-23 13:52:19,151 - V2Scraper - INFO - 
[3/292] Girls Band Cry (0MKV87agZS5NoAaTX6B0)
2026-07-23 13:52:19,151 - V2Scraper - INFO -   Already exists (ID 6200), checking for updates...
2026-07-23 13:52:19,152 - V2Scraper - INFO -   Existing points: 91
2026-07-23 13:52:20,399 - V2Scraper - INFO -   RSC: 112 places (88 total unique)
2026-07-23 13:52:20,595 - V2Scraper - INFO - Total extracted: 88 places
2026-07-23 13:52:20,596 - V2Scraper - INFO -   No new points or corrections needed
2026-07-23 13:52:20,596 - V2Scraper - INFO -   No updates needed
2026-07-23 13:52:21,597 - V2Scraper - INFO - 
[4/292] Tokyo Revengers (0eav7fRw7FpJyEOwfQKl)
2026-07-23 13:52:21,598 - V2Scraper - INFO -   Already exists (ID 6201), checking for updates...
2026-07-23 13:52:21,598 - V2Scraper - INFO -   Existing points: 26
2026-07-23 13:52:22,783 - V2Scraper - INFO -   RSC: 52 places (26 total unique)
2026-07-23 13:52:22,988 - V2Scraper - INFO -   Posts API: 1 user-uploaded places
2026-07-23 13:52:22,988 - V2Scraper - INFO -   API: 1 user-uploaded places (26 total unique)
2026-07-23 13:52:22,988 - V2Scraper - INFO - Total extracted: 26 places
2026-07-23 13:52:22,989 - V2Scraper - INFO -   No new points or corrections needed
2026-07-23 13:52:22,989 - V2Scraper - INFO -   No updates needed
2026-07-23 13:52:23,990 - V2Scraper - INFO - 
[5/292] Jujutsu Kaisen 1 (0krqHxVPwJzgjw4B5AJN)
2026-07-23 13:52:23,990 - V2Scraper - INFO -   Already exists (ID 6202), checking for updates...
2026-07-23 13:52:23,991 - V2Scraper - INFO -   Existing points: 36
2026-07-23 13:52:25,260 - V2Scraper - INFO -   RSC: 59 places (36 total unique)
2026-07-23 13:52:25,476 - V2Scraper - INFO - Total extracted: 36 places
2026-07-23 13:52:25,476 - V2Scraper - INFO -   No new points or corrections needed
2026-07-23 13:52:25,477 - V2Scraper - INFO -   No updates needed
2026-07-23 13:52:26,478 - V2Scraper - INFO - 
[6/292] Kaguya Sama S1 (0xrJOK7da7qvAXCrTTJ6)
2026-07-23 13:52:26,478 - V2Scraper - INFO -   Already exists (ID 6203), checking for updates...
2026-07-23 13:52:26,478 - V2Scraper - INFO -   Existing points: 15
2026-07-23 13:52:27,568 - V2Scraper - INFO -   RSC: 30 places (15 total unique)
2026-07-23 13:52:27,771 - V2Scraper - INFO - Total extracted: 15 places
2026-07-23 13:52:27,771 - V2Scraper - INFO -   No new points or corrections needed
2026-07-23 13:52:27,771 - V2Scraper - INFO -   No updates needed
2026-07-23 13:52:28,772 - V2Scraper - INFO - 
[7/292] Wonder Egg Priority (1IcHGFHi8jBaDrG3fSQo)
2026-07-23 13:52:28,772 - V2Scraper - INFO -   Already exists (ID 6204), checking for updates...
2026-07-23 13:52:28,773 - V2Scraper - INFO -   Existing points: 39
2026-07-23 13:52:29,947 - V2Scraper - INFO -   RSC: 64 places (39 total unique)
2026-07-23 13:52:30,180 - V2Scraper - INFO - Total extracted: 39 places
2026-07-23 13:52:30,180 - V2Scraper - INFO -   No new points or corrections needed
2026-07-23 13:52:30,180 - V2Scraper - INFO -   No updates needed
2026-07-23 13:52:31,181 - V2Scraper - INFO - 
[8/292] Mashle 2 (1M3MAFU6v1pvBnx8HHEq)
2026-07-23 13:52:31,182 - V2Scraper - INFO -   Already exists (ID 6205), checking for updates...
2026-07-23 13:52:31,182 - V2Scraper - INFO -   Existing points: 8
2026-07-23 13:52:32,318 - V2Scraper - INFO -   RSC: 16 places (8 total unique)
2026-07-23 13:52:32,538 - V2Scraper - INFO - Total extracted: 8 places
2026-07-23 13:52:32,538 - V2Scraper - INFO -   No new points or corrections needed
2026-07-23 13:52:32,538 - V2Scraper - INFO -   No updates needed
2026-07-23 13:52:33,539 - V2Scraper - INFO - 
[9/292] Sound Euphonium Ensemble Contest Arc (1Y4ZSYLqASYfeZRC4q26)
2026-07-23 13:52:33,539 - V2Scraper - INFO -   Already exists (ID 6206), checking for updates...
2026-07-23 13:52:33,540 - V2Scraper - INFO -   Existing points: 4
2026-07-23 13:52:34,650 - V2Scraper - INFO -   RSC: 8 places (4 total unique)
2026-07-23 13:52:34,861 - V2Scraper - INFO - Total extracted: 4 places
2026-07-23 13:52:34,861 - V2Scraper - INFO -   No new points or corrections needed
2026-07-23 13:52:34,861 - V2Scraper - INFO -   No updates needed
2026-07-23 13:52:35,863 - V2Scraper - INFO - 
[10/292] The Day I Became A God (2Qn88kmQZgyF4hkwvH9V)
2026-07-23 13:52:35,863 - V2Scraper - INFO -   Already exists (ID 6207), checking for updates...
2026-07-23 13:52:35,863 - V2Scraper - INFO -   Existing points: 53
2026-07-23 13:52:37,096 - V2Scraper - INFO -   RSC: 77 places (53 total unique)
2026-07-23 13:52:37,330 - V2Scraper - INFO - Total extracted: 53 places
2026-07-23 13:52:37,331 - V2Scraper - INFO -   No new points or corrections needed
2026-07-23 13:52:37,331 - V2Scraper - INFO -   No updates needed
2026-07-23 13:52:38,332 - V2Scraper - INFO - 
[11/292] Blue Orchestra (2fnFUFrnX38hq4LyHjQ9)
2026-07-23 13:52:38,332 - V2Scraper - INFO -   Already exists (ID 6208), checking for updates...
2026-07-23 13:52:38,333 - V2Scraper - INFO -   Existing points: 39
2026-07-23 13:52:39,454 - V2Scraper - INFO -   RSC: 63 places (39 total unique)
2026-07-23 13:52:39,693 - V2Scraper - INFO - Total extracted: 39 places
2026-07-23 13:52:39,693 - V2Scraper - INFO -   No new points or corrections needed
2026-07-23 13:52:39,694 - V2Scraper - INFO -   No updates needed
2026-07-23 13:52:40,695 - V2Scraper - INFO - 
[12/292] Ssss Dynazenon (2jBMuj47DmkLyXspvbb3)
2026-07-23 13:52:40,695 - V2Scraper - INFO -   Already exists (ID 6209), checking for updates...
2026-07-23 13:52:40,695 - V2Scraper - INFO -   Existing points: 18
2026-07-23 13:52:41,972 - V2Scraper - INFO -   RSC: 36 places (18 total unique)
2026-07-23 13:52:42,188 - V2Scraper - INFO - Total extracted: 18 places
2026-07-23 13:52:42,188 - V2Scraper - INFO -   No new points or corrections needed
2026-07-23 13:52:42,188 - V2Scraper - INFO -   No updates needed
2026-07-23 13:52:43,189 - V2Scraper - INFO - 
[13/292] New Game (3aCI73vQcF1oy3bw17Fl)
2026-07-23 13:52:43,189 - V2Scraper - INFO -   Already exists (ID 6210), checking for updates...
2026-07-23 13:52:43,190 - V2Scraper - INFO -   Existing points: 26
2026-07-23 13:52:44,370 - V2Scraper - INFO -   RSC: 50 places (26 total unique)
2026-07-23 13:52:44,571 - V2Scraper - INFO - Total extracted: 26 places
2026-07-23 13:52:44,572 - V2Scraper - INFO -   No new points or corrections needed
2026-07-23 13:52:44,572 - V2Scraper - INFO -   No updates needed
2026-07-23 13:52:45,573 - V2Scraper - INFO - 
[14/292] Amagami Sister (41qdCtiQIC4yNwpe8kWk)
2026-07-23 13:52:45,573 - V2Scraper - INFO -   Already exists (ID 6211), checking for updates...
2026-07-23 13:52:45,574 - V2Scraper - INFO -   Existing points: 49
2026-07-23 13:52:46,635 - V2Scraper - INFO -   RSC: 73 places (49 total unique)
2026-07-23 13:52:46,843 - V2Scraper - INFO - Total extracted: 49 places
2026-07-23 13:52:46,844 - V2Scraper - INFO -   No new points or corrections needed
2026-07-23 13:52:46,844 - V2Scraper - INFO -   No updates needed
2026-07-23 13:52:47,845 - V2Scraper - INFO - 
[15/292] Blue Period (4Dfm522fI1VWDj56dqkN)
2026-07-23 13:52:47,845 - V2Scraper - INFO -   Already exists (ID 6212), checking for updates...
2026-07-23 13:52:47,846 - V2Scraper - INFO -   Existing points: 18
2026-07-23 13:52:48,934 - V2Scraper - INFO -   RSC: 36 places (18 total unique)
2026-07-23 13:52:49,143 - V2Scraper - INFO - Total extracted: 18 places
2026-07-23 13:52:49,143 - V2Scraper - INFO -   No new points or corrections needed
2026-07-23 13:52:49,144 - V2Scraper - INFO -   No updates needed
2026-07-23 13:52:50,145 - V2Scraper - INFO - 
[16/292] Onimai (4aS0VtqJxde7q4nVBDYT)
2026-07-23 13:52:50,145 - V2Scraper - INFO -   Already exists (ID 6213), checking for updates...
2026-07-23 13:52:50,145 - V2Scraper - INFO -   Existing points: 8
2026-07-23 13:52:51,293 - V2Scraper - INFO -   RSC: 16 places (8 total unique)
2026-07-23 13:52:51,498 - V2Scraper - INFO - Total extracted: 8 places
2026-07-23 13:52:51,498 - V2Scraper - INFO -   No new points or corrections needed
2026-07-23 13:52:51,498 - V2Scraper - INFO -   No updates needed
2026-07-23 13:52:52,499 - V2Scraper - INFO - 
[17/292] Dagashi Kashi 2 (4h4wxGAFDIAIb7Aip05j)
2026-07-23 13:52:52,499 - V2Scraper - INFO -   Already exists (ID 6214), checking for updates...
2026-07-23 13:52:52,500 - V2Scraper - INFO -   Existing points: 5
2026-07-23 13:52:53,623 - V2Scraper - INFO -   RSC: 10 places (5 total unique)
2026-07-23 13:52:53,821 - V2Scraper - INFO - Total extracted: 5 places
2026-07-23 13:52:53,821 - V2Scraper - INFO -   No new points or corrections needed
2026-07-23 13:52:53,821 - V2Scraper - INFO -   No updates needed
2026-07-23 13:52:54,822 - V2Scraper - INFO - 
[18/292] Rent A Girlfriend (4qj55JHEmZFWloUisn7T)
2026-07-23 13:52:54,822 - V2Scraper - INFO -   Already exists (ID 6215), checking for updates...
2026-07-23 13:52:54,823 - V2Scraper - INFO -   Existing points: 15
2026-07-23 13:52:56,045 - V2Scraper - INFO -   RSC: 30 places (15 total unique)
2026-07-23 13:52:56,283 - V2Scraper - INFO - Total extracted: 15 places
2026-07-23 13:52:56,283 - V2Scraper - INFO -   No new points or corrections needed
2026-07-23 13:52:56,283 - V2Scraper - INFO -   No updates needed
2026-07-23 13:52:57,285 - V2Scraper - INFO - 
[19/292] Lucky Star (4xqBX6umqSEPcn2i8zGp)
2026-07-23 13:52:57,285 - V2Scraper - INFO -   Already exists (ID 6216), checking for updates...
2026-07-23 13:52:57,286 - V2Scraper - INFO -   Existing points: 55
2026-07-23 13:52:58,468 - V2Scraper - INFO -   RSC: 78 places (54 total unique)
2026-07-23 13:52:58,708 - V2Scraper - INFO - Total extracted: 54 places
2026-07-23 13:52:58,708 - V2Scraper - INFO -   No new points or corrections needed
2026-07-23 13:52:58,708 - V2Scraper - INFO -   No updates needed
2026-07-23 13:52:59,710 - V2Scraper - INFO - 
[20/292] Uma Musume Cinderella Gray (5Um0pl2wIvUA1sxLucet)
2026-07-23 13:52:59,710 - V2Scraper - INFO -   Already exists (ID 6217), checking for updates...
2026-07-23 13:52:59,711 - V2Scraper - INFO -   Existing points: 47
2026-07-23 13:53:01,111 - V2Scraper - INFO -   RSC: 70 places (47 total unique)
2026-07-23 13:53:01,331 - V2Scraper - INFO - Total extracted: 47 places
2026-07-23 13:53:01,331 - V2Scraper - INFO -   No new points or corrections needed
2026-07-23 13:53:01,331 - V2Scraper - INFO -   No updates needed
2026-07-23 13:53:02,333 - V2Scraper - INFO - 
[21/292] Insomniacs After School (5WCOHcONptTxTxp5aVEN)
2026-07-23 13:53:02,333 - V2Scraper - INFO -   Already exists (ID 6218), checking for updates...
2026-07-23 13:53:02,333 - V2Scraper - INFO -   Existing points: 26
2026-07-23 13:53:03,436 - V2Scraper - INFO -   RSC: 50 places (26 total unique)
2026-07-23 13:53:03,635 - V2Scraper - INFO - Total extracted: 26 places
2026-07-23 13:53:03,635 - V2Scraper - INFO -   No new points or corrections needed
2026-07-23 13:53:03,635 - V2Scraper - INFO -   No updates needed
2026-07-23 13:53:04,636 - V2Scraper - INFO - 
[22/292] Oregairu Snafu 3 (5vE1eznAXty26eatfkUr)
2026-07-23 13:53:04,637 - V2Scraper - INFO -   Already exists (ID 6219), checking for updates...
2026-07-23 13:53:04,637 - V2Scraper - INFO -   Existing points: 30
2026-07-23 13:53:05,881 - V2Scraper - INFO -   RSC: 54 places (30 total unique)
2026-07-23 13:53:06,081 - V2Scraper - INFO - Total extracted: 30 places
2026-07-23 13:53:06,081 - V2Scraper - INFO -   No new points or corrections needed
2026-07-23 13:53:06,081 - V2Scraper - INFO -   No updates needed
2026-07-23 13:53:07,083 - V2Scraper - INFO - 
[23/292] Love Live Sunshine (6N67DR42EcjHOgapUH3I)
2026-07-23 13:53:07,083 - V2Scraper - INFO -   Already exists (ID 6220), checking for updates...
2026-07-23 13:53:07,084 - V2Scraper - INFO -   Existing points: 84
2026-07-23 13:53:08,230 - V2Scraper - INFO -   RSC: 107 places (82 total unique)
2026-07-23 13:53:08,439 - V2Scraper - INFO - Total extracted: 82 places
2026-07-23 13:53:08,439 - V2Scraper - INFO -   No new points or corrections needed
2026-07-23 13:53:08,439 - V2Scraper - INFO -   No updates needed
2026-07-23 13:53:09,441 - V2Scraper - INFO - 
[24/292] Yuri On Ice (6cTFY0N0Tckm3bOHJzxT)
2026-07-23 13:53:09,441 - V2Scraper - INFO -   Already exists (ID 6221), checking for updates...
2026-07-23 13:53:09,441 - V2Scraper - INFO -   Existing points: 21
2026-07-23 13:53:10,590 - V2Scraper - INFO -   RSC: 41 places (21 total unique)
2026-07-23 13:53:10,829 - V2Scraper - INFO - Total extracted: 21 places
2026-07-23 13:53:10,829 - V2Scraper - INFO -   No new points or corrections needed
2026-07-23 13:53:10,829 - V2Scraper - INFO -   No updates needed
2026-07-23 13:53:11,830 - V2Scraper - INFO - 
[25/292] Whisper Of The Heart (6l6BPuRhgYMBB6cZQmYY)
2026-07-23 13:53:11,830 - V2Scraper - INFO -   Already exists (ID 6222), checking for updates...
2026-07-23 13:53:11,831 - V2Scraper - INFO -   Existing points: 8
2026-07-23 13:53:12,898 - V2Scraper - INFO -   RSC: 16 places (8 total unique)
2026-07-23 13:53:13,103 - V2Scraper - INFO - Total extracted: 8 places
2026-07-23 13:53:13,103 - V2Scraper - INFO -   No new points or corrections needed
2026-07-23 13:53:13,103 - V2Scraper - INFO -   No updates needed
2026-07-23 13:53:14,104 - V2Scraper - INFO - 
[26/292] Death Note (6tJB3K9VJZUzMkqcnP70)
2026-07-23 13:53:14,105 - V2Scraper - INFO -   Already exists (ID 6223), checking for updates...
2026-07-23 13:53:14,105 - V2Scraper - INFO -   Existing points: 24
2026-07-23 13:53:15,362 - V2Scraper - INFO -   RSC: 47 places (24 total unique)
2026-07-23 13:53:15,553 - V2Scraper - INFO - Total extracted: 24 places
2026-07-23 13:53:15,553 - V2Scraper - INFO -   No new points or corrections needed
2026-07-23 13:53:15,553 - V2Scraper - INFO -   No updates needed
2026-07-23 13:53:16,554 - V2Scraper - INFO - 
[27/292] Grand Blue Dreaming 2 (71R457ymVP7fNC5zV87p)
2026-07-23 13:53:16,554 - V2Scraper - INFO -   Already exists (ID 6224), checking for updates...
2026-07-23 13:53:16,555 - V2Scraper - INFO -   Existing points: 4
2026-07-23 13:53:17,907 - V2Scraper - INFO -   RSC: 8 places (4 total unique)
2026-07-23 13:53:18,108 - V2Scraper - INFO - Total extracted: 4 places
2026-07-23 13:53:18,108 - V2Scraper - INFO -   No new points or corrections needed
2026-07-23 13:53:18,108 - V2Scraper - INFO -   No updates needed
2026-07-23 13:53:19,109 - V2Scraper - INFO - 
[28/292] Natsumes Book Of Friends (78Sd6GOolITNMHjhXe7G)
2026-07-23 13:53:19,109 - V2Scraper - INFO -   Already exists (ID 6225), checking for updates...
2026-07-23 13:53:19,123 - V2Scraper - INFO -   Existing points: 13
2026-07-23 13:53:20,294 - V2Scraper - INFO -   RSC: 26 places (13 total unique)
2026-07-23 13:53:20,512 - V2Scraper - INFO - Total extracted: 13 places
2026-07-23 13:53:20,512 - V2Scraper - INFO -   No new points or corrections needed
2026-07-23 13:53:20,512 - V2Scraper - INFO -   No updates needed
2026-07-23 13:53:21,513 - V2Scraper - INFO - 
[29/292] Fate Stay Night Unlimited Blade Works (7Mb8EsEXGlzHao3g6w6M)
2026-07-23 13:53:21,513 - V2Scraper - INFO -   Already exists (ID 6226), checking for updates...
2026-07-23 13:53:21,514 - V2Scraper - INFO -   Existing points: 14
2026-07-23 13:53:22,817 - V2Scraper - INFO -   RSC: 28 places (14 total unique)
2026-07-23 13:53:23,019 - V2Scraper - INFO - Total extracted: 14 places
2026-07-23 13:53:23,019 - V2Scraper - INFO -   No new points or corrections needed
2026-07-23 13:53:23,019 - V2Scraper - INFO -   No updates needed
2026-07-23 13:53:24,021 - V2Scraper - INFO - 
[30/292] Dropout Idol Fruit Tart (7X8GwlsO7iyhgQXDGEcI)
2026-07-23 13:53:24,021 - V2Scraper - INFO -   Already exists (ID 6227), checking for updates...
2026-07-23 13:53:24,021 - V2Scraper - INFO -   Existing points: 9
2026-07-23 13:53:25,192 - V2Scraper - INFO -   RSC: 17 places (9 total unique)
2026-07-23 13:53:25,394 - V2Scraper - INFO - Total extracted: 9 places
2026-07-23 13:53:25,394 - V2Scraper - INFO -   No new points or corrections needed
2026-07-23 13:53:25,394 - V2Scraper - INFO -   No updates needed
2026-07-23 13:53:26,395 - V2Scraper - INFO - 
[31/292] Hokkaido Gals Are Super Adorable (7hci6sBMlfGq4sAIW9hp)
2026-07-23 13:53:26,396 - V2Scraper - INFO -   Already exists (ID 6228), checking for updates...
2026-07-23 13:53:26,396 - V2Scraper - INFO -   Existing points: 20
2026-07-23 13:53:27,732 - V2Scraper - INFO -   RSC: 39 places (20 total unique)
2026-07-23 13:53:27,926 - V2Scraper - INFO - Total extracted: 20 places
2026-07-23 13:53:27,926 - V2Scraper - INFO -   No new points or corrections needed
2026-07-23 13:53:27,927 - V2Scraper - INFO -   No updates needed
2026-07-23 13:53:28,928 - V2Scraper - INFO - 
[32/292] Fireworks 2017 (7i2GVSJGLkEIJoAzrntM)
2026-07-23 13:53:28,928 - V2Scraper - INFO -   Already exists (ID 6229), checking for updates...
2026-07-23 13:53:28,928 - V2Scraper - INFO -   Existing points: 7
2026-07-23 13:53:30,126 - V2Scraper - INFO -   RSC: 14 places (7 total unique)
2026-07-23 13:53:30,341 - V2Scraper - INFO - Total extracted: 7 places
2026-07-23 13:53:30,341 - V2Scraper - INFO -   No new points or corrections needed
2026-07-23 13:53:30,341 - V2Scraper - INFO -   No updates needed
2026-07-23 13:53:31,343 - V2Scraper - INFO - 
[33/292] Tis Time For Torture Princess (7nPtaNBDbDFBWRVv9dvm)
2026-07-23 13:53:31,343 - V2Scraper - INFO -   Already exists (ID 6230), checking for updates...
2026-07-23 13:53:31,343 - V2Scraper - INFO -   Existing points: 3
2026-07-23 13:53:32,628 - V2Scraper - INFO -   RSC: 6 places (3 total unique)
2026-07-23 13:53:32,851 - V2Scraper - INFO - Total extracted: 3 places
2026-07-23 13:53:32,851 - V2Scraper - INFO -   No new points or corrections needed
2026-07-23 13:53:32,851 - V2Scraper - INFO -   No updates needed
2026-07-23 13:53:33,852 - V2Scraper - INFO - 
[34/292] Date A Live (7qKvxoZi4qfqT9hPApwM)
2026-07-23 13:53:33,852 - V2Scraper - INFO -   Already exists (ID 6925), checking for updates...
2026-07-23 13:53:33,853 - V2Scraper - INFO -   Existing points: 7
2026-07-23 13:53:34,952 - V2Scraper - INFO -   RSC: 17 places (7 total unique)
2026-07-23 13:53:35,169 - V2Scraper - INFO -   Posts API: 7 user-uploaded places
2026-07-23 13:53:35,169 - V2Scraper - INFO -   API: 7 user-uploaded places (7 total unique)
2026-07-23 13:53:35,169 - V2Scraper - INFO - Total extracted: 7 places
2026-07-23 13:53:35,169 - V2Scraper - INFO -   No new points or corrections needed
2026-07-23 13:53:35,169 - V2Scraper - INFO -   No updates needed
2026-07-23 13:53:36,170 - V2Scraper - INFO - 
[35/292] Tari Tari (7uy92cNLDMaXLxP9kiLy)
2026-07-23 13:53:36,170 - V2Scraper - INFO -   Already exists (ID 6231), checking for updates...
2026-07-23 13:53:36,171 - V2Scraper - INFO -   Existing points: 50
2026-07-23 13:53:37,485 - V2Scraper - INFO -   RSC: 75 places (50 total unique)
2026-07-23 13:53:37,689 - V2Scraper - INFO - Total extracted: 50 places
2026-07-23 13:53:37,690 - V2Scraper - INFO -   No new points or corrections needed
2026-07-23 13:53:37,690 - V2Scraper - INFO -   No updates needed
2026-07-23 13:53:38,691 - V2Scraper - INFO - 
[36/292] Steel Ball Run Jojo S Bizarre Adventure 1St Stage (81Yt30qQuWyUxR3evZkx)
2026-07-23 13:53:38,691 - V2Scraper - INFO -   Already exists (ID 6232), checking for updates...
2026-07-23 13:53:38,691 - V2Scraper - INFO -   Existing points: 1
2026-07-23 13:53:39,654 - V2Scraper - INFO -   RSC: 3 places (1 total unique)
2026-07-23 13:53:39,869 - V2Scraper - INFO -   Posts API: 1 user-uploaded places
2026-07-23 13:53:39,869 - V2Scraper - INFO -   API: 1 user-uploaded places (1 total unique)
2026-07-23 13:53:39,869 - V2Scraper - INFO - Total extracted: 1 places
2026-07-23 13:53:39,869 - V2Scraper - INFO -   No new points or corrections needed
2026-07-23 13:53:39,869 - V2Scraper - INFO -   No updates needed
2026-07-23 13:53:40,870 - V2Scraper - INFO - 
[37/292] Hanasaku Iroha (85RF5tAgykz6goUkarZI)
2026-07-23 13:53:40,870 - V2Scraper - INFO -   Already exists (ID 6233), checking for updates...
2026-07-23 13:53:40,871 - V2Scraper - INFO -   Existing points: 48
2026-07-23 13:53:42,068 - V2Scraper - INFO -   RSC: 71 places (48 total unique)
2026-07-23 13:53:42,263 - V2Scraper - INFO - Total extracted: 48 places
2026-07-23 13:53:42,264 - V2Scraper - INFO -   No new points or corrections needed
2026-07-23 13:53:42,264 - V2Scraper - INFO -   No updates needed
2026-07-23 13:53:43,265 - V2Scraper - INFO - 
[38/292] Apocalypse Hotel (85SdTr9RvljF5f8N0BZ6)
2026-07-23 13:53:43,265 - V2Scraper - INFO -   Already exists (ID 6234), checking for updates...
2026-07-23 13:53:43,266 - V2Scraper - INFO -   Existing points: 47
2026-07-23 13:53:44,420 - V2Scraper - INFO -   RSC: 71 places (46 total unique)
2026-07-23 13:53:44,636 - V2Scraper - INFO - Total extracted: 46 places
2026-07-23 13:53:44,637 - V2Scraper - INFO -   No new points or corrections needed
2026-07-23 13:53:44,637 - V2Scraper - INFO -   No updates needed
2026-07-23 13:53:45,638 - V2Scraper - INFO - 
[39/292] The Fragrant Flower Blooms With Dignity (8qH4apWLfIBDT1mUOPKG)
2026-07-23 13:53:45,638 - V2Scraper - INFO -   Already exists (ID 6235), checking for updates...
2026-07-23 13:53:45,639 - V2Scraper - INFO -   Existing points: 40
2026-07-23 13:53:46,803 - V2Scraper - INFO -   RSC: 64 places (40 total unique)
2026-07-23 13:53:47,005 - V2Scraper - INFO - Total extracted: 40 places
2026-07-23 13:53:47,006 - V2Scraper - INFO -   No new points or corrections needed
2026-07-23 13:53:47,006 - V2Scraper - INFO -   No updates needed
2026-07-23 13:53:48,007 - V2Scraper - INFO - 
[40/292] Zatsutabi That S Journey (8zT7IvWSfgzbUGZLUFkL)
2026-07-23 13:53:48,007 - V2Scraper - INFO -   Already exists (ID 6236), checking for updates...
2026-07-23 13:53:48,008 - V2Scraper - INFO -   Existing points: 38
2026-07-23 13:53:48,998 - V2Scraper - INFO -   RSC: 90 places (38 total unique)
2026-07-23 13:53:49,210 - V2Scraper - INFO -   Posts API: 38 user-uploaded places
2026-07-23 13:53:49,211 - V2Scraper - INFO -   API: 38 user-uploaded places (38 total unique)
2026-07-23 13:53:49,211 - V2Scraper - INFO - Total extracted: 38 places
2026-07-23 13:53:49,211 - V2Scraper - INFO -   No new points or corrections needed
2026-07-23 13:53:49,211 - V2Scraper - INFO -   No updates needed
2026-07-23 13:53:50,212 - V2Scraper - INFO - 
[41/292] Sound Euphonium Our Promise A Brand New Day (97Fqg7Hq6Y4AIjA1WvNb)
2026-07-23 13:53:50,212 - V2Scraper - INFO -   Already exists (ID 6237), checking for updates...
2026-07-23 13:53:50,213 - V2Scraper - INFO -   Existing points: 26
2026-07-23 13:53:51,368 - V2Scraper - INFO -   RSC: 49 places (26 total unique)
2026-07-23 13:53:51,585 - V2Scraper - INFO - Total extracted: 26 places
2026-07-23 13:53:51,585 - V2Scraper - INFO -   No new points or corrections needed
2026-07-23 13:53:51,585 - V2Scraper - INFO -   No updates needed
2026-07-23 13:53:52,586 - V2Scraper - INFO - 
[42/292] Love Chunibyo Other Delusions Take On Me (9CrfdTfoKGhoPGvKXh4M)
2026-07-23 13:53:52,587 - V2Scraper - INFO -   Already exists (ID 6238), checking for updates...
2026-07-23 13:53:52,587 - V2Scraper - INFO -   Existing points: 67
2026-07-23 13:53:53,820 - V2Scraper - INFO -   RSC: 91 places (66 total unique)
2026-07-23 13:53:54,028 - V2Scraper - INFO - Total extracted: 66 places
2026-07-23 13:53:54,029 - V2Scraper - INFO -   No new points or corrections needed
2026-07-23 13:53:54,029 - V2Scraper - INFO -   No updates needed
2026-07-23 13:53:55,030 - V2Scraper - INFO - 
[43/292] Blue Box (9ZIN8PmoDf4FEvUSDUQB)
2026-07-23 13:53:55,030 - V2Scraper - INFO -   Already exists (ID 6239), checking for updates...
2026-07-23 13:53:55,031 - V2Scraper - INFO -   Existing points: 30
2026-07-23 13:53:56,120 - V2Scraper - INFO -   RSC: 54 places (30 total unique)
2026-07-23 13:53:56,321 - V2Scraper - INFO - Total extracted: 30 places
2026-07-23 13:53:56,321 - V2Scraper - INFO -   No new points or corrections needed
2026-07-23 13:53:56,321 - V2Scraper - INFO -   No updates needed
2026-07-23 13:53:57,322 - V2Scraper - INFO - 
[44/292] The Angel Next Door Spoils Me Rotten 2 (9gKVtw8iZrRzIo45GXAF)
2026-07-23 13:53:57,323 - V2Scraper - INFO -   Already exists (ID 6240), checking for updates...
2026-07-23 13:53:57,323 - V2Scraper - INFO -   Existing points: 11
2026-07-23 13:53:58,435 - V2Scraper - INFO -   RSC: 22 places (11 total unique)
2026-07-23 13:53:58,668 - V2Scraper - INFO - Total extracted: 11 places
2026-07-23 13:53:58,668 - V2Scraper - INFO -   No new points or corrections needed
2026-07-23 13:53:58,668 - V2Scraper - INFO -   No updates needed
2026-07-23 13:53:59,669 - V2Scraper - INFO - 
[45/292] Bang Dream (A3z4LwVo0l6qQmaYFKdg)
2026-07-23 13:53:59,670 - V2Scraper - INFO -   Already exists (ID 6241), checking for updates...
2026-07-23 13:53:59,670 - V2Scraper - INFO -   Existing points: 18
2026-07-23 13:54:00,790 - V2Scraper - INFO -   RSC: 36 places (18 total unique)
2026-07-23 13:54:00,995 - V2Scraper - INFO - Total extracted: 18 places
2026-07-23 13:54:00,996 - V2Scraper - INFO -   No new points or corrections needed
2026-07-23 13:54:00,996 - V2Scraper - INFO -   No updates needed
2026-07-23 13:54:01,997 - V2Scraper - INFO - 
[46/292] Dead Dead Demons Dededede Destruction (ABylpzTMQoHclWbCQHSw)
2026-07-23 13:54:01,997 - V2Scraper - INFO -   Already exists (ID 6242), checking for updates...
2026-07-23 13:54:01,998 - V2Scraper - INFO -   Existing points: 40
2026-07-23 13:54:03,181 - V2Scraper - INFO -   RSC: 65 places (40 total unique)
2026-07-23 13:54:03,375 - V2Scraper - INFO - Total extracted: 40 places
2026-07-23 13:54:03,376 - V2Scraper - INFO -   No new points or corrections needed
2026-07-23 13:54:03,376 - V2Scraper - INFO -   No updates needed
2026-07-23 13:54:04,377 - V2Scraper - INFO - 
[47/292] Dandadan 2 (AE4iiD5ynf1anVhFRnw0)
2026-07-23 13:54:04,377 - V2Scraper - INFO -   Already exists (ID 6243), checking for updates...
2026-07-23 13:54:04,378 - V2Scraper - INFO -   Existing points: 5
2026-07-23 13:54:05,502 - V2Scraper - INFO -   RSC: 10 places (5 total unique)
2026-07-23 13:54:05,710 - V2Scraper - INFO - Total extracted: 5 places
2026-07-23 13:54:05,710 - V2Scraper - INFO -   No new points or corrections needed
2026-07-23 13:54:05,710 - V2Scraper - INFO -   No updates needed
2026-07-23 13:54:06,711 - V2Scraper - INFO - 
[48/292] Lycoris Recoil (AHmlbLlbnRJDHFAJLTAQ)
2026-07-23 13:54:06,712 - V2Scraper - INFO -   Already exists (ID 6244), checking for updates...
2026-07-23 13:54:06,712 - V2Scraper - INFO -   Existing points: 52
2026-07-23 13:54:07,946 - V2Scraper - INFO -   RSC: 77 places (52 total unique)
2026-07-23 13:54:08,151 - V2Scraper - INFO - Total extracted: 52 places
2026-07-23 13:54:08,151 - V2Scraper - INFO -   No new points or corrections needed
2026-07-23 13:54:08,151 - V2Scraper - INFO -   No updates needed
2026-07-23 13:54:09,152 - V2Scraper - INFO - 
[49/292] Gridman Universe (AZXMWk8QzkQdJm86FJUl)
2026-07-23 13:54:09,153 - V2Scraper - INFO -   Already exists (ID 6245), checking for updates...
2026-07-23 13:54:09,153 - V2Scraper - INFO -   Existing points: 8
2026-07-23 13:54:10,282 - V2Scraper - INFO -   RSC: 13 places (8 total unique)
2026-07-23 13:54:10,480 - V2Scraper - INFO - Total extracted: 8 places
2026-07-23 13:54:10,481 - V2Scraper - INFO -   No new points or corrections needed
2026-07-23 13:54:10,481 - V2Scraper - INFO -   No updates needed
2026-07-23 13:54:11,482 - V2Scraper - INFO - 
[50/292] Evangelion 3 1 Thrice Upon A Time (Abq0KH3lFo26R6IyQUh1)
2026-07-23 13:54:11,482 - V2Scraper - INFO -   Already exists (ID 6246), checking for updates...
2026-07-23 13:54:11,483 - V2Scraper - INFO -   Existing points: 3
2026-07-23 13:54:12,693 - V2Scraper - INFO -   RSC: 6 places (3 total unique)
2026-07-23 13:54:12,922 - V2Scraper - INFO - Total extracted: 3 places
2026-07-23 13:54:12,922 - V2Scraper - INFO -   No new points or corrections needed
2026-07-23 13:54:12,922 - V2Scraper - INFO -   No updates needed
2026-07-23 13:54:13,923 - V2Scraper - INFO - 
[51/292] The Garden Of Words (ApvypIptXMAXCVFBuk9C)
2026-07-23 13:54:13,924 - V2Scraper - INFO -   Already exists (ID 6247), checking for updates...
2026-07-23 13:54:13,924 - V2Scraper - INFO -   Existing points: 14
2026-07-23 13:54:15,133 - V2Scraper - INFO -   RSC: 28 places (14 total unique)
2026-07-23 13:54:15,336 - V2Scraper - INFO - Total extracted: 14 places
2026-07-23 13:54:15,337 - V2Scraper - INFO -   No new points or corrections needed
2026-07-23 13:54:15,337 - V2Scraper - INFO -   No updates needed
2026-07-23 13:54:16,338 - V2Scraper - INFO - 
[52/292] Turkey (AxyoCcQwwFmQNp75ST6m)
2026-07-23 13:54:16,338 - V2Scraper - INFO -   Already exists (ID 6248), checking for updates...
2026-07-23 13:54:16,339 - V2Scraper - INFO -   Existing points: 25
2026-07-23 13:54:17,455 - V2Scraper - INFO -   RSC: 50 places (25 total unique)
2026-07-23 13:54:17,657 - V2Scraper - INFO - Total extracted: 25 places
2026-07-23 13:54:17,657 - V2Scraper - INFO -   No new points or corrections needed
2026-07-23 13:54:17,657 - V2Scraper - INFO -   No updates needed
2026-07-23 13:54:18,658 - V2Scraper - INFO - 
[53/292] Clannad After Story (B5XOehobDg2MxWl3RHGH)
2026-07-23 13:54:18,658 - V2Scraper - INFO -   Already exists (ID 6931), checking for updates...
2026-07-23 13:54:18,659 - V2Scraper - INFO -   Existing points: 1
2026-07-23 13:54:19,918 - V2Scraper - INFO -   RSC: 1 places (1 total unique)
2026-07-23 13:54:20,134 - V2Scraper - INFO -   Posts API: 1 user-uploaded places
2026-07-23 13:54:20,134 - V2Scraper - INFO -   API: 1 user-uploaded places (1 total unique)
2026-07-23 13:54:20,134 - V2Scraper - INFO - Total extracted: 1 places
2026-07-23 13:54:20,134 - V2Scraper - INFO -   No new points or corrections needed
2026-07-23 13:54:20,134 - V2Scraper - INFO -   No updates needed
2026-07-23 13:54:21,135 - V2Scraper - INFO - 
[54/292] Golden Kamuy (BAaQbAhyA2wlhHJvqvGi)
2026-07-23 13:54:21,135 - V2Scraper - INFO -   Already exists (ID 6249), checking for updates...
2026-07-23 13:54:21,136 - V2Scraper - INFO -   Existing points: 8
2026-07-23 13:54:22,276 - V2Scraper - INFO -   RSC: 16 places (8 total unique)
2026-07-23 13:54:22,473 - V2Scraper - INFO - Total extracted: 8 places
2026-07-23 13:54:22,474 - V2Scraper - INFO -   No new points or corrections needed
2026-07-23 13:54:22,474 - V2Scraper - INFO -   No updates needed
2026-07-23 13:54:23,475 - V2Scraper - INFO - 
[55/292] March Comes In Like A Lion 2 (BSEWzX7gx8CG93Q9jxkg)
2026-07-23 13:54:23,475 - V2Scraper - INFO -   Already exists (ID 6250), checking for updates...
2026-07-23 13:54:23,476 - V2Scraper - INFO -   Existing points: 54
2026-07-23 13:54:24,646 - V2Scraper - INFO -   RSC: 78 places (53 total unique)
2026-07-23 13:54:24,845 - V2Scraper - INFO - Total extracted: 53 places
2026-07-23 13:54:24,845 - V2Scraper - INFO -   No new points or corrections needed
2026-07-23 13:54:24,845 - V2Scraper - INFO -   No updates needed
2026-07-23 13:54:25,847 - V2Scraper - INFO - 
[56/292] The Summer Hikaru Died (BbOGxPV5ltaIJGgljwj5)
2026-07-23 13:54:25,847 - V2Scraper - INFO -   Already exists (ID 6251), checking for updates...
2026-07-23 13:54:25,847 - V2Scraper - INFO -   Existing points: 28
2026-07-23 13:54:27,078 - V2Scraper - INFO -   RSC: 53 places (28 total unique)
2026-07-23 13:54:27,293 - V2Scraper - INFO - Total extracted: 28 places
2026-07-23 13:54:27,294 - V2Scraper - INFO -   No new points or corrections needed
2026-07-23 13:54:27,294 - V2Scraper - INFO -   No updates needed
2026-07-23 13:54:28,295 - V2Scraper - INFO - 
[57/292] Bungo Stray Dogs 2 (BrwQNQDWky56Fnmdpz09)
2026-07-23 13:54:28,295 - V2Scraper - INFO -   Already exists (ID 6252), checking for updates...
2026-07-23 13:54:28,296 - V2Scraper - INFO -   Existing points: 25
2026-07-23 13:54:29,539 - V2Scraper - INFO -   RSC: 49 places (25 total unique)
2026-07-23 13:54:29,742 - V2Scraper - INFO - Total extracted: 25 places
2026-07-23 13:54:29,742 - V2Scraper - INFO -   No new points or corrections needed
2026-07-23 13:54:29,742 - V2Scraper - INFO -   No updates needed
2026-07-23 13:54:30,744 - V2Scraper - INFO - 
[58/292] Uncle From Another World (ChNY4S1HnwsoVA8BIxa0)
2026-07-23 13:54:30,744 - V2Scraper - INFO -   Already exists (ID 6253), checking for updates...
2026-07-23 13:54:30,744 - V2Scraper - INFO -   Existing points: 3
2026-07-23 13:54:31,901 - V2Scraper - INFO -   RSC: 6 places (3 total unique)
2026-07-23 13:54:32,100 - V2Scraper - INFO - Total extracted: 3 places
2026-07-23 13:54:32,101 - V2Scraper - INFO -   No new points or corrections needed
2026-07-23 13:54:32,101 - V2Scraper - INFO -   No updates needed
2026-07-23 13:54:33,102 - V2Scraper - INFO - 
[59/292] Oreimo (D2Udeh1YIJW348yYv9Tl)
2026-07-23 13:54:33,102 - V2Scraper - INFO -   Already exists (ID 6254), checking for updates...
2026-07-23 13:54:33,103 - V2Scraper - INFO -   Existing points: 39
2026-07-23 13:54:34,244 - V2Scraper - INFO -   RSC: 61 places (39 total unique)
2026-07-23 13:54:34,447 - V2Scraper - INFO - Total extracted: 39 places
2026-07-23 13:54:34,448 - V2Scraper - INFO -   No new points or corrections needed
2026-07-23 13:54:34,448 - V2Scraper - INFO -   No updates needed
2026-07-23 13:54:35,449 - V2Scraper - INFO - 
[60/292] Oregairu Snafu (DBdW9GogqQh4X5Jz5YJ1)
2026-07-23 13:54:35,449 - V2Scraper - INFO -   Already exists (ID 6255), checking for updates...
2026-07-23 13:54:35,450 - V2Scraper - INFO -   Existing points: 16
2026-07-23 13:54:36,661 - V2Scraper - INFO -   RSC: 32 places (16 total unique)
2026-07-23 13:54:36,870 - V2Scraper - INFO - Total extracted: 16 places
2026-07-23 13:54:36,871 - V2Scraper - INFO -   No new points or corrections needed
2026-07-23 13:54:36,871 - V2Scraper - INFO -   No updates needed
2026-07-23 13:54:37,872 - V2Scraper - INFO - 
[61/292] Flying Witch (DJqlB9ZQhbhKlMlUyBOb)
2026-07-23 13:54:37,872 - V2Scraper - INFO -   Already exists (ID 6256), checking for updates...
2026-07-23 13:54:37,873 - V2Scraper - INFO -   Existing points: 36
2026-07-23 13:54:39,067 - V2Scraper - INFO -   RSC: 59 places (34 total unique)
2026-07-23 13:54:39,258 - V2Scraper - INFO - Total extracted: 34 places
2026-07-23 13:54:39,259 - V2Scraper - INFO -   No new points or corrections needed
2026-07-23 13:54:39,259 - V2Scraper - INFO -   No updates needed
2026-07-23 13:54:40,260 - V2Scraper - INFO - 
[62/292] Yofukashi No Uta 2 (DOBudmYUGamzQcwLtadk)
2026-07-23 13:54:40,260 - V2Scraper - INFO -   Already exists (ID 6257), checking for updates...
2026-07-23 13:54:40,261 - V2Scraper - INFO -   Existing points: 47
2026-07-23 13:54:41,485 - V2Scraper - INFO -   RSC: 71 places (47 total unique)
2026-07-23 13:54:41,691 - V2Scraper - INFO - Total extracted: 47 places
2026-07-23 13:54:41,691 - V2Scraper - INFO -   No new points or corrections needed
2026-07-23 13:54:41,691 - V2Scraper - INFO -   No updates needed
2026-07-23 13:54:42,692 - V2Scraper - INFO - 
[63/292] Beyond The Boundary (DYG61cbESPhK3vp1Zs1D)
2026-07-23 13:54:42,693 - V2Scraper - INFO -   Already exists (ID 6258), checking for updates...
2026-07-23 13:54:42,693 - V2Scraper - INFO -   Existing points: 53
2026-07-23 13:54:43,965 - V2Scraper - INFO -   RSC: 78 places (53 total unique)
2026-07-23 13:54:44,179 - V2Scraper - INFO - Total extracted: 53 places
2026-07-23 13:54:44,179 - V2Scraper - INFO -   No new points or corrections needed
2026-07-23 13:54:44,179 - V2Scraper - INFO -   No updates needed
2026-07-23 13:54:45,180 - V2Scraper - INFO - 
[64/292] March Comes In Like A Lion (Db9UkC3dvNtEle8hAoB9)
2026-07-23 13:54:45,181 - V2Scraper - INFO -   Already exists (ID 6259), checking for updates...
2026-07-23 13:54:45,181 - V2Scraper - INFO -   Existing points: 63
2026-07-23 13:54:46,375 - V2Scraper - INFO -   RSC: 88 places (63 total unique)
2026-07-23 13:54:46,578 - V2Scraper - INFO - Total extracted: 63 places
2026-07-23 13:54:46,579 - V2Scraper - INFO -   No new points or corrections needed
2026-07-23 13:54:46,579 - V2Scraper - INFO -   No updates needed
2026-07-23 13:54:47,580 - V2Scraper - INFO - 
[65/292] Blue Archive (Dmm38vQWI8Dn0oNd1P5v)
2026-07-23 13:54:47,580 - V2Scraper - INFO -   Already exists (ID 6260), checking for updates...
2026-07-23 13:54:47,581 - V2Scraper - INFO -   Existing points: 12
2026-07-23 13:54:48,935 - V2Scraper - INFO -   RSC: 23 places (12 total unique)
2026-07-23 13:54:49,147 - V2Scraper - INFO - Total extracted: 12 places
2026-07-23 13:54:49,147 - V2Scraper - INFO -   No new points or corrections needed
2026-07-23 13:54:49,147 - V2Scraper - INFO -   No updates needed
2026-07-23 13:54:50,148 - V2Scraper - INFO - 
[66/292] You And I Are Polar Opposites Season 2 (Dts24mB9vQ2lpeOlu0sm)
2026-07-23 13:54:50,148 - V2Scraper - INFO -   Already exists (ID 6798), checking for updates...
2026-07-23 13:54:50,149 - V2Scraper - INFO -   Existing points: 6
2026-07-23 13:54:51,416 - V2Scraper - INFO -   RSC: 13 places (6 total unique)
2026-07-23 13:54:51,667 - V2Scraper - INFO -   Posts API: 1 user-uploaded places
2026-07-23 13:54:51,667 - V2Scraper - INFO -   API: 1 user-uploaded places (6 total unique)
2026-07-23 13:54:51,667 - V2Scraper - INFO - Total extracted: 6 places
2026-07-23 13:54:51,667 - V2Scraper - INFO -   No new points or corrections needed
2026-07-23 13:54:51,667 - V2Scraper - INFO -   No updates needed
2026-07-23 13:54:52,668 - V2Scraper - INFO - 
[67/292] Honey Lemon Soda (EBgnvTrAN9hUEHZPOFpi)
2026-07-23 13:54:52,668 - V2Scraper - INFO -   Already exists (ID 6261), checking for updates...
2026-07-23 13:54:52,669 - V2Scraper - INFO -   Existing points: 24
2026-07-23 13:54:53,764 - V2Scraper - INFO -   RSC: 47 places (24 total unique)
2026-07-23 13:54:53,974 - V2Scraper - INFO - Total extracted: 24 places
2026-07-23 13:54:53,974 - V2Scraper - INFO -   No new points or corrections needed
2026-07-23 13:54:53,974 - V2Scraper - INFO -   No updates needed
2026-07-23 13:54:54,975 - V2Scraper - INFO - 
[68/292] Love Live Superstar (EGvIebIxQ4ZkuYcNWpoQ)
2026-07-23 13:54:54,975 - V2Scraper - INFO -   Already exists (ID 6262), checking for updates...
2026-07-23 13:54:54,976 - V2Scraper - INFO -   Existing points: 69
2026-07-23 13:54:56,138 - V2Scraper - INFO -   RSC: 91 places (67 total unique)
2026-07-23 13:54:56,343 - V2Scraper - INFO - Total extracted: 67 places
2026-07-23 13:54:56,343 - V2Scraper - INFO -   No new points or corrections needed
2026-07-23 13:54:56,343 - V2Scraper - INFO -   No updates needed
2026-07-23 13:54:57,344 - V2Scraper - INFO - 
[69/292] Hyouka (EOXrs8aYwsclgT0TcA91)
2026-07-23 13:54:57,345 - V2Scraper - INFO -   Already exists (ID 6263), checking for updates...
2026-07-23 13:54:57,345 - V2Scraper - INFO -   Existing points: 52
2026-07-23 13:54:58,520 - V2Scraper - INFO -   RSC: 76 places (51 total unique)
2026-07-23 13:54:58,811 - V2Scraper - INFO - Total extracted: 51 places
2026-07-23 13:54:58,811 - V2Scraper - INFO -   No new points or corrections needed
2026-07-23 13:54:58,811 - V2Scraper - INFO -   No updates needed
2026-07-23 13:54:59,812 - V2Scraper - INFO - 
[70/292] Yofukashi No Uta (Elw6prO9MD1CCudCkxzj)
2026-07-23 13:54:59,813 - V2Scraper - INFO -   Already exists (ID 6264), checking for updates...
2026-07-23 13:54:59,813 - V2Scraper - INFO -   Existing points: 52
2026-07-23 13:55:01,111 - V2Scraper - INFO -   RSC: 75 places (51 total unique)
2026-07-23 13:55:01,352 - V2Scraper - INFO - Total extracted: 51 places
2026-07-23 13:55:01,353 - V2Scraper - INFO -   No new points or corrections needed
2026-07-23 13:55:01,353 - V2Scraper - INFO -   No updates needed
2026-07-23 13:55:02,354 - V2Scraper - INFO - 
[71/292] Akane Banashi (F5gBooqJ1oVepAqEaLBS)
2026-07-23 13:55:02,354 - V2Scraper - INFO -   Already exists (ID 6265), checking for updates...
2026-07-23 13:55:02,355 - V2Scraper - INFO -   Existing points: 27
2026-07-23 13:55:03,476 - V2Scraper - INFO -   RSC: 53 places (28 total unique)
2026-07-23 13:55:03,678 - V2Scraper - INFO - Total extracted: 28 places
2026-07-23 13:55:03,679 - V2Scraper - INFO -   No new points or corrections needed
2026-07-23 13:55:03,679 - V2Scraper - INFO -   No updates needed
2026-07-23 13:55:04,680 - V2Scraper - INFO - 
[72/292] Horimiya The Missing Pieces (FFkjtVIIFwWbSPpJJgjp)
2026-07-23 13:55:04,680 - V2Scraper - INFO -   Already exists (ID 6266), checking for updates...
2026-07-23 13:55:04,681 - V2Scraper - INFO -   Existing points: 16
2026-07-23 13:55:05,752 - V2Scraper - INFO -   RSC: 30 places (16 total unique)
2026-07-23 13:55:05,967 - V2Scraper - INFO - Total extracted: 16 places
2026-07-23 13:55:05,967 - V2Scraper - INFO -   No new points or corrections needed
2026-07-23 13:55:05,968 - V2Scraper - INFO -   No updates needed
2026-07-23 13:55:06,969 - V2Scraper - INFO - 
[73/292] Belle 2021 (FO7hxjRqpUKQEKF7wpux)
2026-07-23 13:55:06,969 - V2Scraper - INFO -   Already exists (ID 6267), checking for updates...
2026-07-23 13:55:06,969 - V2Scraper - INFO -   Existing points: 14
2026-07-23 13:55:08,100 - V2Scraper - INFO -   RSC: 28 places (14 total unique)
2026-07-23 13:55:08,303 - V2Scraper - INFO -   Posts API: 1 user-uploaded places
2026-07-23 13:55:08,303 - V2Scraper - INFO -   API: 1 user-uploaded places (14 total unique)
2026-07-23 13:55:08,303 - V2Scraper - INFO - Total extracted: 14 places
2026-07-23 13:55:08,303 - V2Scraper - INFO -   No new points or corrections needed
2026-07-23 13:55:08,303 - V2Scraper - INFO -   No updates needed
2026-07-23 13:55:09,304 - V2Scraper - INFO - 
[74/292] Fate Stay Night Heavens Feel (Frbo1DB6JLFhe7MROo4i)
2026-07-23 13:55:09,305 - V2Scraper - INFO -   Already exists (ID 6268), checking for updates...
2026-07-23 13:55:09,305 - V2Scraper - INFO -   Existing points: 19
2026-07-23 13:55:10,470 - V2Scraper - INFO -   RSC: 37 places (19 total unique)
2026-07-23 13:55:10,666 - V2Scraper - INFO - Total extracted: 19 places
2026-07-23 13:55:10,667 - V2Scraper - INFO -   No new points or corrections needed
2026-07-23 13:55:10,667 - V2Scraper - INFO -   No updates needed
2026-07-23 13:55:11,668 - V2Scraper - INFO - 
[75/292] Durarara (GAQtt96ISTksBTjpxgCk)
2026-07-23 13:55:11,668 - V2Scraper - INFO -   Already exists (ID 6269), checking for updates...
2026-07-23 13:55:11,669 - V2Scraper - INFO -   Existing points: 52
2026-07-23 13:55:12,839 - V2Scraper - INFO -   RSC: 77 places (52 total unique)
2026-07-23 13:55:13,038 - V2Scraper - INFO - Total extracted: 52 places
2026-07-23 13:55:13,039 - V2Scraper - INFO -   No new points or corrections needed
2026-07-23 13:55:13,039 - V2Scraper - INFO -   No updates needed
2026-07-23 13:55:14,040 - V2Scraper - INFO - 
[76/292] Deaimon (GGK68mRHW4OPU8cFrqZJ)
2026-07-23 13:55:14,040 - V2Scraper - INFO -   Already exists (ID 6270), checking for updates...
2026-07-23 13:55:14,041 - V2Scraper - INFO -   Existing points: 40
2026-07-23 13:55:15,143 - V2Scraper - INFO -   RSC: 65 places (40 total unique)
2026-07-23 13:55:15,342 - V2Scraper - INFO - Total extracted: 40 places
2026-07-23 13:55:15,342 - V2Scraper - INFO -   No new points or corrections needed
2026-07-23 13:55:15,343 - V2Scraper - INFO -   No updates needed
2026-07-23 13:55:16,344 - V2Scraper - INFO - 
[77/292] Golden Time (GSbk5qoSrQuK0ngo3dZ5)
2026-07-23 13:55:16,344 - V2Scraper - INFO -   Already exists (ID 6271), checking for updates...
2026-07-23 13:55:16,345 - V2Scraper - INFO -   Existing points: 40
2026-07-23 13:55:17,445 - V2Scraper - INFO -   RSC: 65 places (40 total unique)
2026-07-23 13:55:17,641 - V2Scraper - INFO - Total extracted: 40 places
2026-07-23 13:55:17,642 - V2Scraper - INFO -   No new points or corrections needed
2026-07-23 13:55:17,642 - V2Scraper - INFO -   No updates needed
2026-07-23 13:55:18,643 - V2Scraper - INFO - 
[78/292] Summer Wars (GZaJ97LjywZ1fdsyQbmn)
2026-07-23 13:55:18,643 - V2Scraper - INFO -   Already exists (ID 6272), checking for updates...
2026-07-23 13:55:18,643 - V2Scraper - INFO -   Existing points: 5
2026-07-23 13:55:19,734 - V2Scraper - INFO -   RSC: 10 places (5 total unique)
2026-07-23 13:55:19,939 - V2Scraper - INFO - Total extracted: 5 places
2026-07-23 13:55:19,939 - V2Scraper - INFO -   No new points or corrections needed
2026-07-23 13:55:19,939 - V2Scraper - INFO -   No updates needed
2026-07-23 13:55:20,940 - V2Scraper - INFO - 
[79/292] K On 2 (Gpu7jpmS4b1ZQAtwyAkO)
2026-07-23 13:55:20,940 - V2Scraper - INFO -   Already exists (ID 6273), checking for updates...
2026-07-23 13:55:20,941 - V2Scraper - INFO -   Existing points: 52
2026-07-23 13:55:22,096 - V2Scraper - INFO -   RSC: 77 places (52 total unique)
2026-07-23 13:55:22,303 - V2Scraper - INFO - Total extracted: 52 places
2026-07-23 13:55:22,304 - V2Scraper - INFO -   No new points or corrections needed
2026-07-23 13:55:22,304 - V2Scraper - INFO -   No updates needed
2026-07-23 13:55:23,305 - V2Scraper - INFO - 
[80/292] Another (GvZRe6RQu5McETXnr5eT)
2026-07-23 13:55:23,305 - V2Scraper - INFO -   Already exists (ID 6274), checking for updates...
2026-07-23 13:55:23,305 - V2Scraper - INFO -   Existing points: 10
2026-07-23 13:55:24,449 - V2Scraper - INFO -   RSC: 19 places (10 total unique)
2026-07-23 13:55:24,656 - V2Scraper - INFO - Total extracted: 10 places
2026-07-23 13:55:24,656 - V2Scraper - INFO -   No new points or corrections needed
2026-07-23 13:55:24,656 - V2Scraper - INFO -   No updates needed
2026-07-23 13:55:25,657 - V2Scraper - INFO - 
[81/292] Kaiju No8 2 (H0Kp9SKcNRbV2Z7CoAE5)
2026-07-23 13:55:25,657 - V2Scraper - INFO -   Already exists (ID 6275), checking for updates...
2026-07-23 13:55:25,658 - V2Scraper - INFO -   Existing points: 28
2026-07-23 13:55:26,915 - V2Scraper - INFO -   RSC: 53 places (28 total unique)
2026-07-23 13:55:27,112 - V2Scraper - INFO - Total extracted: 28 places
2026-07-23 13:55:27,113 - V2Scraper - INFO -   No new points or corrections needed
2026-07-23 13:55:27,113 - V2Scraper - INFO -   No updates needed
2026-07-23 13:55:28,114 - V2Scraper - INFO - 
[82/292] Sound Euphonium (HImqnRta69y0Y3Fapb8E)
2026-07-23 13:55:28,114 - V2Scraper - INFO -   Already exists (ID 6276), checking for updates...
2026-07-23 13:55:28,115 - V2Scraper - INFO -   Existing points: 29
2026-07-23 13:55:29,258 - V2Scraper - INFO -   RSC: 53 places (29 total unique)
2026-07-23 13:55:29,467 - V2Scraper - INFO - Total extracted: 29 places
2026-07-23 13:55:29,467 - V2Scraper - INFO -   No new points or corrections needed
2026-07-23 13:55:29,468 - V2Scraper - INFO -   No updates needed
2026-07-23 13:55:30,469 - V2Scraper - INFO - 
[83/292] Persona 5 The Animation (HiZmwfyeRVKgeXXv2605)
2026-07-23 13:55:30,469 - V2Scraper - INFO -   Already exists (ID 6277), checking for updates...
2026-07-23 13:55:30,469 - V2Scraper - INFO -   Existing points: 11
2026-07-23 13:55:31,593 - V2Scraper - INFO -   RSC: 22 places (11 total unique)
2026-07-23 13:55:31,791 - V2Scraper - INFO - Total extracted: 11 places
2026-07-23 13:55:31,791 - V2Scraper - INFO -   No new points or corrections needed
2026-07-23 13:55:31,791 - V2Scraper - INFO -   No updates needed
2026-07-23 13:55:32,793 - V2Scraper - INFO - 
[84/292] Botan Kamiina Fully Blossoms When Drunk (HzSYskmZll63CrQoqUsU)
2026-07-23 13:55:32,793 - V2Scraper - INFO -   Already exists (ID 6278), checking for updates...
2026-07-23 13:55:32,794 - V2Scraper - INFO -   Existing points: 139
2026-07-23 13:55:34,059 - V2Scraper - INFO -   RSC: 164 places (138 total unique)
2026-07-23 13:55:34,275 - V2Scraper - INFO -   Posts API: 1 user-uploaded places
2026-07-23 13:55:34,275 - V2Scraper - INFO -   API: 1 user-uploaded places (138 total unique)
2026-07-23 13:55:34,275 - V2Scraper - INFO - Total extracted: 138 places
2026-07-23 13:55:34,276 - V2Scraper - INFO -   No new points or corrections needed
2026-07-23 13:55:34,276 - V2Scraper - INFO -   No updates needed
2026-07-23 13:55:35,277 - V2Scraper - INFO - 
[85/292] Narenare (Ififqm0dAhXtiSEM5BN0)
2026-07-23 13:55:35,278 - V2Scraper - INFO -   Already exists (ID 6279), checking for updates...
2026-07-23 13:55:35,278 - V2Scraper - INFO -   Existing points: 32
2026-07-23 13:55:36,377 - V2Scraper - INFO -   RSC: 56 places (32 total unique)
2026-07-23 13:55:36,590 - V2Scraper - INFO - Total extracted: 32 places
2026-07-23 13:55:36,590 - V2Scraper - INFO -   No new points or corrections needed
2026-07-23 13:55:36,590 - V2Scraper - INFO -   No updates needed
2026-07-23 13:55:37,592 - V2Scraper - INFO - 
[86/292] Teasing Master Takagi San 3 (IrgbISlZnKp368pmKXQD)
2026-07-23 13:55:37,592 - V2Scraper - INFO -   Already exists (ID 6280), checking for updates...
2026-07-23 13:55:37,592 - V2Scraper - INFO -   Existing points: 24
2026-07-23 13:55:38,732 - V2Scraper - INFO -   RSC: 46 places (24 total unique)
2026-07-23 13:55:38,930 - V2Scraper - INFO - Total extracted: 24 places
2026-07-23 13:55:38,930 - V2Scraper - INFO -   No new points or corrections needed
2026-07-23 13:55:38,930 - V2Scraper - INFO -   No updates needed
2026-07-23 13:55:39,931 - V2Scraper - INFO - 
[87/292] Steins Gate 0 (JUq18FMhazRy8b5gPpNo)
2026-07-23 13:55:39,931 - V2Scraper - INFO -   Already exists (ID 6281), checking for updates...
2026-07-23 13:55:39,932 - V2Scraper - INFO -   Existing points: 50
2026-07-23 13:55:41,050 - V2Scraper - INFO -   RSC: 72 places (48 total unique)
2026-07-23 13:55:41,266 - V2Scraper - INFO - Total extracted: 48 places
2026-07-23 13:55:41,267 - V2Scraper - INFO -   No new points or corrections needed
2026-07-23 13:55:41,267 - V2Scraper - INFO -   No updates needed
2026-07-23 13:55:42,268 - V2Scraper - INFO - 
[88/292] The Disappearance Of Haruhi Suzumiya (JxWl9bqFjbsqZDpaa3Gx)
2026-07-23 13:55:42,268 - V2Scraper - INFO -   Already exists (ID 6282), checking for updates...
2026-07-23 13:55:42,269 - V2Scraper - INFO -   Existing points: 30
2026-07-23 13:55:43,437 - V2Scraper - INFO -   RSC: 54 places (30 total unique)
2026-07-23 13:55:43,640 - V2Scraper - INFO - Total extracted: 30 places
2026-07-23 13:55:43,640 - V2Scraper - INFO -   No new points or corrections needed
2026-07-23 13:55:43,640 - V2Scraper - INFO -   No updates needed
2026-07-23 13:55:44,641 - V2Scraper - INFO - 
[89/292] Medalist (K4PtV2A6cX0Rol3DDh04)
2026-07-23 13:55:44,642 - V2Scraper - INFO -   Already exists (ID 6283), checking for updates...
2026-07-23 13:55:44,642 - V2Scraper - INFO -   Existing points: 16
2026-07-23 13:55:45,833 - V2Scraper - INFO -   RSC: 32 places (16 total unique)
2026-07-23 13:55:46,058 - V2Scraper - INFO - Total extracted: 16 places
2026-07-23 13:55:46,058 - V2Scraper - INFO -   No new points or corrections needed
2026-07-23 13:55:46,058 - V2Scraper - INFO -   No updates needed
2026-07-23 13:55:47,059 - V2Scraper - INFO - 
[90/292] Yuruyuri Summer Vacation (KHL2EcBmiHS2xQGNpVB4)
2026-07-23 13:55:47,060 - V2Scraper - INFO -   Already exists (ID 6284), checking for updates...
2026-07-23 13:55:47,060 - V2Scraper - INFO -   Existing points: 25
2026-07-23 13:55:48,155 - V2Scraper - INFO -   RSC: 50 places (25 total unique)
2026-07-23 13:55:48,389 - V2Scraper - INFO - Total extracted: 25 places
2026-07-23 13:55:48,389 - V2Scraper - INFO -   No new points or corrections needed
2026-07-23 13:55:48,389 - V2Scraper - INFO -   No updates needed
2026-07-23 13:55:49,390 - V2Scraper - INFO - 
[91/292] Lil Miss Vampire Cant Suck Right (KMJWdpqzaXrslclIT0kX)
2026-07-23 13:55:49,390 - V2Scraper - INFO -   Already exists (ID 6285), checking for updates...
2026-07-23 13:55:49,391 - V2Scraper - INFO -   Existing points: 2
2026-07-23 13:55:50,478 - V2Scraper - INFO -   RSC: 4 places (2 total unique)
2026-07-23 13:55:50,680 - V2Scraper - INFO - Total extracted: 2 places
2026-07-23 13:55:50,681 - V2Scraper - INFO -   No new points or corrections needed
2026-07-23 13:55:50,681 - V2Scraper - INFO -   No updates needed
2026-07-23 13:55:51,682 - V2Scraper - INFO - 
[92/292] Tsurune (KMZrhSusXhCwzvMuRW3M)
2026-07-23 13:55:51,682 - V2Scraper - INFO -   Already exists (ID 6286), checking for updates...
2026-07-23 13:55:51,683 - V2Scraper - INFO -   Existing points: 23
2026-07-23 13:55:52,873 - V2Scraper - INFO -   RSC: 45 places (23 total unique)
2026-07-23 13:55:53,073 - V2Scraper - INFO - Total extracted: 23 places
2026-07-23 13:55:53,074 - V2Scraper - INFO -   No new points or corrections needed
2026-07-23 13:55:53,074 - V2Scraper - INFO -   No updates needed
2026-07-23 13:55:54,075 - V2Scraper - INFO - 
[93/292] Kaguya Sama Love Is War Stairway To Adulthood (KxnQIESyd0vWQKYMCCJp)
2026-07-23 13:55:54,075 - V2Scraper - INFO -   Already exists (ID 6287), checking for updates...
2026-07-23 13:55:54,076 - V2Scraper - INFO -   Existing points: 4
2026-07-23 13:55:55,209 - V2Scraper - INFO -   RSC: 8 places (4 total unique)
2026-07-23 13:55:55,424 - V2Scraper - INFO - Total extracted: 4 places
2026-07-23 13:55:55,424 - V2Scraper - INFO -   No new points or corrections needed
2026-07-23 13:55:55,424 - V2Scraper - INFO -   No updates needed
2026-07-23 13:55:56,425 - V2Scraper - INFO - 
[94/292] Kaiju Girl Caramelise (KxxurNxXiTegfvduCkyC)
2026-07-23 13:55:56,426 - V2Scraper - INFO -   Already exists (ID 6932), checking for updates...
2026-07-23 13:55:56,426 - V2Scraper - INFO -   Existing points: 1
2026-07-23 13:55:57,566 - V2Scraper - INFO -   RSC: 2 places (1 total unique)
2026-07-23 13:55:57,772 - V2Scraper - INFO - Total extracted: 1 places
2026-07-23 13:55:57,772 - V2Scraper - INFO -   No new points or corrections needed
2026-07-23 13:55:57,772 - V2Scraper - INFO -   No updates needed
2026-07-23 13:55:58,773 - V2Scraper - INFO - 
[95/292] Shoshimin 2 (L82oXIYdIOrCncmowQ2V)
2026-07-23 13:55:58,774 - V2Scraper - INFO -   Already exists (ID 6288), checking for updates...
2026-07-23 13:55:58,774 - V2Scraper - INFO -   Existing points: 65
2026-07-23 13:55:59,956 - V2Scraper - INFO -   RSC: 89 places (65 total unique)
2026-07-23 13:56:00,179 - V2Scraper - INFO - Total extracted: 65 places
2026-07-23 13:56:00,180 - V2Scraper - INFO -   No new points or corrections needed
2026-07-23 13:56:00,180 - V2Scraper - INFO -   No updates needed
2026-07-23 13:56:01,181 - V2Scraper - INFO - 
[96/292] My Dress Up Darling 2 (L8UKLK889intHfnNZ9oE)
2026-07-23 13:56:01,181 - V2Scraper - INFO -   Already exists (ID 6289), checking for updates...
2026-07-23 13:56:01,182 - V2Scraper - INFO -   Existing points: 42
2026-07-23 13:56:02,408 - V2Scraper - INFO -   RSC: 65 places (42 total unique)
2026-07-23 13:56:02,616 - V2Scraper - INFO - Total extracted: 42 places
2026-07-23 13:56:02,617 - V2Scraper - INFO -   No new points or corrections needed
2026-07-23 13:56:02,617 - V2Scraper - INFO -   No updates needed
2026-07-23 13:56:03,618 - V2Scraper - INFO - 
[97/292] Dusk Beyond The End Of The World (LRAmMCCVn4JZPWGhvTdP)
2026-07-23 13:56:03,618 - V2Scraper - INFO -   Already exists (ID 6290), checking for updates...
2026-07-23 13:56:03,619 - V2Scraper - INFO -   Existing points: 28
2026-07-23 13:56:04,714 - V2Scraper - INFO -   RSC: 52 places (28 total unique)
2026-07-23 13:56:04,924 - V2Scraper - INFO - Total extracted: 28 places
2026-07-23 13:56:04,925 - V2Scraper - INFO -   No new points or corrections needed
2026-07-23 13:56:04,925 - V2Scraper - INFO -   No updates needed
2026-07-23 13:56:05,926 - V2Scraper - INFO - 
[98/292] Yuru Camp 2 (LlBHLckVd9QI0vUhjMJZ)
2026-07-23 13:56:05,926 - V2Scraper - INFO -   Already exists (ID 6291), checking for updates...
2026-07-23 13:56:05,927 - V2Scraper - INFO -   Existing points: 144
2026-07-23 13:56:07,161 - V2Scraper - INFO -   RSC: 167 places (143 total unique)
2026-07-23 13:56:07,357 - V2Scraper - INFO - Total extracted: 143 places
2026-07-23 13:56:07,357 - V2Scraper - INFO -   No new points or corrections needed
2026-07-23 13:56:07,358 - V2Scraper - INFO -   No updates needed
2026-07-23 13:56:08,359 - V2Scraper - INFO - 
[99/292] Chitose Ramune (NQAcuOMJmD4wesKzWtdK)
2026-07-23 13:56:08,359 - V2Scraper - INFO -   Already exists (ID 6292), checking for updates...
2026-07-23 13:56:08,360 - V2Scraper - INFO -   Existing points: 41
2026-07-23 13:56:09,480 - V2Scraper - INFO -   RSC: 65 places (40 total unique)
2026-07-23 13:56:09,695 - V2Scraper - INFO - Total extracted: 40 places
2026-07-23 13:56:09,695 - V2Scraper - INFO -   No new points or corrections needed
2026-07-23 13:56:09,695 - V2Scraper - INFO -   No updates needed
2026-07-23 13:56:10,696 - V2Scraper - INFO - 
[100/292] Ssss Gridman (NShwiqg4RQ8jwlAKDWds)
2026-07-23 13:56:10,696 - V2Scraper - INFO -   Already exists (ID 6293), checking for updates...
2026-07-23 13:56:10,697 - V2Scraper - INFO -   Existing points: 15
2026-07-23 13:56:12,226 - V2Scraper - INFO -   RSC: 30 places (15 total unique)
2026-07-23 13:56:12,421 - V2Scraper - INFO - Total extracted: 15 places
2026-07-23 13:56:12,421 - V2Scraper - INFO -   No new points or corrections needed
2026-07-23 13:56:12,421 - V2Scraper - INFO -   No updates needed
2026-07-23 13:56:13,423 - V2Scraper - INFO - 
[101/292] Weathering With You (NpEZnChVAaNhV5wOpnTr)
2026-07-23 13:56:13,423 - V2Scraper - INFO -   Already exists (ID 6294), checking for updates...
2026-07-23 13:56:13,423 - V2Scraper - INFO -   Existing points: 51
2026-07-23 13:56:14,647 - V2Scraper - INFO -   RSC: 74 places (51 total unique)
2026-07-23 13:56:14,889 - V2Scraper - INFO -   Posts API: 1 user-uploaded places
2026-07-23 13:56:14,889 - V2Scraper - INFO -   API: 1 user-uploaded places (51 total unique)
2026-07-23 13:56:14,889 - V2Scraper - INFO - Total extracted: 51 places
2026-07-23 13:56:14,890 - V2Scraper - INFO -   No new points or corrections needed
2026-07-23 13:56:14,890 - V2Scraper - INFO -   No updates needed
2026-07-23 13:56:15,891 - V2Scraper - INFO - 
[102/292] One Punch Man 2 (Npz9VOt5R5Nshl8YcBar)
2026-07-23 13:56:15,891 - V2Scraper - INFO -   Already exists (ID 6295), checking for updates...
2026-07-23 13:56:15,892 - V2Scraper - INFO -   Existing points: 12
2026-07-23 13:56:17,026 - V2Scraper - INFO -   RSC: 24 places (12 total unique)
2026-07-23 13:56:17,249 - V2Scraper - INFO - Total extracted: 12 places
2026-07-23 13:56:17,249 - V2Scraper - INFO -   No new points or corrections needed
2026-07-23 13:56:17,249 - V2Scraper - INFO -   No updates needed
2026-07-23 13:56:18,250 - V2Scraper - INFO - 
[103/292] Komi Cant Communicate (NudLgt4nu08ywcI9EayS)
2026-07-23 13:56:18,251 - V2Scraper - INFO -   Already exists (ID 6296), checking for updates...
2026-07-23 13:56:18,251 - V2Scraper - INFO -   Existing points: 4
2026-07-23 13:56:19,321 - V2Scraper - INFO -   RSC: 8 places (4 total unique)
2026-07-23 13:56:19,530 - V2Scraper - INFO - Total extracted: 4 places
2026-07-23 13:56:19,530 - V2Scraper - INFO -   No new points or corrections needed
2026-07-23 13:56:19,530 - V2Scraper - INFO -   No updates needed
2026-07-23 13:56:20,532 - V2Scraper - INFO - 
[104/292] Tamako Market (O787XPKQvn9bJ0uEM197)
2026-07-23 13:56:20,532 - V2Scraper - INFO -   Already exists (ID 6297), checking for updates...
2026-07-23 13:56:20,532 - V2Scraper - INFO -   Existing points: 41
2026-07-23 13:56:21,694 - V2Scraper - INFO -   RSC: 65 places (41 total unique)
2026-07-23 13:56:21,903 - V2Scraper - INFO - Total extracted: 41 places
2026-07-23 13:56:21,903 - V2Scraper - INFO -   No new points or corrections needed
2026-07-23 13:56:21,903 - V2Scraper - INFO -   No updates needed
2026-07-23 13:56:22,904 - V2Scraper - INFO - 
[105/292] 365 Days To The Wedding (OAHs4S1CXAlmcCbu520H)
2026-07-23 13:56:22,905 - V2Scraper - INFO -   Already exists (ID 6298), checking for updates...
2026-07-23 13:56:22,905 - V2Scraper - INFO -   Existing points: 48
2026-07-23 13:56:23,988 - V2Scraper - INFO -   RSC: 70 places (47 total unique)
2026-07-23 13:56:24,188 - V2Scraper - INFO - Total extracted: 47 places
2026-07-23 13:56:24,189 - V2Scraper - INFO -   No new points or corrections needed
2026-07-23 13:56:24,189 - V2Scraper - INFO -   No updates needed
2026-07-23 13:56:25,190 - V2Scraper - INFO - 
[106/292] Summer Pockets (OZ6C0hvndlfhdIAf7sIa)
2026-07-23 13:56:25,190 - V2Scraper - INFO -   Already exists (ID 6299), checking for updates...
2026-07-23 13:56:25,191 - V2Scraper - INFO -   Existing points: 65
2026-07-23 13:56:26,474 - V2Scraper - INFO -   RSC: 90 places (65 total unique)
2026-07-23 13:56:26,684 - V2Scraper - INFO - Total extracted: 65 places
2026-07-23 13:56:26,685 - V2Scraper - INFO -   No new points or corrections needed
2026-07-23 13:56:26,685 - V2Scraper - INFO -   No updates needed
2026-07-23 13:56:27,686 - V2Scraper - INFO - 
[107/292] I Made Friends With The Second Prettiest Girl In My Class (OaKLJatdGQqtkk4SZWdB)
2026-07-23 13:56:27,686 - V2Scraper - INFO -   Already exists (ID 6300), checking for updates...
2026-07-23 13:56:27,687 - V2Scraper - INFO -   Existing points: 26
2026-07-23 13:56:28,917 - V2Scraper - INFO -   RSC: 50 places (26 total unique)
2026-07-23 13:56:29,130 - V2Scraper - INFO - Total extracted: 26 places
2026-07-23 13:56:29,130 - V2Scraper - INFO -   No new points or corrections needed
2026-07-23 13:56:29,130 - V2Scraper - INFO -   No updates needed
2026-07-23 13:56:30,131 - V2Scraper - INFO - 
[108/292] Bleach Memories Of Nobody (PKagB1hxt8p8a39k8MVY)
2026-07-23 13:56:30,132 - V2Scraper - INFO -   Already exists (ID 6301), checking for updates...
2026-07-23 13:56:30,132 - V2Scraper - INFO -   Existing points: 10
2026-07-23 13:56:31,348 - V2Scraper - INFO -   RSC: 20 places (10 total unique)
2026-07-23 13:56:31,564 - V2Scraper - INFO - Total extracted: 10 places
2026-07-23 13:56:31,564 - V2Scraper - INFO -   No new points or corrections needed
2026-07-23 13:56:31,564 - V2Scraper - INFO -   No updates needed
2026-07-23 13:56:32,566 - V2Scraper - INFO - 
[109/292] Tamako Love Story (PMFHkoPU1pObVfazDppZ)
2026-07-23 13:56:32,566 - V2Scraper - INFO -   Already exists (ID 6302), checking for updates...
2026-07-23 13:56:32,566 - V2Scraper - INFO -   Existing points: 29
2026-07-23 13:56:33,817 - V2Scraper - INFO -   RSC: 52 places (29 total unique)
2026-07-23 13:56:34,017 - V2Scraper - INFO - Total extracted: 29 places
2026-07-23 13:56:34,017 - V2Scraper - INFO -   No new points or corrections needed
2026-07-23 13:56:34,017 - V2Scraper - INFO -   No updates needed
2026-07-23 13:56:35,018 - V2Scraper - INFO - 
[110/292] Re Zero 2 (PY8lyzbzxH7yFNe0z1kg)
2026-07-23 13:56:35,019 - V2Scraper - INFO -   Already exists (ID 6303), checking for updates...
2026-07-23 13:56:35,019 - V2Scraper - INFO -   Existing points: 7
2026-07-23 13:56:36,138 - V2Scraper - INFO -   RSC: 14 places (7 total unique)
2026-07-23 13:56:36,338 - V2Scraper - INFO - Total extracted: 7 places
2026-07-23 13:56:36,339 - V2Scraper - INFO -   No new points or corrections needed
2026-07-23 13:56:36,339 - V2Scraper - INFO -   No updates needed
2026-07-23 13:56:37,340 - V2Scraper - INFO - 
[111/292] Goodbye Lara (Q5sGWTURXZRsHIhzUbAH)
2026-07-23 13:56:37,340 - V2Scraper - INFO -   Already exists (ID 6839), checking for updates...
2026-07-23 13:56:37,340 - V2Scraper - INFO -   Existing points: 9
2026-07-23 13:56:38,523 - V2Scraper - INFO -   RSC: 18 places (9 total unique)
2026-07-23 13:56:38,734 - V2Scraper - INFO -   Posts API: 1 user-uploaded places
2026-07-23 13:56:38,734 - V2Scraper - INFO -   API: 1 user-uploaded places (9 total unique)
2026-07-23 13:56:38,734 - V2Scraper - INFO - Total extracted: 9 places
2026-07-23 13:56:38,734 - V2Scraper - INFO -   No new points or corrections needed
2026-07-23 13:56:38,734 - V2Scraper - INFO -   No updates needed
2026-07-23 13:56:39,735 - V2Scraper - INFO - 
[112/292] Shoshimin (QG989BWllZZQ1ZeuErVx)
2026-07-23 13:56:39,735 - V2Scraper - INFO -   Already exists (ID 6304), checking for updates...
2026-07-23 13:56:39,736 - V2Scraper - INFO -   Existing points: 58
2026-07-23 13:56:40,953 - V2Scraper - INFO -   RSC: 81 places (57 total unique)
2026-07-23 13:56:41,149 - V2Scraper - INFO - Total extracted: 57 places
2026-07-23 13:56:41,149 - V2Scraper - INFO -   No new points or corrections needed
2026-07-23 13:56:41,149 - V2Scraper - INFO -   No updates needed
2026-07-23 13:56:42,151 - V2Scraper - INFO - 
[113/292] Slow Loop (QZEqu5MPWKCjeIQD0ChT)
2026-07-23 13:56:42,151 - V2Scraper - INFO -   Already exists (ID 6305), checking for updates...
2026-07-23 13:56:42,151 - V2Scraper - INFO -   Existing points: 32
2026-07-23 13:56:43,331 - V2Scraper - INFO -   RSC: 56 places (32 total unique)
2026-07-23 13:56:43,528 - V2Scraper - INFO - Total extracted: 32 places
2026-07-23 13:56:43,528 - V2Scraper - INFO -   No new points or corrections needed
2026-07-23 13:56:43,528 - V2Scraper - INFO -   No updates needed
2026-07-23 13:56:44,530 - V2Scraper - INFO - 
[114/292] Oregairu Snafu 2 (QdSz4uvUO8xtPQ2YnNCH)
2026-07-23 13:56:44,530 - V2Scraper - INFO -   Already exists (ID 6306), checking for updates...
2026-07-23 13:56:44,530 - V2Scraper - INFO -   Existing points: 62
2026-07-23 13:56:45,824 - V2Scraper - INFO -   RSC: 86 places (61 total unique)
2026-07-23 13:56:46,048 - V2Scraper - INFO - Total extracted: 61 places
2026-07-23 13:56:46,049 - V2Scraper - INFO -   No new points or corrections needed
2026-07-23 13:56:46,049 - V2Scraper - INFO -   No updates needed
2026-07-23 13:56:47,050 - V2Scraper - INFO - 
[115/292] Wash It All Away (QqXeEHTDBJy8XPLbqrrn)
2026-07-23 13:56:47,050 - V2Scraper - INFO -   Already exists (ID 6307), checking for updates...
2026-07-23 13:56:47,051 - V2Scraper - INFO -   Existing points: 71
2026-07-23 13:56:48,199 - V2Scraper - INFO -   RSC: 95 places (70 total unique)
2026-07-23 13:56:48,400 - V2Scraper - INFO - Total extracted: 70 places
2026-07-23 13:56:48,400 - V2Scraper - INFO -   No new points or corrections needed
2026-07-23 13:56:48,400 - V2Scraper - INFO -   No updates needed
2026-07-23 13:56:49,402 - V2Scraper - INFO - 
[116/292] Yuruyuri Summer Vacation Plus (R5O9FmDqJMUVD5L3zIo8)
2026-07-23 13:56:49,402 - V2Scraper - INFO -   Already exists (ID 6308), checking for updates...
2026-07-23 13:56:49,402 - V2Scraper - INFO -   Existing points: 8
2026-07-23 13:56:50,442 - V2Scraper - INFO -   RSC: 15 places (8 total unique)
2026-07-23 13:56:50,639 - V2Scraper - INFO - Total extracted: 8 places
2026-07-23 13:56:50,639 - V2Scraper - INFO -   No new points or corrections needed
2026-07-23 13:56:50,639 - V2Scraper - INFO -   No updates needed
2026-07-23 13:56:51,640 - V2Scraper - INFO - 
[117/292] Initial D Legend 2 (RLpqKpn3ABpw8arWkpWc)
2026-07-23 13:56:51,640 - V2Scraper - INFO -   Already exists (ID 6309), checking for updates...
2026-07-23 13:56:51,641 - V2Scraper - INFO -   Existing points: 22
2026-07-23 13:56:52,795 - V2Scraper - INFO -   RSC: 42 places (22 total unique)
2026-07-23 13:56:52,994 - V2Scraper - INFO - Total extracted: 22 places
2026-07-23 13:56:52,994 - V2Scraper - INFO -   No new points or corrections needed
2026-07-23 13:56:52,994 - V2Scraper - INFO -   No updates needed
2026-07-23 13:56:53,995 - V2Scraper - INFO - 
[118/292] Sword Art Online (RLvmUUdAaqEDbvILfPsq)
2026-07-23 13:56:53,996 - V2Scraper - INFO -   Already exists (ID 6923), checking for updates...
2026-07-23 13:56:53,996 - V2Scraper - INFO -   Existing points: 3
2026-07-23 13:56:55,147 - V2Scraper - INFO -   RSC: 6 places (3 total unique)
2026-07-23 13:56:55,346 - V2Scraper - INFO - Total extracted: 3 places
2026-07-23 13:56:55,346 - V2Scraper - INFO -   No new points or corrections needed
2026-07-23 13:56:55,346 - V2Scraper - INFO -   No updates needed
2026-07-23 13:56:56,347 - V2Scraper - INFO - 
[119/292] The Angel Next Door Spoils Me Rotten (RPnFHigPkhOePBI3ZpP7)
2026-07-23 13:56:56,348 - V2Scraper - INFO -   Already exists (ID 6310), checking for updates...
2026-07-23 13:56:56,348 - V2Scraper - INFO -   Existing points: 8
2026-07-23 13:56:57,485 - V2Scraper - INFO -   RSC: 16 places (8 total unique)
2026-07-23 13:56:57,717 - V2Scraper - INFO - Total extracted: 8 places
2026-07-23 13:56:57,717 - V2Scraper - INFO -   No new points or corrections needed
2026-07-23 13:56:57,717 - V2Scraper - INFO -   No updates needed
2026-07-23 13:56:58,718 - V2Scraper - INFO - 
[120/292] Iroduku (RawAH4VbfP7uT0pSXQv9)
2026-07-23 13:56:58,719 - V2Scraper - INFO -   Already exists (ID 6311), checking for updates...
2026-07-23 13:56:58,719 - V2Scraper - INFO -   Existing points: 76
2026-07-23 13:56:59,873 - V2Scraper - INFO -   RSC: 99 places (75 total unique)
2026-07-23 13:57:00,078 - V2Scraper - INFO - Total extracted: 75 places
2026-07-23 13:57:00,079 - V2Scraper - INFO -   No new points or corrections needed
2026-07-23 13:57:00,079 - V2Scraper - INFO -   No updates needed
2026-07-23 13:57:01,080 - V2Scraper - INFO - 
[121/292] Ride Your Wave (RdB9u0ObLQdFxMYl4nUx)
2026-07-23 13:57:01,080 - V2Scraper - INFO -   Already exists (ID 6312), checking for updates...
2026-07-23 13:57:01,081 - V2Scraper - INFO -   Existing points: 15
2026-07-23 13:57:02,563 - V2Scraper - INFO -   RSC: 30 places (15 total unique)
2026-07-23 13:57:02,764 - V2Scraper - INFO - Total extracted: 15 places
2026-07-23 13:57:02,765 - V2Scraper - INFO -   No new points or corrections needed
2026-07-23 13:57:02,765 - V2Scraper - INFO -   No updates needed
2026-07-23 13:57:03,766 - V2Scraper - INFO - 
[122/292] Anohana (S2Ck9BmF9DceONFuYdu2)
2026-07-23 13:57:03,766 - V2Scraper - INFO -   Already exists (ID 6313), checking for updates...
2026-07-23 13:57:03,767 - V2Scraper - INFO -   Existing points: 36
2026-07-23 13:57:04,997 - V2Scraper - INFO -   RSC: 59 places (35 total unique)
2026-07-23 13:57:05,194 - V2Scraper - INFO - Total extracted: 35 places
2026-07-23 13:57:05,195 - V2Scraper - INFO -   No new points or corrections needed
2026-07-23 13:57:05,195 - V2Scraper - INFO -   No updates needed
2026-07-23 13:57:06,196 - V2Scraper - INFO - 
[123/292] Star Detective Precure (SLJtXMvLjJFxkt3cKtRL)
2026-07-23 13:57:06,196 - V2Scraper - INFO -   Already exists (ID 6314), checking for updates...
2026-07-23 13:57:06,197 - V2Scraper - INFO -   Existing points: 6
2026-07-23 13:57:07,319 - V2Scraper - INFO -   RSC: 18 places (6 total unique)
2026-07-23 13:57:07,520 - V2Scraper - INFO -   Posts API: 6 user-uploaded places
2026-07-23 13:57:07,520 - V2Scraper - INFO -   API: 6 user-uploaded places (6 total unique)
2026-07-23 13:57:07,520 - V2Scraper - INFO - Total extracted: 6 places
2026-07-23 13:57:07,520 - V2Scraper - INFO -   No new points or corrections needed
2026-07-23 13:57:07,520 - V2Scraper - INFO -   No updates needed
2026-07-23 13:57:08,521 - V2Scraper - INFO - 
[124/292] Erased (SZ4J7oV1NGtk9EIFlZCO)
2026-07-23 13:57:08,522 - V2Scraper - INFO -   Already exists (ID 6315), checking for updates...
2026-07-23 13:57:08,522 - V2Scraper - INFO -   Existing points: 22
2026-07-23 13:57:09,616 - V2Scraper - INFO -   RSC: 44 places (22 total unique)
2026-07-23 13:57:09,828 - V2Scraper - INFO - Total extracted: 22 places
2026-07-23 13:57:09,828 - V2Scraper - INFO -   No new points or corrections needed
2026-07-23 13:57:09,828 - V2Scraper - INFO -   No updates needed
2026-07-23 13:57:10,829 - V2Scraper - INFO - 
[125/292] The Place Promised In Our Early Days (SvV7FwjDoS2tJiVqx4NA)
2026-07-23 13:57:10,829 - V2Scraper - INFO -   Already exists (ID 6316), checking for updates...
2026-07-23 13:57:10,830 - V2Scraper - INFO -   Existing points: 13
2026-07-23 13:57:11,950 - V2Scraper - INFO -   RSC: 26 places (13 total unique)
2026-07-23 13:57:12,163 - V2Scraper - INFO - Total extracted: 13 places
2026-07-23 13:57:12,163 - V2Scraper - INFO -   No new points or corrections needed
2026-07-23 13:57:12,163 - V2Scraper - INFO -   No updates needed
2026-07-23 13:57:13,164 - V2Scraper - INFO - 
[126/292] Your Lie In April (SxVDZdqsWoda64YFSB5I)
2026-07-23 13:57:13,165 - V2Scraper - INFO -   Already exists (ID 6317), checking for updates...
2026-07-23 13:57:13,165 - V2Scraper - INFO -   Existing points: 36
2026-07-23 13:57:14,286 - V2Scraper - INFO -   RSC: 61 places (36 total unique)
2026-07-23 13:57:14,492 - V2Scraper - INFO - Total extracted: 36 places
2026-07-23 13:57:14,492 - V2Scraper - INFO -   No new points or corrections needed
2026-07-23 13:57:14,492 - V2Scraper - INFO -   No updates needed
2026-07-23 13:57:15,493 - V2Scraper - INFO - 
[127/292] Kaguya Sama S2 (TAaEPRwIJMNDic8UNpyJ)
2026-07-23 13:57:15,494 - V2Scraper - INFO -   Already exists (ID 6318), checking for updates...
2026-07-23 13:57:15,494 - V2Scraper - INFO -   Existing points: 6
2026-07-23 13:57:16,547 - V2Scraper - INFO -   RSC: 11 places (6 total unique)
2026-07-23 13:57:16,758 - V2Scraper - INFO - Total extracted: 6 places
2026-07-23 13:57:16,758 - V2Scraper - INFO -   No new points or corrections needed
2026-07-23 13:57:16,758 - V2Scraper - INFO -   No updates needed
2026-07-23 13:57:17,759 - V2Scraper - INFO - 
[128/292] The Dangers In My Heart 2 (TCBZtniKN2tuT2Mr6sFW)
2026-07-23 13:57:17,760 - V2Scraper - INFO -   Already exists (ID 6319), checking for updates...
2026-07-23 13:57:17,760 - V2Scraper - INFO -   Existing points: 42
2026-07-23 13:57:18,921 - V2Scraper - INFO -   RSC: 63 places (41 total unique)
2026-07-23 13:57:19,115 - V2Scraper - INFO - Total extracted: 41 places
2026-07-23 13:57:19,116 - V2Scraper - INFO -   No new points or corrections needed
2026-07-23 13:57:19,116 - V2Scraper - INFO -   No updates needed
2026-07-23 13:57:20,117 - V2Scraper - INFO - 
[129/292] Gate (TSkvs59be6uQgnRQeRe9)
2026-07-23 13:57:20,117 - V2Scraper - INFO -   Already exists (ID 6320), checking for updates...
2026-07-23 13:57:20,118 - V2Scraper - INFO -   Existing points: 28
2026-07-23 13:57:21,292 - V2Scraper - INFO -   RSC: 53 places (28 total unique)
2026-07-23 13:57:21,546 - V2Scraper - INFO - Total extracted: 28 places
2026-07-23 13:57:21,547 - V2Scraper - INFO -   No new points or corrections needed
2026-07-23 13:57:21,547 - V2Scraper - INFO -   No updates needed
2026-07-23 13:57:22,548 - V2Scraper - INFO - 
[130/292] Style Of Hiroshi Nohara Lunch (TjkYh2MXRiFE4rlWLMtb)
2026-07-23 13:57:22,548 - V2Scraper - INFO -   Already exists (ID 6321), checking for updates...
2026-07-23 13:57:22,549 - V2Scraper - INFO -   Existing points: 8
2026-07-23 13:57:23,681 - V2Scraper - INFO -   RSC: 15 places (8 total unique)
2026-07-23 13:57:23,899 - V2Scraper - INFO - Total extracted: 8 places
2026-07-23 13:57:23,899 - V2Scraper - INFO -   No new points or corrections needed
2026-07-23 13:57:23,899 - V2Scraper - INFO -   No updates needed
2026-07-23 13:57:24,900 - V2Scraper - INFO - 
[131/292] Oomuro Ke Dear Friends (TokTljW8Xuc2zv5zjpL7)
2026-07-23 13:57:24,901 - V2Scraper - INFO -   Already exists (ID 6322), checking for updates...
2026-07-23 13:57:24,901 - V2Scraper - INFO -   Existing points: 29
2026-07-23 13:57:25,995 - V2Scraper - INFO -   RSC: 54 places (29 total unique)
2026-07-23 13:57:26,195 - V2Scraper - INFO - Total extracted: 29 places
2026-07-23 13:57:26,196 - V2Scraper - INFO -   No new points or corrections needed
2026-07-23 13:57:26,196 - V2Scraper - INFO -   No updates needed
2026-07-23 13:57:27,197 - V2Scraper - INFO - 
[132/292] Darling In The Franxx (U4M4jkiANLzkJ3fvBass)
2026-07-23 13:57:27,197 - V2Scraper - INFO -   Already exists (ID 6323), checking for updates...
2026-07-23 13:57:27,198 - V2Scraper - INFO -   Existing points: 5
2026-07-23 13:57:28,222 - V2Scraper - INFO -   RSC: 10 places (5 total unique)
2026-07-23 13:57:28,419 - V2Scraper - INFO - Total extracted: 5 places
2026-07-23 13:57:28,419 - V2Scraper - INFO -   No new points or corrections needed
2026-07-23 13:57:28,419 - V2Scraper - INFO -   No updates needed
2026-07-23 13:57:29,420 - V2Scraper - INFO - 
[133/292] Rascal Does Not Dream Of Santa Claus (UAxl5OxUl27L0betSu5L)
2026-07-23 13:57:29,421 - V2Scraper - INFO -   Already exists (ID 6324), checking for updates...
2026-07-23 13:57:29,421 - V2Scraper - INFO -   Existing points: 133
2026-07-23 13:57:31,187 - V2Scraper - INFO -   RSC: 157 places (132 total unique)
2026-07-23 13:57:31,384 - V2Scraper - INFO - Total extracted: 132 places
2026-07-23 13:57:31,385 - V2Scraper - INFO -   No new points or corrections needed
2026-07-23 13:57:31,385 - V2Scraper - INFO -   No updates needed
2026-07-23 13:57:32,386 - V2Scraper - INFO - 
[134/292] Digimon Adventure Last Evolution Kizuna (UFsJyag2lYH3H0hc2FOR)
2026-07-23 13:57:32,387 - V2Scraper - INFO -   Already exists (ID 6325), checking for updates...
2026-07-23 13:57:32,387 - V2Scraper - INFO -   Existing points: 23
2026-07-23 13:57:33,554 - V2Scraper - INFO -   RSC: 45 places (23 total unique)
2026-07-23 13:57:33,754 - V2Scraper - INFO - Total extracted: 23 places
2026-07-23 13:57:33,755 - V2Scraper - INFO -   No new points or corrections needed
2026-07-23 13:57:33,755 - V2Scraper - INFO -   No updates needed
2026-07-23 13:57:34,756 - V2Scraper - INFO - 
[135/292] Mirai (UVPVcuDouxDp80lD6iDf)
2026-07-23 13:57:34,756 - V2Scraper - INFO -   Already exists (ID 6326), checking for updates...
2026-07-23 13:57:34,756 - V2Scraper - INFO -   Existing points: 9
2026-07-23 13:57:35,859 - V2Scraper - INFO -   RSC: 18 places (9 total unique)
2026-07-23 13:57:36,061 - V2Scraper - INFO - Total extracted: 9 places
2026-07-23 13:57:36,061 - V2Scraper - INFO -   No new points or corrections needed
2026-07-23 13:57:36,061 - V2Scraper - INFO -   No updates needed
2026-07-23 13:57:37,062 - V2Scraper - INFO - 
[136/292] Negative Positive Angler (UXyZMhIozhcciP5RVeEq)
2026-07-23 13:57:37,063 - V2Scraper - INFO -   Already exists (ID 6327), checking for updates...
2026-07-23 13:57:37,063 - V2Scraper - INFO -   Existing points: 58
2026-07-23 13:57:38,385 - V2Scraper - INFO -   RSC: 81 places (58 total unique)
2026-07-23 13:57:38,585 - V2Scraper - INFO - Total extracted: 58 places
2026-07-23 13:57:38,586 - V2Scraper - INFO -   No new points or corrections needed
2026-07-23 13:57:38,586 - V2Scraper - INFO -   No updates needed
2026-07-23 13:57:39,587 - V2Scraper - INFO - 
[137/292] Barakamon (UcdcmZWDPCZiUdYZ6j7t)
2026-07-23 13:57:39,587 - V2Scraper - INFO -   Already exists (ID 6328), checking for updates...
2026-07-23 13:57:39,588 - V2Scraper - INFO -   Existing points: 20
2026-07-23 13:57:40,728 - V2Scraper - INFO -   RSC: 39 places (20 total unique)
2026-07-23 13:57:40,924 - V2Scraper - INFO - Total extracted: 20 places
2026-07-23 13:57:40,924 - V2Scraper - INFO -   No new points or corrections needed
2026-07-23 13:57:40,924 - V2Scraper - INFO -   No updates needed
2026-07-23 13:57:41,925 - V2Scraper - INFO - 
[138/292] Rascal Does Not Dream Of A Dreaming Girl (UnHZjOgLD7JW5aUXBdwc)
2026-07-23 13:57:41,925 - V2Scraper - INFO -   Already exists (ID 6329), checking for updates...
2026-07-23 13:57:41,926 - V2Scraper - INFO -   Existing points: 35
2026-07-23 13:57:43,011 - V2Scraper - INFO -   RSC: 59 places (34 total unique)
2026-07-23 13:57:43,209 - V2Scraper - INFO - Total extracted: 34 places
2026-07-23 13:57:43,209 - V2Scraper - INFO -   No new points or corrections needed
2026-07-23 13:57:43,209 - V2Scraper - INFO -   No updates needed
2026-07-23 13:57:44,211 - V2Scraper - INFO - 
[139/292] Sao Ordinal Scale (Ur5mrwrBPVePfw7X3LNc)
2026-07-23 13:57:44,211 - V2Scraper - INFO -   Already exists (ID 6330), checking for updates...
2026-07-23 13:57:44,211 - V2Scraper - INFO -   Existing points: 10
2026-07-23 13:57:45,300 - V2Scraper - INFO -   RSC: 20 places (10 total unique)
2026-07-23 13:57:45,511 - V2Scraper - INFO - Total extracted: 10 places
2026-07-23 13:57:45,511 - V2Scraper - INFO -   No new points or corrections needed
2026-07-23 13:57:45,511 - V2Scraper - INFO -   No updates needed
2026-07-23 13:57:46,513 - V2Scraper - INFO - 
[140/292] Jujutsu Kaisen 2 (UrP8DF1mot4eA2YfzSJk)
2026-07-23 13:57:46,513 - V2Scraper - INFO -   Already exists (ID 6331), checking for updates...
2026-07-23 13:57:46,514 - V2Scraper - INFO -   Existing points: 77
2026-07-23 13:57:47,701 - V2Scraper - INFO -   RSC: 102 places (77 total unique)
2026-07-23 13:57:47,904 - V2Scraper - INFO - Total extracted: 77 places
2026-07-23 13:57:47,904 - V2Scraper - INFO -   No new points or corrections needed
2026-07-23 13:57:47,904 - V2Scraper - INFO -   No updates needed
2026-07-23 13:57:48,906 - V2Scraper - INFO - 
[141/292] A Place Further Than The Universe (V8ZUeVmlHtP2Wh4scQ77)
2026-07-23 13:57:48,906 - V2Scraper - INFO -   Already exists (ID 6332), checking for updates...
2026-07-23 13:57:48,906 - V2Scraper - INFO -   Existing points: 37
2026-07-23 13:57:50,066 - V2Scraper - INFO -   RSC: 61 places (37 total unique)
2026-07-23 13:57:50,261 - V2Scraper - INFO - Total extracted: 37 places
2026-07-23 13:57:50,262 - V2Scraper - INFO -   No new points or corrections needed
2026-07-23 13:57:50,262 - V2Scraper - INFO -   No updates needed
2026-07-23 13:57:51,263 - V2Scraper - INFO - 
[142/292] Girls Panzer (VD31WwqZ3Ok7A1Fcr892)
2026-07-23 13:57:51,264 - V2Scraper - INFO -   Already exists (ID 6333), checking for updates...
2026-07-23 13:57:51,265 - V2Scraper - INFO -   Existing points: 22
2026-07-23 13:57:52,392 - V2Scraper - INFO -   RSC: 42 places (22 total unique)
2026-07-23 13:57:52,589 - V2Scraper - INFO - Total extracted: 22 places
2026-07-23 13:57:52,589 - V2Scraper - INFO -   No new points or corrections needed
2026-07-23 13:57:52,589 - V2Scraper - INFO -   No updates needed
2026-07-23 13:57:53,590 - V2Scraper - INFO - 
[143/292] My Dress Up Darling (VIQzdK6tzpH3rImWUzQ6)
2026-07-23 13:57:53,591 - V2Scraper - INFO -   Already exists (ID 6334), checking for updates...
2026-07-23 13:57:53,591 - V2Scraper - INFO -   Existing points: 35
2026-07-23 13:57:54,753 - V2Scraper - INFO -   RSC: 60 places (35 total unique)
2026-07-23 13:57:54,949 - V2Scraper - INFO - Total extracted: 35 places
2026-07-23 13:57:54,949 - V2Scraper - INFO -   No new points or corrections needed
2026-07-23 13:57:54,949 - V2Scraper - INFO -   No updates needed
2026-07-23 13:57:55,950 - V2Scraper - INFO - 
[144/292] Blend S (VVAuTlfMEMbesT8lj0Me)
2026-07-23 13:57:55,951 - V2Scraper - INFO -   Already exists (ID 6335), checking for updates...
2026-07-23 13:57:55,951 - V2Scraper - INFO -   Existing points: 9
2026-07-23 13:57:57,016 - V2Scraper - INFO -   RSC: 18 places (9 total unique)
2026-07-23 13:57:57,224 - V2Scraper - INFO - Total extracted: 9 places
2026-07-23 13:57:57,224 - V2Scraper - INFO -   No new points or corrections needed
2026-07-23 13:57:57,224 - V2Scraper - INFO -   No updates needed
2026-07-23 13:57:58,226 - V2Scraper - INFO - 
[145/292] Steins Gate (VYoUbJBIkUiLX3HPYQGl)
2026-07-23 13:57:58,226 - V2Scraper - INFO -   Already exists (ID 6336), checking for updates...
2026-07-23 13:57:58,226 - V2Scraper - INFO -   Existing points: 65
2026-07-23 13:57:59,397 - V2Scraper - INFO -   RSC: 89 places (64 total unique)
2026-07-23 13:57:59,639 - V2Scraper - INFO - Total extracted: 64 places
2026-07-23 13:57:59,640 - V2Scraper - INFO -   No new points or corrections needed
2026-07-23 13:57:59,640 - V2Scraper - INFO -   No updates needed
2026-07-23 13:58:00,641 - V2Scraper - INFO - 
[146/292] Teasing Master Takagi San 2 (VhH877Oq00jh2nXka21n)
2026-07-23 13:58:00,642 - V2Scraper - INFO -   Already exists (ID 6337), checking for updates...
2026-07-23 13:58:00,642 - V2Scraper - INFO -   Existing points: 13
2026-07-23 13:58:01,742 - V2Scraper - INFO -   RSC: 26 places (13 total unique)
2026-07-23 13:58:01,940 - V2Scraper - INFO - Total extracted: 13 places
2026-07-23 13:58:01,940 - V2Scraper - INFO -   No new points or corrections needed
2026-07-23 13:58:01,940 - V2Scraper - INFO -   No updates needed
2026-07-23 13:58:02,941 - V2Scraper - INFO - 
[147/292] Bang Dream Its Mygo (VkynuahKEcbI6q0ygptX)
2026-07-23 13:58:02,941 - V2Scraper - INFO -   Already exists (ID 6338), checking for updates...
2026-07-23 13:58:02,942 - V2Scraper - INFO -   Existing points: 35
2026-07-23 13:58:04,113 - V2Scraper - INFO -   RSC: 60 places (35 total unique)
2026-07-23 13:58:04,312 - V2Scraper - INFO - Total extracted: 35 places
2026-07-23 13:58:04,313 - V2Scraper - INFO -   No new points or corrections needed
2026-07-23 13:58:04,313 - V2Scraper - INFO -   No updates needed
2026-07-23 13:58:05,314 - V2Scraper - INFO - 
[148/292] Touring After The Apocalypse (VwCzosaRb9Xdvs1m8bls)
2026-07-23 13:58:05,314 - V2Scraper - INFO -   Already exists (ID 6339), checking for updates...
2026-07-23 13:58:05,315 - V2Scraper - INFO -   Existing points: 109
2026-07-23 13:58:06,509 - V2Scraper - INFO -   RSC: 132 places (108 total unique)
2026-07-23 13:58:06,714 - V2Scraper - INFO - Total extracted: 108 places
2026-07-23 13:58:06,715 - V2Scraper - INFO -   No new points or corrections needed
2026-07-23 13:58:06,715 - V2Scraper - INFO -   No updates needed
2026-07-23 13:58:07,716 - V2Scraper - INFO - 
[149/292] The Tunnel To Summer The Exit Of Goodbyes (VwGMVFBArqmvYx8g1JQe)
2026-07-23 13:58:07,716 - V2Scraper - INFO -   Already exists (ID 6340), checking for updates...
2026-07-23 13:58:07,717 - V2Scraper - INFO -   Existing points: 11
2026-07-23 13:58:08,765 - V2Scraper - INFO -   RSC: 20 places (10 total unique)
2026-07-23 13:58:08,970 - V2Scraper - INFO - Total extracted: 10 places
2026-07-23 13:58:08,970 - V2Scraper - INFO -   No new points or corrections needed
2026-07-23 13:58:08,970 - V2Scraper - INFO -   No updates needed
2026-07-23 13:58:09,972 - V2Scraper - INFO - 
[150/292] Pseudo Harem (W6Ty1y47SrpzJsnFIiRq)
2026-07-23 13:58:09,972 - V2Scraper - INFO -   Already exists (ID 6341), checking for updates...
2026-07-23 13:58:09,972 - V2Scraper - INFO -   Existing points: 19
2026-07-23 13:58:11,059 - V2Scraper - INFO -   RSC: 37 places (19 total unique)
2026-07-23 13:58:11,263 - V2Scraper - INFO - Total extracted: 19 places
2026-07-23 13:58:11,263 - V2Scraper - INFO -   No new points or corrections needed
2026-07-23 13:58:11,263 - V2Scraper - INFO -   No updates needed
2026-07-23 13:58:12,264 - V2Scraper - INFO - 
[151/292] Tokyo Revengers 3 (WoY91eDNSvhHts6QSPg1)
2026-07-23 13:58:12,264 - V2Scraper - INFO -   Already exists (ID 6342), checking for updates...
2026-07-23 13:58:12,265 - V2Scraper - INFO -   Existing points: 23
2026-07-23 13:58:13,394 - V2Scraper - INFO -   RSC: 43 places (23 total unique)
2026-07-23 13:58:13,588 - V2Scraper - INFO - Total extracted: 23 places
2026-07-23 13:58:13,588 - V2Scraper - INFO -   No new points or corrections needed
2026-07-23 13:58:13,589 - V2Scraper - INFO -   No updates needed
2026-07-23 13:58:14,590 - V2Scraper - INFO - 
[152/292] Jellyfish Cant Swim In The Night (X2oUXyn7fGvGuS50lQCn)
2026-07-23 13:58:14,590 - V2Scraper - INFO -   Already exists (ID 6343), checking for updates...
2026-07-23 13:58:14,590 - V2Scraper - INFO -   Existing points: 28
2026-07-23 13:58:15,779 - V2Scraper - INFO -   RSC: 53 places (28 total unique)
2026-07-23 13:58:15,987 - V2Scraper - INFO - Total extracted: 28 places
2026-07-23 13:58:15,988 - V2Scraper - INFO -   No new points or corrections needed
2026-07-23 13:58:15,988 - V2Scraper - INFO -   No updates needed
2026-07-23 13:58:16,988 - V2Scraper - INFO - 
[153/292] Amagi Brilliant Park (X7iF240giFDBUnldbUVY)
2026-07-23 13:58:16,988 - V2Scraper - INFO -   Already exists (ID 6344), checking for updates...
2026-07-23 13:58:16,989 - V2Scraper - INFO -   Existing points: 10
2026-07-23 13:58:18,150 - V2Scraper - INFO -   RSC: 19 places (10 total unique)
2026-07-23 13:58:18,371 - V2Scraper - INFO - Total extracted: 10 places
2026-07-23 13:58:18,372 - V2Scraper - INFO -   No new points or corrections needed
2026-07-23 13:58:18,372 - V2Scraper - INFO -   No updates needed
2026-07-23 13:58:19,373 - V2Scraper - INFO - 
[154/292] Chainsaw Man (XVRPGfPRg2w1rhg6LbJq)
2026-07-23 13:58:19,373 - V2Scraper - INFO -   Already exists (ID 6345), checking for updates...
2026-07-23 13:58:19,373 - V2Scraper - INFO -   Existing points: 4
2026-07-23 13:58:20,530 - V2Scraper - INFO -   RSC: 8 places (4 total unique)
2026-07-23 13:58:20,732 - V2Scraper - INFO - Total extracted: 4 places
2026-07-23 13:58:20,732 - V2Scraper - INFO -   No new points or corrections needed
2026-07-23 13:58:20,732 - V2Scraper - INFO -   No updates needed
2026-07-23 13:58:21,733 - V2Scraper - INFO - 
[155/292] Maebashi Witches (XWNFKfeivPqVqZv9aN0M)
2026-07-23 13:58:21,734 - V2Scraper - INFO -   Already exists (ID 6346), checking for updates...
2026-07-23 13:58:21,734 - V2Scraper - INFO -   Existing points: 61
2026-07-23 13:58:22,868 - V2Scraper - INFO -   RSC: 86 places (61 total unique)
2026-07-23 13:58:23,081 - V2Scraper - INFO - Total extracted: 61 places
2026-07-23 13:58:23,081 - V2Scraper - INFO -   No new points or corrections needed
2026-07-23 13:58:23,081 - V2Scraper - INFO -   No updates needed
2026-07-23 13:58:24,082 - V2Scraper - INFO - 
[156/292] Kaguya Sama The First Kiss That Never Ends (XdDmRhPxTsVDwlmnjOqZ)
2026-07-23 13:58:24,083 - V2Scraper - INFO -   Already exists (ID 6347), checking for updates...
2026-07-23 13:58:24,083 - V2Scraper - INFO -   Existing points: 7
2026-07-23 13:58:25,217 - V2Scraper - INFO -   RSC: 14 places (7 total unique)
2026-07-23 13:58:25,445 - V2Scraper - INFO - Total extracted: 7 places
2026-07-23 13:58:25,445 - V2Scraper - INFO -   No new points or corrections needed
2026-07-23 13:58:25,445 - V2Scraper - INFO -   No updates needed
2026-07-23 13:58:26,447 - V2Scraper - INFO - 
[157/292] Chihayafuru (XdJHcqKxg3G3TekN1V8K)
2026-07-23 13:58:26,447 - V2Scraper - INFO -   Already exists (ID 6348), checking for updates...
2026-07-23 13:58:26,447 - V2Scraper - INFO -   Existing points: 25
2026-07-23 13:58:27,547 - V2Scraper - INFO -   RSC: 50 places (25 total unique)
2026-07-23 13:58:27,763 - V2Scraper - INFO - Total extracted: 25 places
2026-07-23 13:58:27,764 - V2Scraper - INFO -   No new points or corrections needed
2026-07-23 13:58:27,764 - V2Scraper - INFO -   No updates needed
2026-07-23 13:58:28,765 - V2Scraper - INFO - 
[158/292] Rent A Girlfriend 2 (YBki2zmwelxlOa6u2Y2w)
2026-07-23 13:58:28,765 - V2Scraper - INFO -   Already exists (ID 6349), checking for updates...
2026-07-23 13:58:28,766 - V2Scraper - INFO -   Existing points: 30
2026-07-23 13:58:29,895 - V2Scraper - INFO -   RSC: 55 places (30 total unique)
2026-07-23 13:58:30,149 - V2Scraper - INFO - Total extracted: 30 places
2026-07-23 13:58:30,149 - V2Scraper - INFO -   No new points or corrections needed
2026-07-23 13:58:30,149 - V2Scraper - INFO -   No updates needed
2026-07-23 13:58:31,150 - V2Scraper - INFO - 
[159/292] Bungo Stray Dogs (YCv9qvKperWlZqGCGO9G)
2026-07-23 13:58:31,150 - V2Scraper - INFO -   Already exists (ID 6350), checking for updates...
2026-07-23 13:58:31,151 - V2Scraper - INFO -   Existing points: 26
2026-07-23 13:58:32,361 - V2Scraper - INFO -   RSC: 49 places (25 total unique)
2026-07-23 13:58:32,564 - V2Scraper - INFO - Total extracted: 25 places
2026-07-23 13:58:32,565 - V2Scraper - INFO -   No new points or corrections needed
2026-07-23 13:58:32,565 - V2Scraper - INFO -   No updates needed
2026-07-23 13:58:33,566 - V2Scraper - INFO - 
[160/292] Oshi No Ko (YKzUE2kxQL1P1ur9nflL)
2026-07-23 13:58:33,566 - V2Scraper - INFO -   Already exists (ID 6351), checking for updates...
2026-07-23 13:58:33,567 - V2Scraper - INFO -   Existing points: 28
2026-07-23 13:58:34,889 - V2Scraper - INFO -   RSC: 52 places (28 total unique)
2026-07-23 13:58:35,116 - V2Scraper - INFO - Total extracted: 28 places
2026-07-23 13:58:35,116 - V2Scraper - INFO -   No new points or corrections needed
2026-07-23 13:58:35,116 - V2Scraper - INFO -   No updates needed
2026-07-23 13:58:36,117 - V2Scraper - INFO - 
[161/292] Ruri Rocks (YLZiKMcAArdDWFoFtsY4)
2026-07-23 13:58:36,117 - V2Scraper - INFO -   Already exists (ID 6352), checking for updates...
2026-07-23 13:58:36,118 - V2Scraper - INFO -   Existing points: 9
2026-07-23 13:58:37,209 - V2Scraper - INFO -   RSC: 18 places (9 total unique)
2026-07-23 13:58:37,409 - V2Scraper - INFO - Total extracted: 9 places
2026-07-23 13:58:37,409 - V2Scraper - INFO -   No new points or corrections needed
2026-07-23 13:58:37,409 - V2Scraper - INFO -   No updates needed
2026-07-23 13:58:38,411 - V2Scraper - INFO - 
[162/292] You And I Are Polar Opposites (YXVReUNqOt4ymGmp6Ymh)
2026-07-23 13:58:38,411 - V2Scraper - INFO -   Already exists (ID 6353), checking for updates...
2026-07-23 13:58:38,411 - V2Scraper - INFO -   Existing points: 44
2026-07-23 13:58:39,532 - V2Scraper - INFO -   RSC: 68 places (44 total unique)
2026-07-23 13:58:39,736 - V2Scraper - INFO - Total extracted: 44 places
2026-07-23 13:58:39,736 - V2Scraper - INFO -   No new points or corrections needed
2026-07-23 13:58:39,736 - V2Scraper - INFO -   No updates needed
2026-07-23 13:58:40,737 - V2Scraper - INFO - 
[163/292] Free (YfZUuOQaiVpbuWXQXNt3)
2026-07-23 13:58:40,738 - V2Scraper - INFO -   Already exists (ID 6354), checking for updates...
2026-07-23 13:58:40,738 - V2Scraper - INFO -   Existing points: 29
2026-07-23 13:58:41,823 - V2Scraper - INFO -   RSC: 54 places (29 total unique)
2026-07-23 13:58:42,035 - V2Scraper - INFO - Total extracted: 29 places
2026-07-23 13:58:42,036 - V2Scraper - INFO -   No new points or corrections needed
2026-07-23 13:58:42,036 - V2Scraper - INFO -   No updates needed
2026-07-23 13:58:43,037 - V2Scraper - INFO - 
[164/292] The Ramparts Of Ice (YxP1yJDVqlWieMLbNmlQ)
2026-07-23 13:58:43,037 - V2Scraper - INFO -   Already exists (ID 6916), checking for updates...
2026-07-23 13:58:43,038 - V2Scraper - INFO -   Existing points: 8
2026-07-23 13:58:44,153 - V2Scraper - INFO -   RSC: 24 places (8 total unique)
2026-07-23 13:58:44,371 - V2Scraper - INFO -   Posts API: 8 user-uploaded places
2026-07-23 13:58:44,371 - V2Scraper - INFO -   API: 8 user-uploaded places (8 total unique)
2026-07-23 13:58:44,371 - V2Scraper - INFO - Total extracted: 8 places
2026-07-23 13:58:44,371 - V2Scraper - INFO -   No new points or corrections needed
2026-07-23 13:58:44,371 - V2Scraper - INFO -   No updates needed
2026-07-23 13:58:45,373 - V2Scraper - INFO - 
[165/292] Steins Gate Movie (ZH0zqKiaPk9CiGpashc9)
2026-07-23 13:58:45,373 - V2Scraper - INFO -   Already exists (ID 6355), checking for updates...
2026-07-23 13:58:45,373 - V2Scraper - INFO -   Existing points: 25
2026-07-23 13:58:46,546 - V2Scraper - INFO -   RSC: 49 places (25 total unique)
2026-07-23 13:58:46,750 - V2Scraper - INFO - Total extracted: 25 places
2026-07-23 13:58:46,750 - V2Scraper - INFO -   No new points or corrections needed
2026-07-23 13:58:46,750 - V2Scraper - INFO -   No updates needed
2026-07-23 13:58:47,751 - V2Scraper - INFO - 
[166/292] Digimon Adventure (ZUDKPLIyHJa5yQs8fBcs)
2026-07-23 13:58:47,752 - V2Scraper - INFO -   Already exists (ID 6356), checking for updates...
2026-07-23 13:58:47,752 - V2Scraper - INFO -   Existing points: 28
2026-07-23 13:58:48,961 - V2Scraper - INFO -   RSC: 53 places (28 total unique)
2026-07-23 13:58:49,168 - V2Scraper - INFO - Total extracted: 28 places
2026-07-23 13:58:49,168 - V2Scraper - INFO -   No new points or corrections needed
2026-07-23 13:58:49,168 - V2Scraper - INFO -   No updates needed
2026-07-23 13:58:50,169 - V2Scraper - INFO - 
[167/292] Zom 100 (ZqtTUmgvqV5KPwgxSndw)
2026-07-23 13:58:50,170 - V2Scraper - INFO -   Already exists (ID 6357), checking for updates...
2026-07-23 13:58:50,170 - V2Scraper - INFO -   Existing points: 20
2026-07-23 13:58:51,318 - V2Scraper - INFO -   RSC: 42 places (21 total unique)
2026-07-23 13:58:51,528 - V2Scraper - INFO -   Posts API: 1 user-uploaded places
2026-07-23 13:58:51,528 - V2Scraper - INFO -   API: 1 user-uploaded places (21 total unique)
2026-07-23 13:58:51,528 - V2Scraper - INFO - Total extracted: 21 places
2026-07-23 13:58:51,528 - V2Scraper - INFO -   Found 1 new points!
2026-07-23 13:58:53,757 - V2Scraper - INFO -   ✅ +1 new points
2026-07-23 13:58:54,758 - V2Scraper - INFO - 
[168/292] Josee The Tiger And The Fish (aDbXS20p1mWrKQDEVsGp)
2026-07-23 13:58:54,758 - V2Scraper - INFO -   Already exists (ID 6358), checking for updates...
2026-07-23 13:58:54,759 - V2Scraper - INFO -   Existing points: 50
2026-07-23 13:58:55,907 - V2Scraper - INFO -   RSC: 75 places (50 total unique)
2026-07-23 13:58:56,111 - V2Scraper - INFO - Total extracted: 50 places
2026-07-23 13:58:56,112 - V2Scraper - INFO -   No new points or corrections needed
2026-07-23 13:58:56,112 - V2Scraper - INFO -   No updates needed
2026-07-23 13:58:57,113 - V2Scraper - INFO - 
[169/292] Yuki Yuna Is A Hero (aP1aVTrFoL1IrIBr5mPu)
2026-07-23 13:58:57,113 - V2Scraper - INFO -   Already exists (ID 6359), checking for updates...
2026-07-23 13:58:57,114 - V2Scraper - INFO -   Existing points: 30
2026-07-23 13:58:58,319 - V2Scraper - INFO -   RSC: 55 places (30 total unique)
2026-07-23 13:58:58,518 - V2Scraper - INFO - Total extracted: 30 places
2026-07-23 13:58:58,519 - V2Scraper - INFO -   No new points or corrections needed
2026-07-23 13:58:58,519 - V2Scraper - INFO -   No updates needed
2026-07-23 13:58:59,520 - V2Scraper - INFO - 
[170/292] Fruits Basket 1 (an4vmYqXjc70Pt2uzo7B)
2026-07-23 13:58:59,520 - V2Scraper - INFO -   Already exists (ID 6360), checking for updates...
2026-07-23 13:58:59,521 - V2Scraper - INFO -   Existing points: 35
2026-07-23 13:59:00,652 - V2Scraper - INFO -   RSC: 59 places (35 total unique)
2026-07-23 13:59:00,852 - V2Scraper - INFO - Total extracted: 35 places
2026-07-23 13:59:00,852 - V2Scraper - INFO -   No new points or corrections needed
2026-07-23 13:59:00,852 - V2Scraper - INFO -   No updates needed
2026-07-23 13:59:01,854 - V2Scraper - INFO - 
[171/292] Tougen Anki (asOr7rG7F3lvkRfna2Ll)
2026-07-23 13:59:01,854 - V2Scraper - INFO -   Already exists (ID 6361), checking for updates...
2026-07-23 13:59:01,854 - V2Scraper - INFO -   Existing points: 18
2026-07-23 13:59:03,066 - V2Scraper - INFO -   RSC: 36 places (18 total unique)
2026-07-23 13:59:03,289 - V2Scraper - INFO - Total extracted: 18 places
2026-07-23 13:59:03,290 - V2Scraper - INFO -   No new points or corrections needed
2026-07-23 13:59:03,290 - V2Scraper - INFO -   No updates needed
2026-07-23 13:59:04,291 - V2Scraper - INFO - 
[172/292] Sound Euphonium 2 (az2BetKCI9giur5x30E0)
2026-07-23 13:59:04,291 - V2Scraper - INFO -   Already exists (ID 6362), checking for updates...
2026-07-23 13:59:04,292 - V2Scraper - INFO -   Existing points: 33
2026-07-23 13:59:05,421 - V2Scraper - INFO -   RSC: 57 places (33 total unique)
2026-07-23 13:59:05,615 - V2Scraper - INFO - Total extracted: 33 places
2026-07-23 13:59:05,615 - V2Scraper - INFO -   No new points or corrections needed
2026-07-23 13:59:05,615 - V2Scraper - INFO -   No updates needed
2026-07-23 13:59:06,616 - V2Scraper - INFO - 
[173/292] Those Snow White Notes (bF9RdGQEUVWNJs47GnWL)
2026-07-23 13:59:06,617 - V2Scraper - INFO -   Already exists (ID 6363), checking for updates...
2026-07-23 13:59:06,617 - V2Scraper - INFO -   Existing points: 5
2026-07-23 13:59:07,778 - V2Scraper - INFO -   RSC: 10 places (5 total unique)
2026-07-23 13:59:07,978 - V2Scraper - INFO - Total extracted: 5 places
2026-07-23 13:59:07,979 - V2Scraper - INFO -   No new points or corrections needed
2026-07-23 13:59:07,979 - V2Scraper - INFO -   No updates needed
2026-07-23 13:59:08,980 - V2Scraper - INFO - 
[174/292] Uzaki Chan Wants To Hang Out (bFRLibDIg7vZl0RKsplj)
2026-07-23 13:59:08,980 - V2Scraper - INFO -   Already exists (ID 6364), checking for updates...
2026-07-23 13:59:08,980 - V2Scraper - INFO -   Existing points: 8
2026-07-23 13:59:10,042 - V2Scraper - INFO -   RSC: 16 places (8 total unique)
2026-07-23 13:59:10,246 - V2Scraper - INFO - Total extracted: 8 places
2026-07-23 13:59:10,246 - V2Scraper - INFO -   No new points or corrections needed
2026-07-23 13:59:10,246 - V2Scraper - INFO -   No updates needed
2026-07-23 13:59:11,247 - V2Scraper - INFO - 
[175/292] Love Chunibyo Other Delusions 2 (bYiMGbhWsrGctQyqWXdr)
2026-07-23 13:59:11,247 - V2Scraper - INFO -   Already exists (ID 6365), checking for updates...
2026-07-23 13:59:11,248 - V2Scraper - INFO -   Existing points: 66
2026-07-23 13:59:12,448 - V2Scraper - INFO -   RSC: 89 places (65 total unique)
2026-07-23 13:59:12,651 - V2Scraper - INFO - Total extracted: 65 places
2026-07-23 13:59:12,652 - V2Scraper - INFO -   No new points or corrections needed
2026-07-23 13:59:12,652 - V2Scraper - INFO -   No updates needed
2026-07-23 13:59:13,653 - V2Scraper - INFO - 
[176/292] Initial D Legend 3 (bfmIPuWLk9usCZzBUOgC)
2026-07-23 13:59:13,653 - V2Scraper - INFO -   Already exists (ID 6366), checking for updates...
2026-07-23 13:59:13,654 - V2Scraper - INFO -   Existing points: 32
2026-07-23 13:59:14,744 - V2Scraper - INFO -   RSC: 57 places (32 total unique)
2026-07-23 13:59:14,937 - V2Scraper - INFO - Total extracted: 32 places
2026-07-23 13:59:14,938 - V2Scraper - INFO -   No new points or corrections needed
2026-07-23 13:59:14,938 - V2Scraper - INFO -   No updates needed
2026-07-23 13:59:15,939 - V2Scraper - INFO - 
[177/292] Love Live 2 (bqcf5pBXd5nYTZrUrMN8)
2026-07-23 13:59:15,939 - V2Scraper - INFO -   Already exists (ID 6367), checking for updates...
2026-07-23 13:59:15,940 - V2Scraper - INFO -   Existing points: 32
2026-07-23 13:59:17,249 - V2Scraper - INFO -   RSC: 57 places (32 total unique)
2026-07-23 13:59:17,452 - V2Scraper - INFO - Total extracted: 32 places
2026-07-23 13:59:17,452 - V2Scraper - INFO -   No new points or corrections needed
2026-07-23 13:59:17,453 - V2Scraper - INFO -   No updates needed
2026-07-23 13:59:18,454 - V2Scraper - INFO - 
[178/292] Oomuro Ke Dear Sisters (cOpLn7qXUh2P78M0fIhs)
2026-07-23 13:59:18,454 - V2Scraper - INFO -   Already exists (ID 6368), checking for updates...
2026-07-23 13:59:18,454 - V2Scraper - INFO -   Existing points: 30
2026-07-23 13:59:19,564 - V2Scraper - INFO -   RSC: 54 places (30 total unique)
2026-07-23 13:59:19,759 - V2Scraper - INFO - Total extracted: 30 places
2026-07-23 13:59:19,760 - V2Scraper - INFO -   No new points or corrections needed
2026-07-23 13:59:19,760 - V2Scraper - INFO -   No updates needed
2026-07-23 13:59:20,761 - V2Scraper - INFO - 
[179/292] Rascal Does Not Dream Of A Sister Venturing Out (dJ4Fiyk6ExLMmNqCnuIL)
2026-07-23 13:59:20,761 - V2Scraper - INFO -   Already exists (ID 6369), checking for updates...
2026-07-23 13:59:20,762 - V2Scraper - INFO -   Existing points: 18
2026-07-23 13:59:22,058 - V2Scraper - INFO -   RSC: 36 places (18 total unique)
2026-07-23 13:59:22,262 - V2Scraper - INFO - Total extracted: 18 places
2026-07-23 13:59:22,262 - V2Scraper - INFO -   No new points or corrections needed
2026-07-23 13:59:22,262 - V2Scraper - INFO -   No updates needed
2026-07-23 13:59:23,263 - V2Scraper - INFO - 
[180/292] Elfen Lied (dVXVd9lm3POCaTrhbN8e)
2026-07-23 13:59:23,264 - V2Scraper - INFO -   Already exists (ID 6370), checking for updates...
2026-07-23 13:59:23,264 - V2Scraper - INFO -   Existing points: 24
2026-07-23 13:59:24,396 - V2Scraper - INFO -   RSC: 47 places (24 total unique)
2026-07-23 13:59:24,591 - V2Scraper - INFO - Total extracted: 24 places
2026-07-23 13:59:24,591 - V2Scraper - INFO -   No new points or corrections needed
2026-07-23 13:59:24,591 - V2Scraper - INFO -   No updates needed
2026-07-23 13:59:25,593 - V2Scraper - INFO - 
[181/292] Her Blue Sky (dfteHvtxljaQQWkj7Kdy)
2026-07-23 13:59:25,593 - V2Scraper - INFO -   Already exists (ID 6371), checking for updates...
2026-07-23 13:59:25,593 - V2Scraper - INFO -   Existing points: 18
2026-07-23 13:59:26,683 - V2Scraper - INFO -   RSC: 36 places (18 total unique)
2026-07-23 13:59:26,883 - V2Scraper - INFO - Total extracted: 18 places
2026-07-23 13:59:26,884 - V2Scraper - INFO -   No new points or corrections needed
2026-07-23 13:59:26,884 - V2Scraper - INFO -   No updates needed
2026-07-23 13:59:27,885 - V2Scraper - INFO - 
[182/292] Your Name (dmrJFiEnWhEOYhhISwFi)
2026-07-23 13:59:27,885 - V2Scraper - INFO -   Already exists (ID 6372), checking for updates...
2026-07-23 13:59:27,886 - V2Scraper - INFO -   Existing points: 44
2026-07-23 13:59:28,990 - V2Scraper - INFO -   RSC: 67 places (43 total unique)
2026-07-23 13:59:29,194 - V2Scraper - INFO -   Posts API: 1 user-uploaded places
2026-07-23 13:59:29,194 - V2Scraper - INFO -   API: 1 user-uploaded places (43 total unique)
2026-07-23 13:59:29,194 - V2Scraper - INFO - Total extracted: 43 places
2026-07-23 13:59:29,194 - V2Scraper - INFO -   No new points or corrections needed
2026-07-23 13:59:29,195 - V2Scraper - INFO -   No updates needed
2026-07-23 13:59:30,196 - V2Scraper - INFO - 
[183/292] Yaiba (e2eUeiRSW5QyEbEOq8k6)
2026-07-23 13:59:30,196 - V2Scraper - INFO -   Already exists (ID 6373), checking for updates...
2026-07-23 13:59:30,197 - V2Scraper - INFO -   Existing points: 51
2026-07-23 13:59:31,346 - V2Scraper - INFO -   RSC: 76 places (51 total unique)
2026-07-23 13:59:31,547 - V2Scraper - INFO - Total extracted: 51 places
2026-07-23 13:59:31,547 - V2Scraper - INFO -   No new points or corrections needed
2026-07-23 13:59:31,547 - V2Scraper - INFO -   No updates needed
2026-07-23 13:59:32,549 - V2Scraper - INFO - 
[184/292] Needy Girl Overdose (e6Jvn7LM2stwCIRdcYoo)
2026-07-23 13:59:32,549 - V2Scraper - INFO -   Already exists (ID 6374), checking for updates...
2026-07-23 13:59:32,549 - V2Scraper - INFO -   Existing points: 6
2026-07-23 13:59:33,673 - V2Scraper - INFO -   RSC: 12 places (6 total unique)
2026-07-23 13:59:33,901 - V2Scraper - INFO - Total extracted: 6 places
2026-07-23 13:59:33,901 - V2Scraper - INFO -   No new points or corrections needed
2026-07-23 13:59:33,901 - V2Scraper - INFO -   No updates needed
2026-07-23 13:59:34,902 - V2Scraper - INFO - 
[185/292] A Whisker Away (eATSGEuD8XRUlDLY55lV)
2026-07-23 13:59:34,902 - V2Scraper - INFO -   Already exists (ID 6375), checking for updates...
2026-07-23 13:59:34,903 - V2Scraper - INFO -   Existing points: 33
2026-07-23 13:59:35,967 - V2Scraper - INFO -   RSC: 58 places (33 total unique)
2026-07-23 13:59:36,161 - V2Scraper - INFO - Total extracted: 33 places
2026-07-23 13:59:36,162 - V2Scraper - INFO -   No new points or corrections needed
2026-07-23 13:59:36,162 - V2Scraper - INFO -   No updates needed
2026-07-23 13:59:37,163 - V2Scraper - INFO - 
[186/292] Bottom Tier Character Tomozaki (eHyev9i9uF8t1YZFk8B7)
2026-07-23 13:59:37,163 - V2Scraper - INFO -   Already exists (ID 6376), checking for updates...
2026-07-23 13:59:37,164 - V2Scraper - INFO -   Existing points: 58
2026-07-23 13:59:38,303 - V2Scraper - INFO -   RSC: 82 places (57 total unique)
2026-07-23 13:59:38,509 - V2Scraper - INFO - Total extracted: 57 places
2026-07-23 13:59:38,510 - V2Scraper - INFO -   No new points or corrections needed
2026-07-23 13:59:38,510 - V2Scraper - INFO -   No updates needed
2026-07-23 13:59:39,511 - V2Scraper - INFO - 
[187/292] Persona 3 (eOFDk1EdVZaxVlVPQHWZ)
2026-07-23 13:59:39,511 - V2Scraper - INFO -   Already exists (ID 6377), checking for updates...
2026-07-23 13:59:39,512 - V2Scraper - INFO -   Existing points: 9
2026-07-23 13:59:40,752 - V2Scraper - INFO -   RSC: 18 places (9 total unique)
2026-07-23 13:59:40,964 - V2Scraper - INFO - Total extracted: 9 places
2026-07-23 13:59:40,964 - V2Scraper - INFO -   No new points or corrections needed
2026-07-23 13:59:40,964 - V2Scraper - INFO -   No updates needed
2026-07-23 13:59:41,966 - V2Scraper - INFO - 
[188/292] Witch Watch (eTYFt3lapy3A9mc0TLED)
2026-07-23 13:59:41,966 - V2Scraper - INFO -   Already exists (ID 6378), checking for updates...
2026-07-23 13:59:41,967 - V2Scraper - INFO -   Existing points: 24
2026-07-23 13:59:43,039 - V2Scraper - INFO -   RSC: 48 places (24 total unique)
2026-07-23 13:59:43,237 - V2Scraper - INFO - Total extracted: 24 places
2026-07-23 13:59:43,237 - V2Scraper - INFO -   No new points or corrections needed
2026-07-23 13:59:43,238 - V2Scraper - INFO -   No updates needed
2026-07-23 13:59:44,239 - V2Scraper - INFO - 
[189/292] Wolf Children (eYYabtope1MjwWUbzTSm)
2026-07-23 13:59:44,239 - V2Scraper - INFO -   Already exists (ID 6379), checking for updates...
2026-07-23 13:59:44,239 - V2Scraper - INFO -   Existing points: 19
2026-07-23 13:59:45,428 - V2Scraper - INFO -   RSC: 38 places (19 total unique)
2026-07-23 13:59:45,630 - V2Scraper - INFO - Total extracted: 19 places
2026-07-23 13:59:45,630 - V2Scraper - INFO -   No new points or corrections needed
2026-07-23 13:59:45,631 - V2Scraper - INFO -   No updates needed
2026-07-23 13:59:46,632 - V2Scraper - INFO - 
[190/292] Ocean Waves (elMjTgqvqmXjY2mYsP97)
2026-07-23 13:59:46,632 - V2Scraper - INFO -   Already exists (ID 6380), checking for updates...
2026-07-23 13:59:46,632 - V2Scraper - INFO -   Existing points: 19
2026-07-23 13:59:47,728 - V2Scraper - INFO -   RSC: 38 places (19 total unique)
2026-07-23 13:59:47,935 - V2Scraper - INFO - Total extracted: 19 places
2026-07-23 13:59:47,936 - V2Scraper - INFO -   No new points or corrections needed
2026-07-23 13:59:47,936 - V2Scraper - INFO -   No updates needed
2026-07-23 13:59:48,937 - V2Scraper - INFO - 
[191/292] Tokyo Revengers 2 (f8AAZWCp5tY6ZpCmYqht)
2026-07-23 13:59:48,937 - V2Scraper - INFO -   Already exists (ID 6381), checking for updates...
2026-07-23 13:59:48,938 - V2Scraper - INFO -   Existing points: 28
2026-07-23 13:59:50,077 - V2Scraper - INFO -   RSC: 52 places (28 total unique)
2026-07-23 13:59:50,288 - V2Scraper - INFO - Total extracted: 28 places
2026-07-23 13:59:50,289 - V2Scraper - INFO -   No new points or corrections needed
2026-07-23 13:59:50,289 - V2Scraper - INFO -   No updates needed
2026-07-23 13:59:51,290 - V2Scraper - INFO - 
[192/292] Oblivion Battery (fLKThLDZdxneAY7q3XXq)
2026-07-23 13:59:51,290 - V2Scraper - INFO -   Already exists (ID 6382), checking for updates...
2026-07-23 13:59:51,291 - V2Scraper - INFO -   Existing points: 22
2026-07-23 13:59:52,421 - V2Scraper - INFO -   RSC: 43 places (22 total unique)
2026-07-23 13:59:52,618 - V2Scraper - INFO - Total extracted: 22 places
2026-07-23 13:59:52,618 - V2Scraper - INFO -   No new points or corrections needed
2026-07-23 13:59:52,618 - V2Scraper - INFO -   No updates needed
2026-07-23 13:59:53,619 - V2Scraper - INFO - 
[193/292] Saga Of Tanya The Evil (fNMHHPGHtnQ928juROn7)
2026-07-23 13:59:53,619 - V2Scraper - INFO -   Already exists (ID 6920), checking for updates...
2026-07-23 13:59:53,620 - V2Scraper - INFO -   Existing points: 3
2026-07-23 13:59:54,650 - V2Scraper - INFO -   RSC: 9 places (3 total unique)
2026-07-23 13:59:54,860 - V2Scraper - INFO -   Posts API: 3 user-uploaded places
2026-07-23 13:59:54,860 - V2Scraper - INFO -   API: 3 user-uploaded places (3 total unique)
2026-07-23 13:59:54,860 - V2Scraper - INFO - Total extracted: 3 places
2026-07-23 13:59:54,860 - V2Scraper - INFO -   No new points or corrections needed
2026-07-23 13:59:54,861 - V2Scraper - INFO -   No updates needed
2026-07-23 13:59:55,862 - V2Scraper - INFO - 
[194/292] Bocchi The Rock (g2gEzS0je4xmz8DFES7D)
2026-07-23 13:59:55,862 - V2Scraper - INFO -   Already exists (ID 6383), checking for updates...
2026-07-23 13:59:55,863 - V2Scraper - INFO -   Existing points: 50
2026-07-23 13:59:57,108 - V2Scraper - INFO -   RSC: 72 places (50 total unique)
2026-07-23 13:59:57,307 - V2Scraper - INFO - Total extracted: 50 places
2026-07-23 13:59:57,307 - V2Scraper - INFO -   No new points or corrections needed
2026-07-23 13:59:57,307 - V2Scraper - INFO -   No updates needed
2026-07-23 13:59:58,309 - V2Scraper - INFO - 
[195/292] Summer Time Rendering (g9pK7gNqpx18yyjFSqoO)
2026-07-23 13:59:58,309 - V2Scraper - INFO -   Already exists (ID 6384), checking for updates...
2026-07-23 13:59:58,309 - V2Scraper - INFO -   Existing points: 9
2026-07-23 13:59:59,409 - V2Scraper - INFO -   RSC: 16 places (8 total unique)
2026-07-23 13:59:59,607 - V2Scraper - INFO - Total extracted: 8 places
2026-07-23 13:59:59,607 - V2Scraper - INFO -   No new points or corrections needed
2026-07-23 13:59:59,607 - V2Scraper - INFO -   No updates needed
2026-07-23 14:00:00,608 - V2Scraper - INFO - 
[196/292] Yuruyuri 3 (gHpRNAYSCHIMongJ2V81)
2026-07-23 14:00:00,608 - V2Scraper - INFO -   Already exists (ID 6385), checking for updates...
2026-07-23 14:00:00,609 - V2Scraper - INFO -   Existing points: 65
2026-07-23 14:00:01,806 - V2Scraper - INFO -   RSC: 88 places (63 total unique)
2026-07-23 14:00:02,049 - V2Scraper - INFO - Total extracted: 63 places
2026-07-23 14:00:02,050 - V2Scraper - INFO -   No new points or corrections needed
2026-07-23 14:00:02,050 - V2Scraper - INFO -   No updates needed
2026-07-23 14:00:03,051 - V2Scraper - INFO - 
[197/292] Bang Dream 3 (gVF2NS4J6Yu9j3raEFQ8)
2026-07-23 14:00:03,051 - V2Scraper - INFO -   Already exists (ID 6386), checking for updates...
2026-07-23 14:00:03,052 - V2Scraper - INFO -   Existing points: 22
2026-07-23 14:00:04,176 - V2Scraper - INFO -   RSC: 44 places (22 total unique)
2026-07-23 14:00:04,375 - V2Scraper - INFO - Total extracted: 22 places
2026-07-23 14:00:04,376 - V2Scraper - INFO -   No new points or corrections needed
2026-07-23 14:00:04,376 - V2Scraper - INFO -   No updates needed
2026-07-23 14:00:05,377 - V2Scraper - INFO - 
[198/292] Spirited Away (gfatdW6fL22KIsoTUgDj)
2026-07-23 14:00:05,377 - V2Scraper - INFO -   Already exists (ID 6387), checking for updates...
2026-07-23 14:00:05,378 - V2Scraper - INFO -   Existing points: 6
2026-07-23 14:00:06,459 - V2Scraper - INFO -   RSC: 12 places (6 total unique)
2026-07-23 14:00:06,670 - V2Scraper - INFO - Total extracted: 6 places
2026-07-23 14:00:06,670 - V2Scraper - INFO -   No new points or corrections needed
2026-07-23 14:00:06,671 - V2Scraper - INFO -   No updates needed
2026-07-23 14:00:07,672 - V2Scraper - INFO - 
[199/292] The Colors Within (gnhSJEY51xYcpeeuQw0W)
2026-07-23 14:00:07,672 - V2Scraper - INFO -   Already exists (ID 6388), checking for updates...
2026-07-23 14:00:07,672 - V2Scraper - INFO -   Existing points: 19
2026-07-23 14:00:08,730 - V2Scraper - INFO -   RSC: 37 places (19 total unique)
2026-07-23 14:00:08,928 - V2Scraper - INFO - Total extracted: 19 places
2026-07-23 14:00:08,928 - V2Scraper - INFO -   No new points or corrections needed
2026-07-23 14:00:08,928 - V2Scraper - INFO -   No updates needed
2026-07-23 14:00:09,930 - V2Scraper - INFO - 
[200/292] Oshi No Ko 3 (hXT39kYUcusxwt3QStKh)
2026-07-23 14:00:09,930 - V2Scraper - INFO -   Already exists (ID 6389), checking for updates...
2026-07-23 14:00:09,930 - V2Scraper - INFO -   Existing points: 36
2026-07-23 14:00:11,328 - V2Scraper - INFO -   RSC: 60 places (36 total unique)
2026-07-23 14:00:11,530 - V2Scraper - INFO - Total extracted: 36 places
2026-07-23 14:00:11,530 - V2Scraper - INFO -   No new points or corrections needed
2026-07-23 14:00:11,530 - V2Scraper - INFO -   No updates needed
2026-07-23 14:00:12,532 - V2Scraper - INFO - 
[201/292] Miss Kobayashis Dragon Maid S (hauIqGQ1sDCVeCPDckoq)
2026-07-23 14:00:12,532 - V2Scraper - INFO -   Already exists (ID 6390), checking for updates...
2026-07-23 14:00:12,532 - V2Scraper - INFO -   Existing points: 42
2026-07-23 14:00:13,667 - V2Scraper - INFO -   RSC: 66 places (41 total unique)
2026-07-23 14:00:13,865 - V2Scraper - INFO - Total extracted: 41 places
2026-07-23 14:00:13,865 - V2Scraper - INFO -   No new points or corrections needed
2026-07-23 14:00:13,866 - V2Scraper - INFO -   No updates needed
2026-07-23 14:00:14,867 - V2Scraper - INFO - 
[202/292] Miss Kobayashis Dragon Maid (hmNbdtY6sluh6dGbGpm3)
2026-07-23 14:00:14,867 - V2Scraper - INFO -   Already exists (ID 6391), checking for updates...
2026-07-23 14:00:14,867 - V2Scraper - INFO -   Existing points: 38
2026-07-23 14:00:16,011 - V2Scraper - INFO -   RSC: 62 places (38 total unique)
2026-07-23 14:00:16,214 - V2Scraper - INFO - Total extracted: 38 places
2026-07-23 14:00:16,214 - V2Scraper - INFO -   No new points or corrections needed
2026-07-23 14:00:16,214 - V2Scraper - INFO -   No updates needed
2026-07-23 14:00:17,216 - V2Scraper - INFO - 
[203/292] The Boy And The Beast (hqPCsA4gKBp9C7fvz7hY)
2026-07-23 14:00:17,216 - V2Scraper - INFO -   Already exists (ID 6392), checking for updates...
2026-07-23 14:00:17,216 - V2Scraper - INFO -   Existing points: 27
2026-07-23 14:00:18,361 - V2Scraper - INFO -   RSC: 51 places (27 total unique)
2026-07-23 14:00:18,568 - V2Scraper - INFO - Total extracted: 27 places
2026-07-23 14:00:18,569 - V2Scraper - INFO -   No new points or corrections needed
2026-07-23 14:00:18,569 - V2Scraper - INFO -   No updates needed
2026-07-23 14:00:19,570 - V2Scraper - INFO - 
[204/292] Uma Musume Pretty Derby 2 (hsFZfXhfP8gdRz84gTye)
2026-07-23 14:00:19,570 - V2Scraper - INFO -   Already exists (ID 6393), checking for updates...
2026-07-23 14:00:19,571 - V2Scraper - INFO -   Existing points: 21
2026-07-23 14:00:20,822 - V2Scraper - INFO -   RSC: 41 places (21 total unique)
2026-07-23 14:00:21,036 - V2Scraper - INFO - Total extracted: 21 places
2026-07-23 14:00:21,037 - V2Scraper - INFO -   No new points or corrections needed
2026-07-23 14:00:21,037 - V2Scraper - INFO -   No updates needed
2026-07-23 14:00:22,038 - V2Scraper - INFO - 
[205/292] The Future Diary (hwW14Gkf0CN9vhzRPbYc)
2026-07-23 14:00:22,038 - V2Scraper - INFO -   Already exists (ID 6394), checking for updates...
2026-07-23 14:00:22,039 - V2Scraper - INFO -   Existing points: 29
2026-07-23 14:00:23,152 - V2Scraper - INFO -   RSC: 54 places (29 total unique)
2026-07-23 14:00:23,364 - V2Scraper - INFO - Total extracted: 29 places
2026-07-23 14:00:23,364 - V2Scraper - INFO -   No new points or corrections needed
2026-07-23 14:00:23,364 - V2Scraper - INFO -   No updates needed
2026-07-23 14:00:24,365 - V2Scraper - INFO - 
[206/292] Yuruyuri 2 (iLiYixvGMH8yz6t05Pq4)
2026-07-23 14:00:24,366 - V2Scraper - INFO -   Already exists (ID 6395), checking for updates...
2026-07-23 14:00:24,366 - V2Scraper - INFO -   Existing points: 18
2026-07-23 14:00:25,713 - V2Scraper - INFO -   RSC: 36 places (18 total unique)
2026-07-23 14:00:25,916 - V2Scraper - INFO - Total extracted: 18 places
2026-07-23 14:00:25,916 - V2Scraper - INFO -   No new points or corrections needed
2026-07-23 14:00:25,916 - V2Scraper - INFO -   No updates needed
2026-07-23 14:00:26,917 - V2Scraper - INFO - 
[207/292] Dagashi Kashi (iQWqPKVd1tNdZsl8aRyC)
2026-07-23 14:00:26,918 - V2Scraper - INFO -   Already exists (ID 6396), checking for updates...
2026-07-23 14:00:26,918 - V2Scraper - INFO -   Existing points: 17
2026-07-23 14:00:28,116 - V2Scraper - INFO -   RSC: 34 places (17 total unique)
2026-07-23 14:00:28,333 - V2Scraper - INFO - Total extracted: 17 places
2026-07-23 14:00:28,334 - V2Scraper - INFO -   No new points or corrections needed
2026-07-23 14:00:28,334 - V2Scraper - INFO -   No updates needed
2026-07-23 14:00:29,335 - V2Scraper - INFO - 
[208/292] Digimon Adventure Tri 1 (idAF9GEfrCSbo8Sbhe0Q)
2026-07-23 14:00:29,335 - V2Scraper - INFO -   Already exists (ID 6397), checking for updates...
2026-07-23 14:00:29,336 - V2Scraper - INFO -   Existing points: 23
2026-07-23 14:00:30,414 - V2Scraper - INFO -   RSC: 45 places (23 total unique)
2026-07-23 14:00:30,634 - V2Scraper - INFO - Total extracted: 23 places
2026-07-23 14:00:30,635 - V2Scraper - INFO -   No new points or corrections needed
2026-07-23 14:00:30,635 - V2Scraper - INFO -   No updates needed
2026-07-23 14:00:31,636 - V2Scraper - INFO - 
[209/292] Kaguya Sama Ultra Romantic (idEzZDys0LEn47JFbEbU)
2026-07-23 14:00:31,636 - V2Scraper - INFO -   Already exists (ID 6398), checking for updates...
2026-07-23 14:00:31,637 - V2Scraper - INFO -   Existing points: 7
2026-07-23 14:00:32,775 - V2Scraper - INFO -   RSC: 14 places (7 total unique)
2026-07-23 14:00:32,978 - V2Scraper - INFO - Total extracted: 7 places
2026-07-23 14:00:32,978 - V2Scraper - INFO -   No new points or corrections needed
2026-07-23 14:00:32,978 - V2Scraper - INFO -   No updates needed
2026-07-23 14:00:33,979 - V2Scraper - INFO - 
[210/292] Grand Blue Dreaming (ioOXlHX29aVhPwnrSHCM)
2026-07-23 14:00:33,979 - V2Scraper - INFO -   Already exists (ID 6399), checking for updates...
2026-07-23 14:00:33,980 - V2Scraper - INFO -   Existing points: 12
2026-07-23 14:00:35,266 - V2Scraper - INFO -   RSC: 23 places (12 total unique)
2026-07-23 14:00:35,487 - V2Scraper - INFO - Total extracted: 12 places
2026-07-23 14:00:35,488 - V2Scraper - INFO -   No new points or corrections needed
2026-07-23 14:00:35,488 - V2Scraper - INFO -   No updates needed
2026-07-23 14:00:36,489 - V2Scraper - INFO - 
[211/292] Mono (ioWpeqYHXVrxmoYR2Q4S)
2026-07-23 14:00:36,489 - V2Scraper - INFO -   Already exists (ID 6400), checking for updates...
2026-07-23 14:00:36,490 - V2Scraper - INFO -   Existing points: 181
2026-07-23 14:00:37,758 - V2Scraper - INFO -   RSC: 201 places (176 total unique)
2026-07-23 14:00:37,966 - V2Scraper - INFO - Total extracted: 176 places
2026-07-23 14:00:37,967 - V2Scraper - INFO -   No new points or corrections needed
2026-07-23 14:00:37,968 - V2Scraper - INFO -   No updates needed
2026-07-23 14:00:38,969 - V2Scraper - INFO - 
[212/292] The Dangers In My Heart (ixBmE5zoDtYosQdmGw6J)
2026-07-23 14:00:38,969 - V2Scraper - INFO -   Already exists (ID 6401), checking for updates...
2026-07-23 14:00:38,970 - V2Scraper - INFO -   Existing points: 25
2026-07-23 14:00:40,105 - V2Scraper - INFO -   RSC: 49 places (25 total unique)
2026-07-23 14:00:40,309 - V2Scraper - INFO - Total extracted: 25 places
2026-07-23 14:00:40,309 - V2Scraper - INFO -   No new points or corrections needed
2026-07-23 14:00:40,309 - V2Scraper - INFO -   No updates needed
2026-07-23 14:00:41,310 - V2Scraper - INFO - 
[213/292] The Girl I Like Forgot Her Glasses (jGaml1L9OKXYk9VQrvPz)
2026-07-23 14:00:41,311 - V2Scraper - INFO -   Already exists (ID 6402), checking for updates...
2026-07-23 14:00:41,311 - V2Scraper - INFO -   Existing points: 35
2026-07-23 14:00:42,400 - V2Scraper - INFO -   RSC: 59 places (35 total unique)
2026-07-23 14:00:42,606 - V2Scraper - INFO - Total extracted: 35 places
2026-07-23 14:00:42,606 - V2Scraper - INFO -   No new points or corrections needed
2026-07-23 14:00:42,606 - V2Scraper - INFO -   No updates needed
2026-07-23 14:00:43,608 - V2Scraper - INFO - 
[214/292] Tatsuki Fujimoto 17 26 (jI8hvq8XTfmHUScW0hkW)
2026-07-23 14:00:43,608 - V2Scraper - INFO -   Already exists (ID 6403), checking for updates...
2026-07-23 14:00:43,608 - V2Scraper - INFO -   Existing points: 3
2026-07-23 14:00:44,907 - V2Scraper - INFO -   RSC: 6 places (3 total unique)
2026-07-23 14:00:45,102 - V2Scraper - INFO - Total extracted: 3 places
2026-07-23 14:00:45,102 - V2Scraper - INFO -   No new points or corrections needed
2026-07-23 14:00:45,103 - V2Scraper - INFO -   No updates needed
2026-07-23 14:00:46,104 - V2Scraper - INFO - 
[215/292] Initial D Legend 1 (jpNvOdNs79m85HRpQLAz)
2026-07-23 14:00:46,104 - V2Scraper - INFO -   Already exists (ID 6404), checking for updates...
2026-07-23 14:00:46,104 - V2Scraper - INFO -   Existing points: 24
2026-07-23 14:00:47,287 - V2Scraper - INFO -   RSC: 47 places (24 total unique)
2026-07-23 14:00:47,490 - V2Scraper - INFO - Total extracted: 24 places
2026-07-23 14:00:47,490 - V2Scraper - INFO -   No new points or corrections needed
2026-07-23 14:00:47,490 - V2Scraper - INFO -   No updates needed
2026-07-23 14:00:48,491 - V2Scraper - INFO - 
[216/292] 25 Dimensional Seduction (jzjmlOooBQ0qHhjdFaAv)
2026-07-23 14:00:48,491 - V2Scraper - INFO -   Already exists (ID 6405), checking for updates...
2026-07-23 14:00:48,492 - V2Scraper - INFO -   Existing points: 7
2026-07-23 14:00:49,609 - V2Scraper - INFO -   RSC: 14 places (7 total unique)
2026-07-23 14:00:49,810 - V2Scraper - INFO - Total extracted: 7 places
2026-07-23 14:00:49,810 - V2Scraper - INFO -   No new points or corrections needed
2026-07-23 14:00:49,810 - V2Scraper - INFO -   No updates needed
2026-07-23 14:00:50,811 - V2Scraper - INFO - 
[217/292] Yuruyuri (k91zDE7m93R6TF1I18ZJ)
2026-07-23 14:00:50,811 - V2Scraper - INFO -   Already exists (ID 6406), checking for updates...
2026-07-23 14:00:50,812 - V2Scraper - INFO -   Existing points: 26
2026-07-23 14:00:51,926 - V2Scraper - INFO -   RSC: 50 places (26 total unique)
2026-07-23 14:00:52,144 - V2Scraper - INFO - Total extracted: 26 places
2026-07-23 14:00:52,145 - V2Scraper - INFO -   No new points or corrections needed
2026-07-23 14:00:52,145 - V2Scraper - INFO -   No updates needed
2026-07-23 14:00:53,146 - V2Scraper - INFO - 
[218/292] Cosmic Princess Kaguya (kCYfe1hDUEETnFuCzdPR)
2026-07-23 14:00:53,146 - V2Scraper - INFO -   Already exists (ID 6407), checking for updates...
2026-07-23 14:00:53,147 - V2Scraper - INFO -   Existing points: 27
2026-07-23 14:00:54,271 - V2Scraper - INFO -   RSC: 52 places (27 total unique)
2026-07-23 14:00:54,470 - V2Scraper - INFO - Total extracted: 27 places
2026-07-23 14:00:54,470 - V2Scraper - INFO -   No new points or corrections needed
2026-07-23 14:00:54,470 - V2Scraper - INFO -   No updates needed
2026-07-23 14:00:55,472 - V2Scraper - INFO - 
[219/292] 5 Centimeters Per Second (lC2rLRj6H1qdA3lAth1U)
2026-07-23 14:00:55,472 - V2Scraper - INFO -   Already exists (ID 6408), checking for updates...
2026-07-23 14:00:55,472 - V2Scraper - INFO -   Existing points: 39
2026-07-23 14:00:56,605 - V2Scraper - INFO -   RSC: 62 places (39 total unique)
2026-07-23 14:00:56,826 - V2Scraper - INFO - Total extracted: 39 places
2026-07-23 14:00:56,827 - V2Scraper - INFO -   No new points or corrections needed
2026-07-23 14:00:56,827 - V2Scraper - INFO -   No updates needed
2026-07-23 14:00:57,828 - V2Scraper - INFO - 
[220/292] Love Live (lCHlfVBBuWKfP9fIp0LK)
2026-07-23 14:00:57,828 - V2Scraper - INFO -   Already exists (ID 6409), checking for updates...
2026-07-23 14:00:57,829 - V2Scraper - INFO -   Existing points: 25
2026-07-23 14:00:58,951 - V2Scraper - INFO -   RSC: 49 places (25 total unique)
2026-07-23 14:00:59,145 - V2Scraper - INFO - Total extracted: 25 places
2026-07-23 14:00:59,145 - V2Scraper - INFO -   No new points or corrections needed
2026-07-23 14:00:59,145 - V2Scraper - INFO -   No updates needed
2026-07-23 14:01:00,146 - V2Scraper - INFO - 
[221/292] Food For The Soul (lLRNlBv5PhX1VA137llY)
2026-07-23 14:01:00,146 - V2Scraper - INFO -   Already exists (ID 6410), checking for updates...
2026-07-23 14:01:00,147 - V2Scraper - INFO -   Existing points: 84
2026-07-23 14:01:01,408 - V2Scraper - INFO -   RSC: 107 places (83 total unique)
2026-07-23 14:01:01,608 - V2Scraper - INFO - Total extracted: 83 places
2026-07-23 14:01:01,609 - V2Scraper - INFO -   No new points or corrections needed
2026-07-23 14:01:01,609 - V2Scraper - INFO -   No updates needed
2026-07-23 14:01:02,611 - V2Scraper - INFO - 
[222/292] Look Back (lQ3KSrgoTH8ecdJpYrjU)
2026-07-23 14:01:02,611 - V2Scraper - INFO -   Already exists (ID 6411), checking for updates...
2026-07-23 14:01:02,611 - V2Scraper - INFO -   Existing points: 10
2026-07-23 14:01:03,778 - V2Scraper - INFO -   RSC: 20 places (10 total unique)
2026-07-23 14:01:03,980 - V2Scraper - INFO - Total extracted: 10 places
2026-07-23 14:01:03,980 - V2Scraper - INFO -   No new points or corrections needed
2026-07-23 14:01:03,980 - V2Scraper - INFO -   No updates needed
2026-07-23 14:01:04,981 - V2Scraper - INFO - 
[223/292] The Cat Returns (m6CFZQrjKW65ycCZE0zC)
2026-07-23 14:01:04,982 - V2Scraper - INFO -   Already exists (ID 6412), checking for updates...
2026-07-23 14:01:04,982 - V2Scraper - INFO -   Existing points: 4
2026-07-23 14:01:06,146 - V2Scraper - INFO -   RSC: 8 places (4 total unique)
2026-07-23 14:01:06,342 - V2Scraper - INFO - Total extracted: 4 places
2026-07-23 14:01:06,343 - V2Scraper - INFO -   No new points or corrections needed
2026-07-23 14:01:06,343 - V2Scraper - INFO -   No updates needed
2026-07-23 14:01:07,344 - V2Scraper - INFO - 
[224/292] Hello World (m9AMAEy8Bg0amLLk0fCq)
2026-07-23 14:01:07,344 - V2Scraper - INFO -   Already exists (ID 6413), checking for updates...
2026-07-23 14:01:07,345 - V2Scraper - INFO -   Existing points: 9
2026-07-23 14:01:08,522 - V2Scraper - INFO -   RSC: 18 places (9 total unique)
2026-07-23 14:01:08,718 - V2Scraper - INFO - Total extracted: 9 places
2026-07-23 14:01:08,718 - V2Scraper - INFO -   No new points or corrections needed
2026-07-23 14:01:08,718 - V2Scraper - INFO -   No updates needed
2026-07-23 14:01:09,719 - V2Scraper - INFO - 
[225/292] Bang Dream 2 (mE5p3IdFgsmfqTwMvwbp)
2026-07-23 14:01:09,720 - V2Scraper - INFO -   Already exists (ID 6414), checking for updates...
2026-07-23 14:01:09,720 - V2Scraper - INFO -   Existing points: 31
2026-07-23 14:01:10,844 - V2Scraper - INFO -   RSC: 55 places (30 total unique)
2026-07-23 14:01:11,054 - V2Scraper - INFO - Total extracted: 30 places
2026-07-23 14:01:11,054 - V2Scraper - INFO -   No new points or corrections needed
2026-07-23 14:01:11,055 - V2Scraper - INFO -   No updates needed
2026-07-23 14:01:12,056 - V2Scraper - INFO - 
[226/292] Oshi No Ko 2 (mHMf87KlQmLu2SFtbgaw)
2026-07-23 14:01:12,056 - V2Scraper - INFO -   Already exists (ID 6415), checking for updates...
2026-07-23 14:01:12,057 - V2Scraper - INFO -   Existing points: 41
2026-07-23 14:01:13,347 - V2Scraper - INFO -   RSC: 65 places (41 total unique)
2026-07-23 14:01:13,553 - V2Scraper - INFO - Total extracted: 41 places
2026-07-23 14:01:13,553 - V2Scraper - INFO -   No new points or corrections needed
2026-07-23 14:01:13,553 - V2Scraper - INFO -   No updates needed
2026-07-23 14:01:14,554 - V2Scraper - INFO - 
[227/292] Occultic Nine (mtW7xBzlawzjCvgR7pCQ)
2026-07-23 14:01:14,555 - V2Scraper - INFO -   Already exists (ID 6416), checking for updates...
2026-07-23 14:01:14,555 - V2Scraper - INFO -   Existing points: 68
2026-07-23 14:01:15,765 - V2Scraper - INFO -   RSC: 90 places (66 total unique)
2026-07-23 14:01:15,995 - V2Scraper - INFO - Total extracted: 66 places
2026-07-23 14:01:15,996 - V2Scraper - INFO -   No new points or corrections needed
2026-07-23 14:01:15,996 - V2Scraper - INFO -   No updates needed
2026-07-23 14:01:16,997 - V2Scraper - INFO - 
[228/292] Komi Cant Communicate 2 (n3hNkoBAE9Wr2XL65zWD)
2026-07-23 14:01:16,998 - V2Scraper - INFO -   Already exists (ID 6417), checking for updates...
2026-07-23 14:01:16,998 - V2Scraper - INFO -   Existing points: 8
2026-07-23 14:01:18,118 - V2Scraper - INFO -   RSC: 16 places (8 total unique)
2026-07-23 14:01:18,320 - V2Scraper - INFO - Total extracted: 8 places
2026-07-23 14:01:18,320 - V2Scraper - INFO -   No new points or corrections needed
2026-07-23 14:01:18,320 - V2Scraper - INFO -   No updates needed
2026-07-23 14:01:19,321 - V2Scraper - INFO - 
[229/292] K On (nDcjBFyJt97tX0kT9a3i)
2026-07-23 14:01:19,322 - V2Scraper - INFO -   Already exists (ID 6418), checking for updates...
2026-07-23 14:01:19,322 - V2Scraper - INFO -   Existing points: 21
2026-07-23 14:01:20,438 - V2Scraper - INFO -   RSC: 42 places (21 total unique)
2026-07-23 14:01:20,638 - V2Scraper - INFO - Total extracted: 21 places
2026-07-23 14:01:20,638 - V2Scraper - INFO -   No new points or corrections needed
2026-07-23 14:01:20,639 - V2Scraper - INFO -   No updates needed
2026-07-23 14:01:21,640 - V2Scraper - INFO - 
[230/292] This Monster Wants To Eat Me (nIzGnqp4XULg32euiQJb)
2026-07-23 14:01:21,640 - V2Scraper - INFO -   Already exists (ID 6419), checking for updates...
2026-07-23 14:01:21,640 - V2Scraper - INFO -   Existing points: 20
2026-07-23 14:01:22,833 - V2Scraper - INFO -   RSC: 40 places (20 total unique)
2026-07-23 14:01:23,028 - V2Scraper - INFO - Total extracted: 20 places
2026-07-23 14:01:23,028 - V2Scraper - INFO -   No new points or corrections needed
2026-07-23 14:01:23,028 - V2Scraper - INFO -   No updates needed
2026-07-23 14:01:24,029 - V2Scraper - INFO - 
[231/292] Kill Blue (nKpdjhePk7YAVXq0yOQd)
2026-07-23 14:01:24,030 - V2Scraper - INFO -   Already exists (ID 6917), checking for updates...
2026-07-23 14:01:24,030 - V2Scraper - INFO -   Existing points: 4
2026-07-23 14:01:25,334 - V2Scraper - INFO -   RSC: 12 places (4 total unique)
2026-07-23 14:01:25,540 - V2Scraper - INFO -   Posts API: 4 user-uploaded places
2026-07-23 14:01:25,540 - V2Scraper - INFO -   API: 4 user-uploaded places (4 total unique)
2026-07-23 14:01:25,540 - V2Scraper - INFO - Total extracted: 4 places
2026-07-23 14:01:25,540 - V2Scraper - INFO -   No new points or corrections needed
2026-07-23 14:01:25,540 - V2Scraper - INFO -   No updates needed
2026-07-23 14:01:26,542 - V2Scraper - INFO - 
[232/292] Odd Taxi In The Woods (nZ0gBZUiXs5uFdPh0WWP)
2026-07-23 14:01:26,542 - V2Scraper - INFO -   Already exists (ID 6420), checking for updates...
2026-07-23 14:01:26,542 - V2Scraper - INFO -   Existing points: 14
2026-07-23 14:01:27,703 - V2Scraper - INFO -   RSC: 27 places (14 total unique)
2026-07-23 14:01:27,914 - V2Scraper - INFO - Total extracted: 14 places
2026-07-23 14:01:27,915 - V2Scraper - INFO -   No new points or corrections needed
2026-07-23 14:01:27,915 - V2Scraper - INFO -   No updates needed
2026-07-23 14:01:28,916 - V2Scraper - INFO - 
[233/292] Fate Strange Fake (nlFMm5beeDxjMv1c7pI0)
2026-07-23 14:01:28,916 - V2Scraper - INFO -   Already exists (ID 6421), checking for updates...
2026-07-23 14:01:28,917 - V2Scraper - INFO -   Existing points: 13
2026-07-23 14:01:30,042 - V2Scraper - INFO -   RSC: 25 places (13 total unique)
2026-07-23 14:01:30,254 - V2Scraper - INFO - Total extracted: 13 places
2026-07-23 14:01:30,254 - V2Scraper - INFO -   No new points or corrections needed
2026-07-23 14:01:30,254 - V2Scraper - INFO -   No updates needed
2026-07-23 14:01:31,255 - V2Scraper - INFO - 
[234/292] Teasing Master Takagi San (nuuX3MVLDUkL5Gu82Nn7)
2026-07-23 14:01:31,255 - V2Scraper - INFO -   Already exists (ID 6422), checking for updates...
2026-07-23 14:01:31,256 - V2Scraper - INFO -   Existing points: 9
2026-07-23 14:01:32,443 - V2Scraper - INFO -   RSC: 18 places (9 total unique)
2026-07-23 14:01:32,663 - V2Scraper - INFO - Total extracted: 9 places
2026-07-23 14:01:32,663 - V2Scraper - INFO -   No new points or corrections needed
2026-07-23 14:01:32,663 - V2Scraper - INFO -   No updates needed
2026-07-23 14:01:33,664 - V2Scraper - INFO - 
[235/292] A Silent Voice (o1iBehlCuEJvjTymVXZc)
2026-07-23 14:01:33,665 - V2Scraper - INFO -   Already exists (ID 6423), checking for updates...
2026-07-23 14:01:33,665 - V2Scraper - INFO -   Existing points: 33
2026-07-23 14:01:34,754 - V2Scraper - INFO -   RSC: 58 places (33 total unique)
2026-07-23 14:01:34,965 - V2Scraper - INFO - Total extracted: 33 places
2026-07-23 14:01:34,965 - V2Scraper - INFO -   No new points or corrections needed
2026-07-23 14:01:34,965 - V2Scraper - INFO -   No updates needed
2026-07-23 14:01:35,967 - V2Scraper - INFO - 
[236/292] Tamons B Side (o4I6GJfs1wuWmUMwZdjZ)
2026-07-23 14:01:35,967 - V2Scraper - INFO -   Already exists (ID 6424), checking for updates...
2026-07-23 14:01:35,967 - V2Scraper - INFO -   Existing points: 36
2026-07-23 14:01:37,086 - V2Scraper - INFO -   RSC: 60 places (36 total unique)
2026-07-23 14:01:37,286 - V2Scraper - INFO - Total extracted: 36 places
2026-07-23 14:01:37,287 - V2Scraper - INFO -   No new points or corrections needed
2026-07-23 14:01:37,287 - V2Scraper - INFO -   No updates needed
2026-07-23 14:01:38,287 - V2Scraper - INFO - 
[237/292] Jujutsu Kaisen 3 (oZ1ZO0bAf6FpPP7poEve)
2026-07-23 14:01:38,287 - V2Scraper - INFO -   Already exists (ID 6425), checking for updates...
2026-07-23 14:01:38,288 - V2Scraper - INFO -   Existing points: 63
2026-07-23 14:01:39,425 - V2Scraper - INFO -   RSC: 93 places (62 total unique)
2026-07-23 14:01:39,639 - V2Scraper - INFO -   Posts API: 6 user-uploaded places
2026-07-23 14:01:39,639 - V2Scraper - INFO -   API: 6 user-uploaded places (62 total unique)
2026-07-23 14:01:39,639 - V2Scraper - INFO - Total extracted: 62 places
2026-07-23 14:01:39,640 - V2Scraper - INFO -   No new points or corrections needed
2026-07-23 14:01:39,640 - V2Scraper - INFO -   No updates needed
2026-07-23 14:01:40,641 - V2Scraper - INFO - 
[238/292] Suzume (owwojmBeyqQxduqOgajN)
2026-07-23 14:01:40,641 - V2Scraper - INFO -   Already exists (ID 6426), checking for updates...
2026-07-23 14:01:40,642 - V2Scraper - INFO -   Existing points: 35
2026-07-23 14:01:41,773 - V2Scraper - INFO -   RSC: 60 places (35 total unique)
2026-07-23 14:01:41,968 - V2Scraper - INFO - Total extracted: 35 places
2026-07-23 14:01:41,968 - V2Scraper - INFO -   No new points or corrections needed
2026-07-23 14:01:41,968 - V2Scraper - INFO -   No updates needed
2026-07-23 14:01:42,969 - V2Scraper - INFO - 
[239/292] Ya Boy Kongming (p0GIxz7n8zoq1SbFbrQo)
2026-07-23 14:01:42,969 - V2Scraper - INFO -   Already exists (ID 6427), checking for updates...
2026-07-23 14:01:42,970 - V2Scraper - INFO -   Existing points: 12
2026-07-23 14:01:44,056 - V2Scraper - INFO -   RSC: 23 places (12 total unique)
2026-07-23 14:01:44,271 - V2Scraper - INFO - Total extracted: 12 places
2026-07-23 14:01:44,271 - V2Scraper - INFO -   No new points or corrections needed
2026-07-23 14:01:44,272 - V2Scraper - INFO -   No updates needed
2026-07-23 14:01:45,273 - V2Scraper - INFO - 
[240/292] Bungo Stray Dogs 3 (p8toSNuaJZiLprsI9c16)
2026-07-23 14:01:45,273 - V2Scraper - INFO -   Already exists (ID 6428), checking for updates...
2026-07-23 14:01:45,273 - V2Scraper - INFO -   Existing points: 26
2026-07-23 14:01:46,364 - V2Scraper - INFO -   RSC: 50 places (26 total unique)
2026-07-23 14:01:46,564 - V2Scraper - INFO - Total extracted: 26 places
2026-07-23 14:01:46,564 - V2Scraper - INFO -   No new points or corrections needed
2026-07-23 14:01:46,565 - V2Scraper - INFO -   No updates needed
2026-07-23 14:01:47,566 - V2Scraper - INFO - 
[241/292] Fate Zero (pUYxGiC62sTphT2JvNO7)
2026-07-23 14:01:47,566 - V2Scraper - INFO -   Already exists (ID 6429), checking for updates...
2026-07-23 14:01:47,566 - V2Scraper - INFO -   Existing points: 14
2026-07-23 14:01:48,891 - V2Scraper - INFO -   RSC: 28 places (14 total unique)
2026-07-23 14:01:49,090 - V2Scraper - INFO - Total extracted: 14 places
2026-07-23 14:01:49,090 - V2Scraper - INFO -   No new points or corrections needed
2026-07-23 14:01:49,091 - V2Scraper - INFO -   No updates needed
2026-07-23 14:01:50,092 - V2Scraper - INFO - 
[242/292] My Deer Friend Nokotan (pvWIpj2to4PlwxwvGIDt)
2026-07-23 14:01:50,092 - V2Scraper - INFO -   Already exists (ID 6430), checking for updates...
2026-07-23 14:01:50,093 - V2Scraper - INFO -   Existing points: 29
2026-07-23 14:01:51,222 - V2Scraper - INFO -   RSC: 51 places (29 total unique)
2026-07-23 14:01:51,422 - V2Scraper - INFO - Total extracted: 29 places
2026-07-23 14:01:51,422 - V2Scraper - INFO -   No new points or corrections needed
2026-07-23 14:01:51,422 - V2Scraper - INFO -   No updates needed
2026-07-23 14:01:52,423 - V2Scraper - INFO - 
[243/292] Shikimoris Not Just A Cutie (pwIwjuNHiexM3H66AQM9)
2026-07-23 14:01:52,424 - V2Scraper - INFO -   Already exists (ID 6431), checking for updates...
2026-07-23 14:01:52,424 - V2Scraper - INFO -   Existing points: 14
2026-07-23 14:01:53,577 - V2Scraper - INFO -   RSC: 28 places (14 total unique)
2026-07-23 14:01:53,785 - V2Scraper - INFO - Total extracted: 14 places
2026-07-23 14:01:53,785 - V2Scraper - INFO -   No new points or corrections needed
2026-07-23 14:01:53,785 - V2Scraper - INFO -   No updates needed
2026-07-23 14:01:54,786 - V2Scraper - INFO - 
[244/292] Medalist 2 (q1iKwxit2IQ79ehAO6yX)
2026-07-23 14:01:54,787 - V2Scraper - INFO -   Already exists (ID 6432), checking for updates...
2026-07-23 14:01:54,787 - V2Scraper - INFO -   Existing points: 10
2026-07-23 14:01:55,955 - V2Scraper - INFO -   RSC: 19 places (10 total unique)
2026-07-23 14:01:56,152 - V2Scraper - INFO - Total extracted: 10 places
2026-07-23 14:01:56,152 - V2Scraper - INFO -   No new points or corrections needed
2026-07-23 14:01:56,152 - V2Scraper - INFO -   No updates needed
2026-07-23 14:01:57,153 - V2Scraper - INFO - 
[245/292] Journal With Witch (qlWdNgADWPSHvlOJbvED)
2026-07-23 14:01:57,153 - V2Scraper - INFO -   Already exists (ID 6433), checking for updates...
2026-07-23 14:01:57,154 - V2Scraper - INFO -   Existing points: 27
2026-07-23 14:01:58,307 - V2Scraper - INFO -   RSC: 51 places (27 total unique)
2026-07-23 14:01:58,504 - V2Scraper - INFO - Total extracted: 27 places
2026-07-23 14:01:58,504 - V2Scraper - INFO -   No new points or corrections needed
2026-07-23 14:01:58,504 - V2Scraper - INFO -   No updates needed
2026-07-23 14:01:59,505 - V2Scraper - INFO - 
[246/292] The Anthem Of The Heart (qyzxJ6190Ra8ypsZS2j8)
2026-07-23 14:01:59,505 - V2Scraper - INFO -   Already exists (ID 6434), checking for updates...
2026-07-23 14:01:59,506 - V2Scraper - INFO -   Existing points: 22
2026-07-23 14:02:00,620 - V2Scraper - INFO -   RSC: 43 places (22 total unique)
2026-07-23 14:02:00,824 - V2Scraper - INFO - Total extracted: 22 places
2026-07-23 14:02:00,824 - V2Scraper - INFO -   No new points or corrections needed
2026-07-23 14:02:00,825 - V2Scraper - INFO -   No updates needed
2026-07-23 14:02:01,826 - V2Scraper - INFO - 
[247/292] One Punch Man 3 (rC0dQzDQaWadoKRSENAl)
2026-07-23 14:02:01,826 - V2Scraper - INFO -   Already exists (ID 6435), checking for updates...
2026-07-23 14:02:01,826 - V2Scraper - INFO -   Existing points: 7
2026-07-23 14:02:03,099 - V2Scraper - INFO -   RSC: 13 places (7 total unique)
2026-07-23 14:02:03,299 - V2Scraper - INFO - Total extracted: 7 places
2026-07-23 14:02:03,300 - V2Scraper - INFO -   No new points or corrections needed
2026-07-23 14:02:03,300 - V2Scraper - INFO -   No updates needed
2026-07-23 14:02:04,301 - V2Scraper - INFO - 
[248/292] Todays Menu For The Emiya Family (rgtPM7QxaNfCUZQHchHW)
2026-07-23 14:02:04,301 - V2Scraper - INFO -   Already exists (ID 6436), checking for updates...
2026-07-23 14:02:04,302 - V2Scraper - INFO -   Existing points: 25
2026-07-23 14:02:05,948 - V2Scraper - INFO -   RSC: 50 places (25 total unique)
2026-07-23 14:02:06,214 - V2Scraper - INFO - Total extracted: 25 places
2026-07-23 14:02:06,215 - V2Scraper - INFO -   No new points or corrections needed
2026-07-23 14:02:06,215 - V2Scraper - INFO -   No updates needed
2026-07-23 14:02:07,216 - V2Scraper - INFO - 
[249/292] Re Creators (rv19SKFM4rWzGlXZszn4)
2026-07-23 14:02:07,216 - V2Scraper - INFO -   Already exists (ID 6437), checking for updates...
2026-07-23 14:02:07,217 - V2Scraper - INFO -   Existing points: 61
2026-07-23 14:02:08,462 - V2Scraper - INFO -   RSC: 86 places (61 total unique)
2026-07-23 14:02:08,659 - V2Scraper - INFO - Total extracted: 61 places
2026-07-23 14:02:08,660 - V2Scraper - INFO -   No new points or corrections needed
2026-07-23 14:02:08,660 - V2Scraper - INFO -   No updates needed
2026-07-23 14:02:09,661 - V2Scraper - INFO - 
[250/292] Uma Musume Pretty Derby (sUISPT4kapvVtcddq6yf)
2026-07-23 14:02:09,661 - V2Scraper - INFO -   Already exists (ID 6438), checking for updates...
2026-07-23 14:02:09,662 - V2Scraper - INFO -   Existing points: 24
2026-07-23 14:02:10,813 - V2Scraper - INFO -   RSC: 47 places (24 total unique)
2026-07-23 14:02:11,030 - V2Scraper - INFO - Total extracted: 24 places
2026-07-23 14:02:11,030 - V2Scraper - INFO -   No new points or corrections needed
2026-07-23 14:02:11,030 - V2Scraper - INFO -   No updates needed
2026-07-23 14:02:12,032 - V2Scraper - INFO - 
[251/292] Haikyu (sXgYeKOTfssj8ROxSbwR)
2026-07-23 14:02:12,032 - V2Scraper - INFO -   Already exists (ID 6439), checking for updates...
2026-07-23 14:02:12,032 - V2Scraper - INFO -   Existing points: 8
2026-07-23 14:02:13,149 - V2Scraper - INFO -   RSC: 16 places (8 total unique)
2026-07-23 14:02:13,364 - V2Scraper - INFO - Total extracted: 8 places
2026-07-23 14:02:13,364 - V2Scraper - INFO -   No new points or corrections needed
2026-07-23 14:02:13,364 - V2Scraper - INFO -   No updates needed
2026-07-23 14:02:14,365 - V2Scraper - INFO - 
[252/292] The Girl Who Leapt Through Time (seGnO0BqP0oOGxXN0gUK)
2026-07-23 14:02:14,366 - V2Scraper - INFO -   Already exists (ID 6440), checking for updates...
2026-07-23 14:02:14,366 - V2Scraper - INFO -   Existing points: 10
2026-07-23 14:02:15,412 - V2Scraper - INFO -   RSC: 20 places (10 total unique)
2026-07-23 14:02:15,609 - V2Scraper - INFO - Total extracted: 10 places
2026-07-23 14:02:15,609 - V2Scraper - INFO -   No new points or corrections needed
2026-07-23 14:02:15,609 - V2Scraper - INFO -   No updates needed
2026-07-23 14:02:16,610 - V2Scraper - INFO - 
[253/292] Grotesqqque (sly3eyzND9TZP0B7eZYL)
2026-07-23 14:02:16,610 - V2Scraper - INFO -   Already exists (ID 6915), checking for updates...
2026-07-23 14:02:16,611 - V2Scraper - INFO -   Existing points: 5
2026-07-23 14:02:17,655 - V2Scraper - INFO -   RSC: 15 places (5 total unique)
2026-07-23 14:02:17,887 - V2Scraper - INFO -   Posts API: 5 user-uploaded places
2026-07-23 14:02:17,887 - V2Scraper - INFO -   API: 5 user-uploaded places (5 total unique)
2026-07-23 14:02:17,887 - V2Scraper - INFO - Total extracted: 5 places
2026-07-23 14:02:17,887 - V2Scraper - INFO -   No new points or corrections needed
2026-07-23 14:02:17,888 - V2Scraper - INFO -   No updates needed
2026-07-23 14:02:18,889 - V2Scraper - INFO - 
[254/292] Haruhi 2006 (sqOvtyTGW57hQNbzoXIc)
2026-07-23 14:02:18,889 - V2Scraper - INFO -   Already exists (ID 6441), checking for updates...
2026-07-23 14:02:18,890 - V2Scraper - INFO -   Existing points: 38
2026-07-23 14:02:20,026 - V2Scraper - INFO -   RSC: 62 places (38 total unique)
2026-07-23 14:02:20,233 - V2Scraper - INFO - Total extracted: 38 places
2026-07-23 14:02:20,234 - V2Scraper - INFO -   No new points or corrections needed
2026-07-23 14:02:20,234 - V2Scraper - INFO -   No updates needed
2026-07-23 14:02:21,235 - V2Scraper - INFO - 
[255/292] The Ryuos Work Is Never Done (ssdRxaytUOXCnKw1pcuJ)
2026-07-23 14:02:21,235 - V2Scraper - INFO -   Already exists (ID 6442), checking for updates...
2026-07-23 14:02:21,236 - V2Scraper - INFO -   Existing points: 23
2026-07-23 14:02:22,434 - V2Scraper - INFO -   RSC: 45 places (23 total unique)
2026-07-23 14:02:22,630 - V2Scraper - INFO - Total extracted: 23 places
2026-07-23 14:02:22,631 - V2Scraper - INFO -   No new points or corrections needed
2026-07-23 14:02:22,631 - V2Scraper - INFO -   No updates needed
2026-07-23 14:02:23,632 - V2Scraper - INFO - 
[256/292] Makeine (tCBIn1QbnKWmGX9Qzqhb)
2026-07-23 14:02:23,632 - V2Scraper - INFO -   Already exists (ID 6443), checking for updates...
2026-07-23 14:02:23,633 - V2Scraper - INFO -   Existing points: 49
2026-07-23 14:02:24,786 - V2Scraper - INFO -   RSC: 74 places (49 total unique)
2026-07-23 14:02:24,984 - V2Scraper - INFO - Total extracted: 49 places
2026-07-23 14:02:24,985 - V2Scraper - INFO -   No new points or corrections needed
2026-07-23 14:02:24,985 - V2Scraper - INFO -   No updates needed
2026-07-23 14:02:25,986 - V2Scraper - INFO - 
[257/292] The Quintessential Quintuplets (tiMx5VfV5a62NIXHXaoK)
2026-07-23 14:02:25,986 - V2Scraper - INFO -   Already exists (ID 6444), checking for updates...
2026-07-23 14:02:25,987 - V2Scraper - INFO -   Existing points: 4
2026-07-23 14:02:27,071 - V2Scraper - INFO -   RSC: 8 places (4 total unique)
2026-07-23 14:02:27,287 - V2Scraper - INFO - Total extracted: 4 places
2026-07-23 14:02:27,287 - V2Scraper - INFO -   No new points or corrections needed
2026-07-23 14:02:27,287 - V2Scraper - INFO -   No updates needed
2026-07-23 14:02:28,288 - V2Scraper - INFO - 
[258/292] Otaku Elf (tidwKFuBkmHvw52kmMPD)
2026-07-23 14:02:28,288 - V2Scraper - INFO -   Already exists (ID 6445), checking for updates...
2026-07-23 14:02:28,289 - V2Scraper - INFO -   Existing points: 15
2026-07-23 14:02:29,423 - V2Scraper - INFO -   RSC: 29 places (15 total unique)
2026-07-23 14:02:29,624 - V2Scraper - INFO - Total extracted: 15 places
2026-07-23 14:02:29,624 - V2Scraper - INFO -   No new points or corrections needed
2026-07-23 14:02:29,625 - V2Scraper - INFO -   No updates needed
2026-07-23 14:02:30,626 - V2Scraper - INFO - 
[259/292] Rent A Girlfriend 4 (tqahwveOEhWxs1eBy14Q)
2026-07-23 14:02:30,626 - V2Scraper - INFO -   Already exists (ID 6446), checking for updates...
2026-07-23 14:02:30,626 - V2Scraper - INFO -   Existing points: 22
2026-07-23 14:02:31,795 - V2Scraper - INFO -   RSC: 43 places (22 total unique)
2026-07-23 14:02:31,992 - V2Scraper - INFO - Total extracted: 22 places
2026-07-23 14:02:31,992 - V2Scraper - INFO -   No new points or corrections needed
2026-07-23 14:02:31,992 - V2Scraper - INFO -   No updates needed
2026-07-23 14:02:32,993 - V2Scraper - INFO - 
[260/292] Sword Art Online Ii (txYgEfCLSykeTWemzp22)
2026-07-23 14:02:32,994 - V2Scraper - INFO -   Already exists (ID 6924), checking for updates...
2026-07-23 14:02:32,994 - V2Scraper - INFO -   Existing points: 14
2026-07-23 14:02:34,022 - V2Scraper - INFO -   RSC: 28 places (14 total unique)
2026-07-23 14:02:34,227 - V2Scraper - INFO - Total extracted: 14 places
2026-07-23 14:02:34,227 - V2Scraper - INFO -   No new points or corrections needed
2026-07-23 14:02:34,227 - V2Scraper - INFO -   No updates needed
2026-07-23 14:02:35,228 - V2Scraper - INFO - 
[261/292] I Want To Eat Your Pancreas (u8g1xEliRDcoyVAiIV4V)
2026-07-23 14:02:35,228 - V2Scraper - INFO -   Already exists (ID 6447), checking for updates...
2026-07-23 14:02:35,229 - V2Scraper - INFO -   Existing points: 18
2026-07-23 14:02:36,368 - V2Scraper - INFO -   RSC: 35 places (18 total unique)
2026-07-23 14:02:36,562 - V2Scraper - INFO - Total extracted: 18 places
2026-07-23 14:02:36,562 - V2Scraper - INFO -   No new points or corrections needed
2026-07-23 14:02:36,562 - V2Scraper - INFO -   No updates needed
2026-07-23 14:02:37,563 - V2Scraper - INFO - 
[262/292] Rascal Does Not Dream Of Bunny Girl Senpai (uNXQN8oaA3SNspSVoc2A)
2026-07-23 14:02:37,563 - V2Scraper - INFO -   Already exists (ID 6448), checking for updates...
2026-07-23 14:02:37,564 - V2Scraper - INFO -   Existing points: 56
2026-07-23 14:02:38,704 - V2Scraper - INFO -   RSC: 79 places (56 total unique)
2026-07-23 14:02:38,900 - V2Scraper - INFO - Total extracted: 56 places
2026-07-23 14:02:38,901 - V2Scraper - INFO -   No new points or corrections needed
2026-07-23 14:02:38,901 - V2Scraper - INFO -   No updates needed
2026-07-23 14:02:39,902 - V2Scraper - INFO - 
[263/292] Saekano (ud97bNQKguOJBycZicFP)
2026-07-23 14:02:39,902 - V2Scraper - INFO -   Already exists (ID 6449), checking for updates...
2026-07-23 14:02:39,903 - V2Scraper - INFO -   Existing points: 22
2026-07-23 14:02:41,002 - V2Scraper - INFO -   RSC: 43 places (22 total unique)
2026-07-23 14:02:41,238 - V2Scraper - INFO - Total extracted: 22 places
2026-07-23 14:02:41,238 - V2Scraper - INFO -   No new points or corrections needed
2026-07-23 14:02:41,238 - V2Scraper - INFO -   No updates needed
2026-07-23 14:02:42,239 - V2Scraper - INFO - 
[264/292] Yuru Camp (uhXFJjbIXDatAdC4MNHj)
2026-07-23 14:02:42,239 - V2Scraper - INFO -   Already exists (ID 6450), checking for updates...
2026-07-23 14:02:42,240 - V2Scraper - INFO -   Existing points: 52
2026-07-23 14:02:43,428 - V2Scraper - INFO -   RSC: 75 places (51 total unique)
2026-07-23 14:02:43,624 - V2Scraper - INFO - Total extracted: 51 places
2026-07-23 14:02:43,625 - V2Scraper - INFO -   No new points or corrections needed
2026-07-23 14:02:43,625 - V2Scraper - INFO -   No updates needed
2026-07-23 14:02:44,626 - V2Scraper - INFO - 
[265/292] Liz And The Blue Bird (umnTfj6nmpKaukejtrbT)
2026-07-23 14:02:44,626 - V2Scraper - INFO -   Already exists (ID 6451), checking for updates...
2026-07-23 14:02:44,627 - V2Scraper - INFO -   Existing points: 3
2026-07-23 14:02:45,693 - V2Scraper - INFO -   RSC: 6 places (3 total unique)
2026-07-23 14:02:45,897 - V2Scraper - INFO - Total extracted: 3 places
2026-07-23 14:02:45,897 - V2Scraper - INFO -   No new points or corrections needed
2026-07-23 14:02:45,897 - V2Scraper - INFO -   No updates needed
2026-07-23 14:02:46,898 - V2Scraper - INFO - 
[266/292] Roshidere (unGiOzgI5kK54nQCTxtm)
2026-07-23 14:02:46,898 - V2Scraper - INFO -   Already exists (ID 6452), checking for updates...
2026-07-23 14:02:46,899 - V2Scraper - INFO -   Existing points: 12
2026-07-23 14:02:48,143 - V2Scraper - INFO -   RSC: 24 places (12 total unique)
2026-07-23 14:02:48,372 - V2Scraper - INFO - Total extracted: 12 places
2026-07-23 14:02:48,372 - V2Scraper - INFO -   No new points or corrections needed
2026-07-23 14:02:48,372 - V2Scraper - INFO -   No updates needed
2026-07-23 14:02:49,373 - V2Scraper - INFO - 
[267/292] You Are Ms Servant (uxyUCyjBZrFMfOdbXCMN)
2026-07-23 14:02:49,374 - V2Scraper - INFO -   Already exists (ID 6453), checking for updates...
2026-07-23 14:02:49,374 - V2Scraper - INFO -   Existing points: 15
2026-07-23 14:02:50,440 - V2Scraper - INFO -   RSC: 30 places (15 total unique)
2026-07-23 14:02:50,642 - V2Scraper - INFO - Total extracted: 15 places
2026-07-23 14:02:50,642 - V2Scraper - INFO -   No new points or corrections needed
2026-07-23 14:02:50,643 - V2Scraper - INFO -   No updates needed
2026-07-23 14:02:51,644 - V2Scraper - INFO - 
[268/292] Saekano 2 (v79L8UZL37LfYiJ5fKEK)
2026-07-23 14:02:51,644 - V2Scraper - INFO -   Already exists (ID 6454), checking for updates...
2026-07-23 14:02:51,644 - V2Scraper - INFO -   Existing points: 26
2026-07-23 14:02:52,955 - V2Scraper - INFO -   RSC: 51 places (26 total unique)
2026-07-23 14:02:53,156 - V2Scraper - INFO - Total extracted: 26 places
2026-07-23 14:02:53,156 - V2Scraper - INFO -   No new points or corrections needed
2026-07-23 14:02:53,156 - V2Scraper - INFO -   No updates needed
2026-07-23 14:02:54,157 - V2Scraper - INFO - 
[269/292] Uma Musume Cinderella Gray 2 (vS5GOKe1V9av8Cxwd5bQ)
2026-07-23 14:02:54,158 - V2Scraper - INFO -   Already exists (ID 6455), checking for updates...
2026-07-23 14:02:54,158 - V2Scraper - INFO -   Existing points: 22
2026-07-23 14:02:55,458 - V2Scraper - INFO -   RSC: 43 places (22 total unique)
2026-07-23 14:02:55,659 - V2Scraper - INFO - Total extracted: 22 places
2026-07-23 14:02:55,659 - V2Scraper - INFO -   No new points or corrections needed
2026-07-23 14:02:55,659 - V2Scraper - INFO -   No updates needed
2026-07-23 14:02:56,661 - V2Scraper - INFO - 
[270/292] Watanare (w0UfKIA3nbV6f8vS4LYc)
2026-07-23 14:02:56,661 - V2Scraper - INFO -   Already exists (ID 6456), checking for updates...
2026-07-23 14:02:56,661 - V2Scraper - INFO -   Existing points: 41
2026-07-23 14:02:57,855 - V2Scraper - INFO -   RSC: 65 places (41 total unique)
2026-07-23 14:02:58,068 - V2Scraper - INFO - Total extracted: 41 places
2026-07-23 14:02:58,069 - V2Scraper - INFO -   No new points or corrections needed
2026-07-23 14:02:58,069 - V2Scraper - INFO -   No updates needed
2026-07-23 14:02:59,070 - V2Scraper - INFO - 
[271/292] Nippon Sangoku (w5KAbfUc7AIQc5Qv4hEM)
2026-07-23 14:02:59,070 - V2Scraper - INFO -   Already exists (ID 6457), checking for updates...
2026-07-23 14:02:59,071 - V2Scraper - INFO -   Existing points: 48
2026-07-23 14:03:00,293 - V2Scraper - INFO -   RSC: 71 places (48 total unique)
2026-07-23 14:03:00,513 - V2Scraper - INFO - Total extracted: 48 places
2026-07-23 14:03:00,513 - V2Scraper - INFO -   No new points or corrections needed
2026-07-23 14:03:00,513 - V2Scraper - INFO -   No updates needed
2026-07-23 14:03:01,515 - V2Scraper - INFO - 
[272/292] Dandadan (wGsUljsg7c7MbgdtzDJD)
2026-07-23 14:03:01,515 - V2Scraper - INFO -   Already exists (ID 6458), checking for updates...
2026-07-23 14:03:01,515 - V2Scraper - INFO -   Existing points: 6
2026-07-23 14:03:02,670 - V2Scraper - INFO -   RSC: 12 places (6 total unique)
2026-07-23 14:03:02,879 - V2Scraper - INFO - Total extracted: 6 places
2026-07-23 14:03:02,880 - V2Scraper - INFO -   No new points or corrections needed
2026-07-23 14:03:02,880 - V2Scraper - INFO -   No updates needed
2026-07-23 14:03:03,881 - V2Scraper - INFO - 
[273/292] Non Non Biyori Vacation (wJXvwG078NOgmusJqTU9)
2026-07-23 14:03:03,881 - V2Scraper - INFO -   Already exists (ID 6459), checking for updates...
2026-07-23 14:03:03,882 - V2Scraper - INFO -   Existing points: 18
2026-07-23 14:03:05,000 - V2Scraper - INFO -   RSC: 34 places (18 total unique)
2026-07-23 14:03:05,202 - V2Scraper - INFO - Total extracted: 18 places
2026-07-23 14:03:05,203 - V2Scraper - INFO -   No new points or corrections needed
2026-07-23 14:03:05,203 - V2Scraper - INFO -   No updates needed
2026-07-23 14:03:06,204 - V2Scraper - INFO - 
[274/292] Horimiya (wRJJ3i3avQIUeZ6PL6ej)
2026-07-23 14:03:06,204 - V2Scraper - INFO -   Already exists (ID 6461), checking for updates...
2026-07-23 14:03:06,205 - V2Scraper - INFO -   Existing points: 10
2026-07-23 14:03:07,276 - V2Scraper - INFO -   RSC: 20 places (10 total unique)
2026-07-23 14:03:07,484 - V2Scraper - INFO - Total extracted: 10 places
2026-07-23 14:03:07,484 - V2Scraper - INFO -   No new points or corrections needed
2026-07-23 14:03:07,484 - V2Scraper - INFO -   No updates needed
2026-07-23 14:03:08,485 - V2Scraper - INFO - 
[275/292] Yuru Camp Movie (wlQ8Ci60loTyVBZV9Xia)
2026-07-23 14:03:08,486 - V2Scraper - INFO -   Already exists (ID 6462), checking for updates...
2026-07-23 14:03:08,486 - V2Scraper - INFO -   Existing points: 34
2026-07-23 14:03:09,620 - V2Scraper - INFO -   RSC: 59 places (34 total unique)
2026-07-23 14:03:09,824 - V2Scraper - INFO - Total extracted: 34 places
2026-07-23 14:03:09,824 - V2Scraper - INFO -   No new points or corrections needed
2026-07-23 14:03:09,824 - V2Scraper - INFO -   No updates needed
2026-07-23 14:03:10,825 - V2Scraper - INFO - 
[276/292] Jujutsu Kaisen 0 (xYGIxEMWtc0UkKtWbp4R)
2026-07-23 14:03:10,826 - V2Scraper - INFO -   Already exists (ID 6463), checking for updates...
2026-07-23 14:03:10,826 - V2Scraper - INFO -   Existing points: 7
2026-07-23 14:03:11,956 - V2Scraper - INFO -   RSC: 13 places (7 total unique)
2026-07-23 14:03:12,151 - V2Scraper - INFO - Total extracted: 7 places
2026-07-23 14:03:12,151 - V2Scraper - INFO -   No new points or corrections needed
2026-07-23 14:03:12,151 - V2Scraper - INFO -   No updates needed
2026-07-23 14:03:13,152 - V2Scraper - INFO - 
[277/292] Takopis Original Sin (xfD3SAgNnScPXtkyEpGo)
2026-07-23 14:03:13,152 - V2Scraper - INFO -   Already exists (ID 6464), checking for updates...
2026-07-23 14:03:13,153 - V2Scraper - INFO -   Existing points: 12
2026-07-23 14:03:14,209 - V2Scraper - INFO -   RSC: 23 places (12 total unique)
2026-07-23 14:03:14,401 - V2Scraper - INFO - Total extracted: 12 places
2026-07-23 14:03:14,401 - V2Scraper - INFO -   No new points or corrections needed
2026-07-23 14:03:14,401 - V2Scraper - INFO -   No updates needed
2026-07-23 14:03:15,403 - V2Scraper - INFO - 
[278/292] Hajime No Ippo Rising (xixXlFp2hrN1lZJu7sSv)
2026-07-23 14:03:15,403 - V2Scraper - INFO -   Already exists (ID 6465), checking for updates...
2026-07-23 14:03:15,403 - V2Scraper - INFO -   Existing points: 9
2026-07-23 14:03:16,489 - V2Scraper - INFO -   RSC: 18 places (9 total unique)
2026-07-23 14:03:16,690 - V2Scraper - INFO - Total extracted: 9 places
2026-07-23 14:03:16,690 - V2Scraper - INFO -   No new points or corrections needed
2026-07-23 14:03:16,690 - V2Scraper - INFO -   No updates needed
2026-07-23 14:03:17,691 - V2Scraper - INFO - 
[279/292] A Sign Of Affection (xn1kUG4nAyilfSbaVrmj)
2026-07-23 14:03:17,692 - V2Scraper - INFO -   Already exists (ID 6466), checking for updates...
2026-07-23 14:03:17,692 - V2Scraper - INFO -   Existing points: 40
2026-07-23 14:03:18,934 - V2Scraper - INFO -   RSC: 65 places (40 total unique)
2026-07-23 14:03:19,134 - V2Scraper - INFO - Total extracted: 40 places
2026-07-23 14:03:19,134 - V2Scraper - INFO -   No new points or corrections needed
2026-07-23 14:03:19,134 - V2Scraper - INFO -   No updates needed
2026-07-23 14:03:20,136 - V2Scraper - INFO - 
[280/292] Nagatoro (xsfrhZD0r2q5twlEitmR)
2026-07-23 14:03:20,136 - V2Scraper - INFO -   Already exists (ID 6467), checking for updates...
2026-07-23 14:03:20,136 - V2Scraper - INFO -   Existing points: 16
2026-07-23 14:03:21,242 - V2Scraper - INFO -   RSC: 31 places (16 total unique)
2026-07-23 14:03:21,441 - V2Scraper - INFO - Total extracted: 16 places
2026-07-23 14:03:21,441 - V2Scraper - INFO -   No new points or corrections needed
2026-07-23 14:03:21,441 - V2Scraper - INFO -   No updates needed
2026-07-23 14:03:22,442 - V2Scraper - INFO - 
[281/292] Sanda (xxMcxs235e04PF89ZQGN)
2026-07-23 14:03:22,442 - V2Scraper - INFO -   Already exists (ID 6468), checking for updates...
2026-07-23 14:03:22,443 - V2Scraper - INFO -   Existing points: 4
2026-07-23 14:03:23,541 - V2Scraper - INFO -   RSC: 8 places (4 total unique)
2026-07-23 14:03:23,741 - V2Scraper - INFO - Total extracted: 4 places
2026-07-23 14:03:23,741 - V2Scraper - INFO -   No new points or corrections needed
2026-07-23 14:03:23,741 - V2Scraper - INFO -   No updates needed
2026-07-23 14:03:24,742 - V2Scraper - INFO - 
[282/292] One Punch Man (y0TAWlKFt6ENfgTZhPMB)
2026-07-23 14:03:24,742 - V2Scraper - INFO -   Already exists (ID 6469), checking for updates...
2026-07-23 14:03:24,743 - V2Scraper - INFO -   Existing points: 5
2026-07-23 14:03:25,875 - V2Scraper - INFO -   RSC: 10 places (5 total unique)
2026-07-23 14:03:26,077 - V2Scraper - INFO - Total extracted: 5 places
2026-07-23 14:03:26,077 - V2Scraper - INFO -   No new points or corrections needed
2026-07-23 14:03:26,077 - V2Scraper - INFO -   No updates needed
2026-07-23 14:03:27,078 - V2Scraper - INFO - 
[283/292] Okitsura (y5w1zYuadN3Ej0cGsH8F)
2026-07-23 14:03:27,078 - V2Scraper - INFO -   Already exists (ID 6470), checking for updates...
2026-07-23 14:03:27,079 - V2Scraper - INFO -   Existing points: 46
2026-07-23 14:03:28,275 - V2Scraper - INFO -   RSC: 71 places (46 total unique)
2026-07-23 14:03:28,468 - V2Scraper - INFO - Total extracted: 46 places
2026-07-23 14:03:28,469 - V2Scraper - INFO -   No new points or corrections needed
2026-07-23 14:03:28,469 - V2Scraper - INFO -   No updates needed
2026-07-23 14:03:29,470 - V2Scraper - INFO - 
[284/292] The Quintessential Quintuplets 2 (yB4LTU7fYemGl2JgldzA)
2026-07-23 14:03:29,470 - V2Scraper - INFO -   Already exists (ID 6471), checking for updates...
2026-07-23 14:03:29,471 - V2Scraper - INFO -   Existing points: 15
2026-07-23 14:03:30,652 - V2Scraper - INFO -   RSC: 30 places (15 total unique)
2026-07-23 14:03:30,849 - V2Scraper - INFO - Total extracted: 15 places
2026-07-23 14:03:30,849 - V2Scraper - INFO -   No new points or corrections needed
2026-07-23 14:03:30,849 - V2Scraper - INFO -   No updates needed
2026-07-23 14:03:31,851 - V2Scraper - INFO - 
[285/292] Teasing Master Takagi San The Movie (yqdSgvWKtN6FDr3vxm3H)
2026-07-23 14:03:31,851 - V2Scraper - INFO -   Already exists (ID 6472), checking for updates...
2026-07-23 14:03:31,851 - V2Scraper - INFO -   Existing points: 20
2026-07-23 14:03:32,908 - V2Scraper - INFO -   RSC: 39 places (20 total unique)
2026-07-23 14:03:33,103 - V2Scraper - INFO - Total extracted: 20 places
2026-07-23 14:03:33,103 - V2Scraper - INFO -   No new points or corrections needed
2026-07-23 14:03:33,103 - V2Scraper - INFO -   No updates needed
2026-07-23 14:03:34,104 - V2Scraper - INFO - 
[286/292] Heavenly Delusion (ywqTqT1hNKINvMHq5TZN)
2026-07-23 14:03:34,104 - V2Scraper - INFO -   Already exists (ID 6473), checking for updates...
2026-07-23 14:03:34,105 - V2Scraper - INFO -   Existing points: 30
2026-07-23 14:03:35,324 - V2Scraper - INFO -   RSC: 54 places (30 total unique)
2026-07-23 14:03:35,522 - V2Scraper - INFO - Total extracted: 30 places
2026-07-23 14:03:35,523 - V2Scraper - INFO -   No new points or corrections needed
2026-07-23 14:03:35,523 - V2Scraper - INFO -   No updates needed
2026-07-23 14:03:36,524 - V2Scraper - INFO - 
[287/292] Rascal Does Not Dream Of A Knapsack Kid (yxxkllavYoNKtdXw1Lez)
2026-07-23 14:03:36,524 - V2Scraper - INFO -   Already exists (ID 6474), checking for updates...
2026-07-23 14:03:36,525 - V2Scraper - INFO -   Existing points: 23
2026-07-23 14:03:37,676 - V2Scraper - INFO -   RSC: 44 places (23 total unique)
2026-07-23 14:03:37,876 - V2Scraper - INFO - Total extracted: 23 places
2026-07-23 14:03:37,876 - V2Scraper - INFO -   No new points or corrections needed
2026-07-23 14:03:37,876 - V2Scraper - INFO -   No updates needed
2026-07-23 14:03:38,877 - V2Scraper - INFO - 
[288/292] Ameku Md Doctor Detective (z30sfzlqpJpiCAeoUi8h)
2026-07-23 14:03:38,877 - V2Scraper - INFO -   Already exists (ID 6475), checking for updates...
2026-07-23 14:03:38,878 - V2Scraper - INFO -   Existing points: 8
2026-07-23 14:03:39,997 - V2Scraper - INFO -   RSC: 16 places (8 total unique)
2026-07-23 14:03:40,233 - V2Scraper - INFO - Total extracted: 8 places
2026-07-23 14:03:40,233 - V2Scraper - INFO -   No new points or corrections needed
2026-07-23 14:03:40,233 - V2Scraper - INFO -   No updates needed
2026-07-23 14:03:41,234 - V2Scraper - INFO - 
[289/292] Love Chunibyo Other Delusions (z7BgNrMdTaMbmYysRMBz)
2026-07-23 14:03:41,235 - V2Scraper - INFO -   Already exists (ID 6476), checking for updates...
2026-07-23 14:03:41,235 - V2Scraper - INFO -   Existing points: 46
2026-07-23 14:03:42,353 - V2Scraper - INFO -   RSC: 70 places (46 total unique)
2026-07-23 14:03:42,547 - V2Scraper - INFO - Total extracted: 46 places
2026-07-23 14:03:42,547 - V2Scraper - INFO -   No new points or corrections needed
2026-07-23 14:03:42,547 - V2Scraper - INFO -   No updates needed
2026-07-23 14:03:43,548 - V2Scraper - INFO - 
[290/292] Tokyo Ghoul (zWadHN3vlTLoK9u1PXoS)
2026-07-23 14:03:43,549 - V2Scraper - INFO -   Already exists (ID 6477), checking for updates...
2026-07-23 14:03:43,549 - V2Scraper - INFO -   Existing points: 10
2026-07-23 14:03:44,669 - V2Scraper - INFO -   RSC: 19 places (10 total unique)
2026-07-23 14:03:44,871 - V2Scraper - INFO - Total extracted: 10 places
2026-07-23 14:03:44,871 - V2Scraper - INFO -   No new points or corrections needed
2026-07-23 14:03:44,871 - V2Scraper - INFO -   No updates needed
2026-07-23 14:03:45,872 - V2Scraper - INFO - 
[291/292] Zombie Land Saga (zpeuh4ic4dDDneypMAZp)
2026-07-23 14:03:45,872 - V2Scraper - INFO -   Already exists (ID 6478), checking for updates...
2026-07-23 14:03:45,873 - V2Scraper - INFO -   Existing points: 21
2026-07-23 14:03:46,946 - V2Scraper - INFO -   RSC: 41 places (21 total unique)
2026-07-23 14:03:47,146 - V2Scraper - INFO - Total extracted: 21 places
2026-07-23 14:03:47,146 - V2Scraper - INFO -   No new points or corrections needed
2026-07-23 14:03:47,146 - V2Scraper - INFO -   No updates needed
2026-07-23 14:03:48,147 - V2Scraper - INFO - 
[292/292] Chainsmoker Cat (ztYqVosnEOhoNlPRvVCo)
2026-07-23 14:03:48,147 - V2Scraper - INFO -   Already exists (ID 6921), checking for updates...
2026-07-23 14:03:48,148 - V2Scraper - INFO -   Existing points: 1
2026-07-23 14:03:49,223 - V2Scraper - INFO -   RSC: 3 places (1 total unique)
2026-07-23 14:03:49,437 - V2Scraper - INFO -   Posts API: 1 user-uploaded places
2026-07-23 14:03:49,437 - V2Scraper - INFO -   API: 1 user-uploaded places (1 total unique)
2026-07-23 14:03:49,438 - V2Scraper - INFO - Total extracted: 1 places
2026-07-23 14:03:49,438 - V2Scraper - INFO -   No new points or corrections needed
2026-07-23 14:03:49,438 - V2Scraper - INFO -   No updates needed
2026-07-23 14:03:50,439 - V2Scraper - INFO - 
--- Fixing missing covers ---
2026-07-23 14:03:50,439 - V2Scraper - INFO - Scanning for missing covers (animepilgrimage mapped only)...
2026-07-23 14:03:50,447 - V2Scraper - INFO - Fixed 0 missing covers
2026-07-23 14:03:50,447 - V2Scraper - INFO - 
--- Fixing logo covers ---
2026-07-23 14:03:50,447 - V2Scraper - INFO - Scanning for logo covers...
2026-07-23 14:03:51,890 - V2Scraper - INFO - Fixed 0 logo covers
2026-07-23 14:03:51,890 - V2Scraper - INFO - 
--- Fixing zero-coordinate points ---
2026-07-23 14:03:51,890 - V2Scraper - INFO - Scanning for zero-coordinate points...
2026-07-23 14:03:52,178 - V2Scraper - INFO - Found 17 anime with zero-coordinate points
2026-07-23 14:03:52,178 - V2Scraper - INFO - Fetching anime list for URL mapping...
2026-07-23 14:03:52,178 - V2Scraper - INFO - Fetching anime list from sitemap.xml...
2026-07-23 14:03:55,538 - V2Scraper - INFO - Sitemap: 292 anime
2026-07-23 14:03:55,538 - V2Scraper - INFO - Found 292 anime
2026-07-23 14:03:55,538 - V2Scraper - INFO -   1. Days With My Stepsister (04krYkLnGxdyZnphVjQD)
2026-07-23 14:03:55,538 - V2Scraper - INFO -   2. Tonikawa (0AvGlAgPpCxpeHIuaJPN)
2026-07-23 14:03:55,538 - V2Scraper - INFO -   3. Girls Band Cry (0MKV87agZS5NoAaTX6B0)
2026-07-23 14:03:55,538 - V2Scraper - INFO -   4. Tokyo Revengers (0eav7fRw7FpJyEOwfQKl)
2026-07-23 14:03:55,539 - V2Scraper - INFO -   5. Jujutsu Kaisen 1 (0krqHxVPwJzgjw4B5AJN)
2026-07-23 14:03:55,539 - V2Scraper - INFO -   ... and 287 more
2026-07-23 14:03:55,539 - V2Scraper - INFO - Fixing: 无法访问此网站 (ID 5967)
2026-07-23 14:03:55,539 - V2Scraper - WARNING -   Could not find '无法访问此网站' on the new site
2026-07-23 14:03:55,539 - V2Scraper - INFO - Fixing: 違国日記 (ID 6133)
2026-07-23 14:03:55,540 - V2Scraper - WARNING -   Could not find '違国日記' on the new site
2026-07-23 14:03:55,540 - V2Scraper - INFO - Fixing: 日本三國 (ID 6182)
2026-07-23 14:03:55,540 - V2Scraper - WARNING -   Could not find '日本三國' on the new site
2026-07-23 14:03:55,540 - V2Scraper - INFO - Fixing: クラスで２番目に可愛い女の子と友だちになった (ID 6183)
2026-07-23 14:03:55,540 - V2Scraper - WARNING -   Could not find 'クラスで２番目に可愛い女の子と友だちになった' on the new site
2026-07-23 14:03:55,540 - V2Scraper - INFO - Fixing: ３月のライオン 第2シリーズ (ID 6184)
2026-07-23 14:03:55,540 - V2Scraper - WARNING -   Could not find '３月のライオン 第2シリーズ' on the new site
2026-07-23 14:03:55,540 - V2Scraper - INFO - Fixing: 呪術廻戦 死滅回遊 (ID 6186)
2026-07-23 14:03:55,540 - V2Scraper - WARNING -   Could not find '呪術廻戦 死滅回遊' on the new site
2026-07-23 14:03:55,540 - V2Scraper - INFO - Fixing: 【推しの子】第3期 (ID 6187)
2026-07-23 14:03:55,540 - V2Scraper - WARNING -   Could not find '【推しの子】第3期' on the new site
2026-07-23 14:03:55,540 - V2Scraper - INFO - Fixing: 多聞くん今どっち!? (ID 6188)
2026-07-23 14:03:55,540 - V2Scraper - WARNING -   Could not find '多聞くん今どっち!?' on the new site
2026-07-23 14:03:55,540 - V2Scraper - INFO - Fixing: 姫様“拷問”の時間です (ID 6189)
2026-07-23 14:03:55,540 - V2Scraper - WARNING -   Could not find '姫様“拷問”の時間です' on the new site
2026-07-23 14:03:55,540 - V2Scraper - INFO - Fixing: 呪術廻戦 2期 (ID 6190)
2026-07-23 14:03:55,540 - V2Scraper - WARNING -   Could not find '呪術廻戦 2期' on the new site
2026-07-23 14:03:55,541 - V2Scraper - INFO - Fixing: 彼女、お借りします 2期 (ID 6191)
2026-07-23 14:03:55,541 - V2Scraper - WARNING -   Could not find '彼女、お借りします 2期' on the new site
2026-07-23 14:03:55,541 - V2Scraper - INFO - Fixing: かぐや様は告らせたい ウルトラロマンティック (ID 6192)
2026-07-23 14:03:55,541 - V2Scraper - WARNING -   Could not find 'かぐや様は告らせたい ウルトラロマンティック' on the new site
2026-07-23 14:03:55,541 - V2Scraper - INFO - Fixing: ゾン100 ～ゾンビになるまでにしたい100のこと～ (ID 6193)
2026-07-23 14:03:55,541 - V2Scraper - WARNING -   Could not find 'ゾン100 ～ゾンビになるまでにしたい100のこと～' on the new site
2026-07-23 14:03:55,541 - V2Scraper - INFO - Fixing: 劇場版 呪術廻戦 0 (ID 6194)
2026-07-23 14:03:55,541 - V2Scraper - WARNING -   Could not find '劇場版 呪術廻戦 0' on the new site
2026-07-23 14:03:55,541 - V2Scraper - INFO - Fixing: 東京喰種 (ID 6195)
2026-07-23 14:03:55,541 - V2Scraper - WARNING -   Could not find '東京喰種' on the new site
2026-07-23 14:03:55,541 - V2Scraper - INFO - Fixing: 劇場版 ソードアート・オンライン オーディナル・スケール (ID 6196)
2026-07-23 14:03:55,541 - V2Scraper - WARNING -   Could not find '劇場版 ソードアート・オンライン オーディナル・スケール' on the new site
2026-07-23 14:03:55,541 - V2Scraper - INFO - Fixing: 氷の城壁 (ID 6197)
2026-07-23 14:03:55,541 - V2Scraper - WARNING -   Could not find '氷の城壁' on the new site
2026-07-23 14:03:55,541 - V2Scraper - INFO - Fixed 0 zero-coordinate points total
2026-07-23 14:03:55,569 - V2Scraper - INFO - 
--- Fixing invalid episode types ---
2026-07-23 14:03:55,569 - V2Scraper - INFO - Scanning for invalid episode types (TRAILER/OTHERS)...
2026-07-23 14:03:56,988 - V2Scraper - INFO - Fixed 0 invalid episode values
2026-07-23 14:03:56,988 - V2Scraper - INFO - 
--- Backfilling missing images ---
2026-07-23 14:03:56,988 - V2Scraper - INFO - Scanning for points with missing images...
2026-07-23 14:03:57,036 - V2Scraper - INFO -   ID 105: 1 missing images, but no anime_id
2026-07-23 14:03:57,037 - V2Scraper - INFO -   ID 106: 3 missing images, but no anime_id
2026-07-23 14:03:57,043 - V2Scraper - INFO -   ID 115: 1 missing images, but no anime_id
2026-07-23 14:03:57,044 - V2Scraper - INFO -   ID 116: 1 missing images, but no anime_id
2026-07-23 14:03:57,047 - V2Scraper - INFO -   ID 12: 21 missing images, but no anime_id
2026-07-23 14:03:57,048 - V2Scraper - INFO -   ID 121: 1 missing images, but no anime_id
2026-07-23 14:03:57,049 - V2Scraper - INFO -   ID 122: 1 missing images, but no anime_id
2026-07-23 14:03:57,051 - V2Scraper - INFO -   ID 125: 2 missing images, but no anime_id
2026-07-23 14:03:57,053 - V2Scraper - INFO -   ID 128: 1 missing images, but no anime_id
2026-07-23 14:03:57,053 - V2Scraper - INFO -   ID 129: 24 missing images, but no anime_id
2026-07-23 14:03:57,054 - V2Scraper - INFO -   ID 13: 2 missing images, but no anime_id
2026-07-23 14:03:57,056 - V2Scraper - INFO -   ID 134: 27 missing images, but no anime_id
2026-07-23 14:03:57,057 - V2Scraper - INFO -   ID 135: 2 missing images, but no anime_id
2026-07-23 14:03:57,059 - V2Scraper - INFO -   ID 14: 11 missing images, but no anime_id
2026-07-23 14:03:57,062 - V2Scraper - INFO -   ID 146: 20 missing images, but no anime_id
2026-07-23 14:03:57,063 - V2Scraper - INFO -   ID 148: 1 missing images, but no anime_id
2026-07-23 14:03:57,067 - V2Scraper - INFO -   ID 156: 28 missing images, but no anime_id
2026-07-23 14:03:57,068 - V2Scraper - INFO -   ID 158: 52 missing images, but no anime_id
2026-07-23 14:03:57,069 - V2Scraper - INFO -   ID 159: 3 missing images, but no anime_id
2026-07-23 14:03:57,071 - V2Scraper - INFO -   ID 163: 32 missing images, but no anime_id
2026-07-23 14:03:57,072 - V2Scraper - INFO -   ID 165: 6 missing images, but no anime_id
2026-07-23 14:03:57,074 - V2Scraper - INFO -   ID 169: 11 missing images, but no anime_id
2026-07-23 14:03:57,075 - V2Scraper - INFO -   ID 17: 3 missing images, but no anime_id
2026-07-23 14:03:57,075 - V2Scraper - INFO -   ID 171: 57 missing images, but no anime_id
2026-07-23 14:03:57,076 - V2Scraper - INFO -   ID 173: 4 missing images, but no anime_id
2026-07-23 14:03:57,077 - V2Scraper - INFO -   ID 174: 4 missing images, but no anime_id
2026-07-23 14:03:57,078 - V2Scraper - INFO -   ID 175: 1 missing images, but no anime_id
2026-07-23 14:03:57,079 - V2Scraper - INFO -   ID 178: 23 missing images, but no anime_id
2026-07-23 14:03:57,080 - V2Scraper - INFO -   ID 18: 2 missing images, but no anime_id
2026-07-23 14:03:57,081 - V2Scraper - INFO -   ID 180: 5 missing images, but no anime_id
2026-07-23 14:03:57,090 - V2Scraper - INFO -   ID 2: 3 missing images, but no anime_id
2026-07-23 14:03:57,090 - V2Scraper - INFO -   ID 20: 3 missing images, but no anime_id
2026-07-23 14:03:57,092 - V2Scraper - INFO -   ID 204: 1 missing images, but no anime_id
2026-07-23 14:03:57,094 - V2Scraper - INFO -   ID 21: 1 missing images, but no anime_id
2026-07-23 14:03:57,095 - V2Scraper - INFO -   ID 210: 14 missing images, but no anime_id
2026-07-23 14:03:57,097 - V2Scraper - INFO -   ID 214: 22 missing images, but no anime_id
2026-07-23 14:03:57,098 - V2Scraper - INFO -   ID 216: 5 missing images, but no anime_id
2026-07-23 14:03:57,098 - V2Scraper - INFO -   ID 217: 23 missing images, but no anime_id
2026-07-23 14:03:57,100 - V2Scraper - INFO -   ID 22: 5 missing images, but no anime_id
2026-07-23 14:03:57,100 - V2Scraper - INFO -   ID 220: 7 missing images, but no anime_id
2026-07-23 14:03:57,101 - V2Scraper - INFO -   ID 223: 34 missing images, but no anime_id
2026-07-23 14:03:57,102 - V2Scraper - INFO -   ID 225: 33 missing images, but no anime_id
2026-07-23 14:03:57,104 - V2Scraper - INFO -   ID 229: 8 missing images, but no anime_id
2026-07-23 14:03:57,105 - V2Scraper - INFO -   ID 230: 6 missing images, but no anime_id
2026-07-23 14:03:57,105 - V2Scraper - INFO -   ID 231: 5 missing images, but no anime_id
2026-07-23 14:03:57,107 - V2Scraper - INFO -   ID 234: 1 missing images, but no anime_id
2026-07-23 14:03:57,110 - V2Scraper - INFO -   ID 240: 21 missing images, but no anime_id
2026-07-23 14:03:57,112 - V2Scraper - INFO -   ID 244: 14 missing images, but no anime_id
2026-07-23 14:03:57,112 - V2Scraper - INFO -   ID 245: 22 missing images, but no anime_id
2026-07-23 14:03:57,114 - V2Scraper - INFO -   ID 248: 27 missing images, but no anime_id
2026-07-23 14:03:57,115 - V2Scraper - INFO -   ID 251: 28 missing images, but no anime_id
2026-07-23 14:03:57,116 - V2Scraper - INFO -   ID 252: 9 missing images, but no anime_id
2026-07-23 14:03:57,118 - V2Scraper - INFO -   ID 257: 23 missing images, but no anime_id
2026-07-23 14:03:57,119 - V2Scraper - INFO -   ID 258: 4 missing images, but no anime_id
2026-07-23 14:03:57,121 - V2Scraper - INFO -   ID 262: 3 missing images, but no anime_id
2026-07-23 14:03:57,121 - V2Scraper - INFO -   ID 263: 9 missing images, but no anime_id
2026-07-23 14:03:57,124 - V2Scraper - INFO -   ID 269: 34 missing images, but no anime_id
2026-07-23 14:03:57,124 - V2Scraper - INFO -   ID 27: 3 missing images, but no anime_id
2026-07-23 14:03:57,124 - V2Scraper - INFO -   ID 270: 5 missing images, but no anime_id
2026-07-23 14:03:57,126 - V2Scraper - INFO -   ID 274: 2 missing images, but no anime_id
2026-07-23 14:03:57,126 - V2Scraper - INFO -   ID 276: 1 missing images, but no anime_id
2026-07-23 14:03:57,127 - V2Scraper - INFO -   ID 278: 1 missing images, but no anime_id
2026-07-23 14:03:57,127 - V2Scraper - INFO -   ID 279: 8 missing images, but no anime_id
2026-07-23 14:03:57,128 - V2Scraper - INFO -   ID 288: 4 missing images, but no anime_id
2026-07-23 14:03:57,129 - V2Scraper - INFO -   ID 289: 80 missing images, but no anime_id
2026-07-23 14:03:57,129 - V2Scraper - INFO -   ID 290: 26 missing images, but no anime_id
2026-07-23 14:03:57,130 - V2Scraper - INFO -   ID 292: 3 missing images, but no anime_id
2026-07-23 14:03:57,131 - V2Scraper - INFO -   ID 295: 36 missing images, but no anime_id
2026-07-23 14:03:57,131 - V2Scraper - INFO -   ID 296: 5 missing images, but no anime_id
2026-07-23 14:03:57,133 - V2Scraper - INFO -   ID 3: 1 missing images, but no anime_id
2026-07-23 14:03:57,134 - V2Scraper - INFO -   ID 301: 1 missing images, but no anime_id
2026-07-23 14:03:57,136 - V2Scraper - INFO -   ID 307: 5 missing images, but no anime_id
2026-07-23 14:03:57,138 - V2Scraper - INFO -   ID 31: 4 missing images, but no anime_id
2026-07-23 14:03:57,139 - V2Scraper - INFO -   ID 313: 10 missing images, but no anime_id
2026-07-23 14:03:57,143 - V2Scraper - INFO -   ID 32: 8 missing images, but no anime_id
2026-07-23 14:03:57,145 - V2Scraper - INFO -   ID 325: 3 missing images, but no anime_id
2026-07-23 14:03:57,148 - V2Scraper - INFO -   ID 33: 2 missing images, but no anime_id
2026-07-23 14:03:57,149 - V2Scraper - INFO -   ID 332: 1 missing images, but no anime_id
2026-07-23 14:03:57,149 - V2Scraper - INFO -   ID 333: 7 missing images, but no anime_id
2026-07-23 14:03:57,152 - V2Scraper - INFO -   ID 339: 10 missing images, but no anime_id
2026-07-23 14:03:57,154 - V2Scraper - INFO -   ID 342: 9 missing images, but no anime_id
2026-07-23 14:03:57,155 - V2Scraper - INFO -   ID 345: 3 missing images, but no anime_id
2026-07-23 14:03:57,156 - V2Scraper - INFO -   ID 346: 1 missing images, but no anime_id
2026-07-23 14:03:57,158 - V2Scraper - INFO -   ID 35: 7 missing images, but no anime_id
2026-07-23 14:03:57,158 - V2Scraper - INFO -   ID 350: 65 missing images, but no anime_id
2026-07-23 14:03:57,159 - V2Scraper - INFO -   ID 352: 1 missing images, but no anime_id
2026-07-23 14:03:57,161 - V2Scraper - INFO -   ID 356: 2 missing images, but no anime_id
2026-07-23 14:03:57,162 - V2Scraper - INFO -   ID 357: 14 missing images, but no anime_id
2026-07-23 14:03:57,163 - V2Scraper - INFO -   ID 359: 4 missing images, but no anime_id
2026-07-23 14:03:57,166 - V2Scraper - INFO -   ID 367: 17 missing images, but no anime_id
2026-07-23 14:03:57,168 - V2Scraper - INFO -   ID 370: 2 missing images, but no anime_id
2026-07-23 14:03:57,169 - V2Scraper - INFO -   ID 371: 68 missing images, but no anime_id
2026-07-23 14:03:57,170 - V2Scraper - INFO -   ID 372: 3 missing images, but no anime_id
2026-07-23 14:03:57,171 - V2Scraper - INFO -   ID 375: 3 missing images, but no anime_id
2026-07-23 14:03:57,172 - V2Scraper - INFO -   ID 377: 1 missing images, but no anime_id
2026-07-23 14:03:57,173 - V2Scraper - INFO -   ID 380: 21 missing images, but no anime_id
2026-07-23 14:03:57,175 - V2Scraper - INFO -   ID 383: 2 missing images, but no anime_id
2026-07-23 14:03:57,176 - V2Scraper - INFO -   ID 385: 2 missing images, but no anime_id
2026-07-23 14:03:57,177 - V2Scraper - INFO -   ID 387: 1 missing images, but no anime_id
2026-07-23 14:03:57,181 - V2Scraper - INFO -   ID 393: 1 missing images, but no anime_id
2026-07-23 14:03:57,182 - V2Scraper - INFO -   ID 394: 1 missing images, but no anime_id
2026-07-23 14:03:57,184 - V2Scraper - INFO -   ID 398: 1 missing images, but no anime_id
2026-07-23 14:03:57,190 - V2Scraper - INFO -   ID 412: 15 missing images, but no anime_id
2026-07-23 14:03:57,193 - V2Scraper - INFO -   ID 419: 25 missing images, but no anime_id
2026-07-23 14:03:57,194 - V2Scraper - INFO -   ID 422: 3 missing images, but no anime_id
2026-07-23 14:03:57,195 - V2Scraper - INFO -   ID 424: 23 missing images, but no anime_id
2026-07-23 14:03:57,196 - V2Scraper - INFO -   ID 426: 1 missing images, but no anime_id
2026-07-23 14:03:57,199 - V2Scraper - INFO -   ID 432: 1 missing images, but no anime_id
2026-07-23 14:03:57,201 - V2Scraper - INFO -   ID 436: 5 missing images, but no anime_id
2026-07-23 14:03:57,202 - V2Scraper - INFO -   ID 439: 3 missing images, but no anime_id
2026-07-23 14:03:57,203 - V2Scraper - INFO -   ID 444: 7 missing images, but no anime_id
2026-07-23 14:03:57,204 - V2Scraper - INFO -   ID 445: 15 missing images, but no anime_id
2026-07-23 14:03:57,205 - V2Scraper - INFO -   ID 447: 2 missing images, but no anime_id
2026-07-23 14:03:57,205 - V2Scraper - INFO -   ID 448: 1 missing images, but no anime_id
2026-07-23 14:03:57,213 - V2Scraper - INFO -   ID 461: 1 missing images, but no anime_id
2026-07-23 14:03:57,214 - V2Scraper - INFO -   ID 463: 2 missing images, but no anime_id
2026-07-23 14:03:57,214 - V2Scraper - INFO -   ID 464: 4 missing images, but no anime_id
2026-07-23 14:03:57,215 - V2Scraper - INFO -   ID 465: 1 missing images, but no anime_id
2026-07-23 14:03:57,216 - V2Scraper - INFO -   ID 467: 6 missing images, but no anime_id
2026-07-23 14:03:57,217 - V2Scraper - INFO -   ID 469: 3 missing images, but no anime_id
2026-07-23 14:03:57,218 - V2Scraper - INFO -   ID 470: 1 missing images, but no anime_id
2026-07-23 14:03:57,220 - V2Scraper - INFO -   ID 473: 1 missing images, but no anime_id
2026-07-23 14:03:57,220 - V2Scraper - INFO -   ID 474: 1 missing images, but no anime_id
2026-07-23 14:03:57,221 - V2Scraper - INFO -   ID 475: 6 missing images, but no anime_id
2026-07-23 14:03:57,222 - V2Scraper - INFO -   ID 477: 1 missing images, but no anime_id
2026-07-23 14:03:57,227 - V2Scraper - INFO -   ID 49: 1 missing images, but no anime_id
2026-07-23 14:03:57,229 - V2Scraper - INFO -   ID 494: 1 missing images, but no anime_id
2026-07-23 14:03:57,232 - V2Scraper - INFO -   ID 50: 3 missing images, but no anime_id
2026-07-23 14:03:57,233 - V2Scraper - INFO -   ID 503: 4 missing images, but no anime_id
2026-07-23 14:03:57,239 - V2Scraper - INFO -   ID 513: 4 missing images, but no anime_id
2026-07-23 14:03:57,240 - V2Scraper - INFO -   ID 514: 11 missing images, but no anime_id
2026-07-23 14:03:57,244 - V2Scraper - INFO -   ID 519: 1 missing images, but no anime_id
2026-07-23 14:03:57,245 - V2Scraper - INFO -   ID 521: 2 missing images, but no anime_id
2026-07-23 14:03:57,247 - V2Scraper - INFO -   ID 524: 1 missing images, but no anime_id
2026-07-23 14:03:57,253 - V2Scraper - INFO -   ID 535: 1 missing images, but no anime_id
2026-07-23 14:03:57,255 - V2Scraper - INFO -   ID 538: 7 missing images, but no anime_id
2026-07-23 14:03:57,256 - V2Scraper - INFO -   ID 539: 6 missing images, but no anime_id
2026-07-23 14:03:57,256 - V2Scraper - INFO -   ID 54: 1 missing images, but no anime_id
2026-07-23 14:03:57,256 - V2Scraper - INFO -   ID 540: 1 missing images, but no anime_id
2026-07-23 14:03:57,258 - V2Scraper - INFO -   ID 542: 7 missing images, but no anime_id
2026-07-23 14:03:57,258 - V2Scraper - INFO -   ID 543: 2 missing images, but no anime_id
2026-07-23 14:03:57,260 - V2Scraper - INFO -   ID 546: 1 missing images, but no anime_id
2026-07-23 14:03:57,262 - V2Scraper - INFO -   ID 549: 1 missing images, but no anime_id
2026-07-23 14:03:57,266 - V2Scraper - INFO -   ID 556: 3 missing images, but no anime_id
2026-07-23 14:03:57,266 - V2Scraper - INFO -   ID 557: 11 missing images, but no anime_id
2026-07-23 14:03:57,268 - V2Scraper - INFO -   ID 561: 63 missing images, but no anime_id
2026-07-23 14:03:57,269 - V2Scraper - INFO -   ID 564: 2 missing images, but no anime_id
2026-07-23 14:03:57,270 - V2Scraper - INFO -   ID 565: 148 missing images, but no anime_id
2026-07-23 14:03:57,274 - V2Scraper - INFO -   ID 573: 3 missing images, but no anime_id
2026-07-23 14:03:57,286 - V2Scraper - INFO -   ID 595: 1 missing images, but no anime_id
2026-07-23 14:03:57,288 - V2Scraper - INFO -   ID 5967: 2 missing images, but no anime_id
2026-07-23 14:03:57,290 - V2Scraper - INFO -   ID 5990: 1 missing images, but no anime_id
2026-07-23 14:03:57,291 - V2Scraper - INFO -   ID 5996: 1 missing images, but no anime_id
2026-07-23 14:03:57,291 - V2Scraper - INFO -   ID 5997: 1 missing images, but no anime_id
2026-07-23 14:03:57,292 - V2Scraper - INFO -   ID 6002: 2 missing images, but no anime_id
2026-07-23 14:03:57,293 - V2Scraper - INFO -   ID 601: 1 missing images, but no anime_id
2026-07-23 14:03:57,295 - V2Scraper - INFO -   ID 604: 1 missing images, but no anime_id
2026-07-23 14:03:57,297 - V2Scraper - INFO -   ID 6055: 3 missing images, but no anime_id
2026-07-23 14:03:57,297 - V2Scraper - INFO -   ID 6057: 4 missing images, but no anime_id
2026-07-23 14:03:57,298 - V2Scraper - INFO -   ID 6058: 99 missing images, but no anime_id
2026-07-23 14:03:57,298 - V2Scraper - INFO -   ID 6060: 6 missing images, but no anime_id
2026-07-23 14:03:57,299 - V2Scraper - INFO -   ID 6066: 1 missing images, but no anime_id
2026-07-23 14:03:57,300 - V2Scraper - INFO -   ID 6067: 29 missing images, but no anime_id
2026-07-23 14:03:57,302 - V2Scraper - INFO -   ID 6090: 6 missing images, but no anime_id
2026-07-23 14:03:57,303 - V2Scraper - INFO -   ID 6116: 1 missing images, but no anime_id
2026-07-23 14:03:57,305 - V2Scraper - INFO -   ID 6131: 29 missing images, but no anime_id
2026-07-23 14:03:57,305 - V2Scraper - INFO -   ID 6133: 13 missing images, but no anime_id
2026-07-23 14:03:57,307 - V2Scraper - INFO -   ID 6152: 1 missing images, but no anime_id
2026-07-23 14:03:57,309 - V2Scraper - INFO -   ID 6178: 35 missing images, but no anime_id
2026-07-23 14:03:57,309 - V2Scraper - INFO -   ID 6179: 3 missing images, but no anime_id
2026-07-23 14:03:57,311 - V2Scraper - INFO -   ID 620: 2 missing images, but no anime_id
2026-07-23 14:03:57,316 - V2Scraper - INFO -   ID 625: 4 missing images, but no anime_id
2026-07-23 14:03:57,319 - V2Scraper - INFO -   ID 626: 3 missing images, but no anime_id
2026-07-23 14:03:57,320 - V2Scraper - INFO -   ID 6265: 3 missing images (anime_id=F5gBooqJ1oVepAqEaLBS)
2026-07-23 14:03:59,047 - V2Scraper - INFO -   RSC: 53 places (28 total unique)
2026-07-23 14:03:59,299 - V2Scraper - INFO - Total extracted: 28 places
2026-07-23 14:04:01,303 - V2Scraper - INFO -   ID 627: 1 missing images, but no anime_id
2026-07-23 14:04:01,307 - V2Scraper - INFO -   ID 6300: 1 missing images (anime_id=OaKLJatdGQqtkk4SZWdB)
2026-07-23 14:04:02,867 - V2Scraper - INFO -   RSC: 50 places (26 total unique)
2026-07-23 14:04:03,064 - V2Scraper - INFO - Total extracted: 26 places
2026-07-23 14:04:05,068 - V2Scraper - INFO -   ID 631: 4 missing images, but no anime_id
2026-07-23 14:04:05,072 - V2Scraper - INFO -   ID 635: 1 missing images, but no anime_id
2026-07-23 14:04:05,073 - V2Scraper - INFO -   ID 6357: 1 missing images (anime_id=ZqtTUmgvqV5KPwgxSndw)
2026-07-23 14:04:06,943 - V2Scraper - INFO -   RSC: 42 places (21 total unique)
2026-07-23 14:04:07,154 - V2Scraper - INFO -   Posts API: 1 user-uploaded places
2026-07-23 14:04:07,155 - V2Scraper - INFO -   API: 1 user-uploaded places (21 total unique)
2026-07-23 14:04:07,155 - V2Scraper - INFO - Total extracted: 21 places
2026-07-23 14:04:09,158 - V2Scraper - INFO -   ID 637: 1 missing images, but no anime_id
2026-07-23 14:04:09,166 - V2Scraper - INFO -   ID 645: 2 missing images, but no anime_id
2026-07-23 14:04:09,167 - V2Scraper - INFO -   ID 6457: 1 missing images (anime_id=w5KAbfUc7AIQc5Qv4hEM)
2026-07-23 14:04:10,858 - V2Scraper - INFO -   RSC: 71 places (48 total unique)
2026-07-23 14:04:11,057 - V2Scraper - INFO - Total extracted: 48 places
2026-07-23 14:04:13,063 - V2Scraper - INFO -   ID 6488: 1 missing images, but no anime_id
2026-07-23 14:04:13,063 - V2Scraper - INFO -   ID 6489: 1 missing images, but no anime_id
2026-07-23 14:04:13,063 - V2Scraper - INFO -   ID 6492: 5 missing images, but no anime_id
2026-07-23 14:04:13,064 - V2Scraper - INFO -   ID 6493: 2 missing images, but no anime_id
2026-07-23 14:04:13,064 - V2Scraper - INFO -   ID 6494: 4 missing images, but no anime_id
2026-07-23 14:04:13,064 - V2Scraper - INFO -   ID 6495: 2 missing images, but no anime_id
2026-07-23 14:04:13,064 - V2Scraper - INFO -   ID 6497: 1 missing images, but no anime_id
2026-07-23 14:04:13,065 - V2Scraper - INFO -   ID 650: 27 missing images, but no anime_id
2026-07-23 14:04:13,065 - V2Scraper - INFO -   ID 6501: 2 missing images, but no anime_id
2026-07-23 14:04:13,065 - V2Scraper - INFO -   ID 6505: 1 missing images, but no anime_id
2026-07-23 14:04:13,065 - V2Scraper - INFO -   ID 6506: 1 missing images, but no anime_id
2026-07-23 14:04:13,065 - V2Scraper - INFO -   ID 6507: 1 missing images, but no anime_id
2026-07-23 14:04:13,066 - V2Scraper - INFO -   ID 6510: 1 missing images, but no anime_id
2026-07-23 14:04:13,066 - V2Scraper - INFO -   ID 6512: 1 missing images, but no anime_id
2026-07-23 14:04:13,066 - V2Scraper - INFO -   ID 6513: 1 missing images, but no anime_id
2026-07-23 14:04:13,066 - V2Scraper - INFO -   ID 6515: 1 missing images, but no anime_id
2026-07-23 14:04:13,066 - V2Scraper - INFO -   ID 6516: 2 missing images, but no anime_id
2026-07-23 14:04:13,067 - V2Scraper - INFO -   ID 6518: 2 missing images, but no anime_id
2026-07-23 14:04:13,067 - V2Scraper - INFO -   ID 6519: 1 missing images, but no anime_id
2026-07-23 14:04:13,067 - V2Scraper - INFO -   ID 6520: 1 missing images, but no anime_id
2026-07-23 14:04:13,067 - V2Scraper - INFO -   ID 6521: 1 missing images, but no anime_id
2026-07-23 14:04:13,067 - V2Scraper - INFO -   ID 6522: 2 missing images, but no anime_id
2026-07-23 14:04:13,067 - V2Scraper - INFO -   ID 6523: 2 missing images, but no anime_id
2026-07-23 14:04:13,068 - V2Scraper - INFO -   ID 6527: 1 missing images, but no anime_id
2026-07-23 14:04:13,068 - V2Scraper - INFO -   ID 6528: 2 missing images, but no anime_id
2026-07-23 14:04:13,068 - V2Scraper - INFO -   ID 653: 5 missing images, but no anime_id
2026-07-23 14:04:13,069 - V2Scraper - INFO -   ID 6542: 3 missing images, but no anime_id
2026-07-23 14:04:13,069 - V2Scraper - INFO -   ID 6543: 14 missing images, but no anime_id
2026-07-23 14:04:13,073 - V2Scraper - INFO -   ID 6548: 195 missing images, but no anime_id
2026-07-23 14:04:13,074 - V2Scraper - INFO -   ID 6553: 2 missing images, but no anime_id
2026-07-23 14:04:13,076 - V2Scraper - INFO -   ID 6565: 47 missing images, but no anime_id
2026-07-23 14:04:13,077 - V2Scraper - INFO -   ID 657: 2 missing images, but no anime_id
2026-07-23 14:04:13,078 - V2Scraper - INFO -   ID 6575: 7 missing images, but no anime_id
2026-07-23 14:04:13,079 - V2Scraper - INFO -   ID 6589: 1 missing images, but no anime_id
2026-07-23 14:04:13,079 - V2Scraper - INFO -   ID 6590: 1 missing images, but no anime_id
2026-07-23 14:04:13,079 - V2Scraper - INFO -   ID 6591: 5 missing images, but no anime_id
2026-07-23 14:04:13,080 - V2Scraper - INFO -   ID 6592: 1 missing images, but no anime_id
2026-07-23 14:04:13,080 - V2Scraper - INFO -   ID 6595: 1 missing images, but no anime_id
2026-07-23 14:04:13,081 - V2Scraper - INFO -   ID 66: 153 missing images, but no anime_id
2026-07-23 14:04:13,083 - V2Scraper - INFO -   ID 6605: 1 missing images, but no anime_id
2026-07-23 14:04:13,083 - V2Scraper - INFO -   ID 6607: 13 missing images, but no anime_id
2026-07-23 14:04:13,084 - V2Scraper - INFO -   ID 661: 60 missing images, but no anime_id
2026-07-23 14:04:13,084 - V2Scraper - INFO -   ID 6614: 23 missing images, but no anime_id
2026-07-23 14:04:13,085 - V2Scraper - INFO -   ID 6621: 27 missing images, but no anime_id
2026-07-23 14:04:13,087 - V2Scraper - INFO -   ID 6629: 7 missing images, but no anime_id
2026-07-23 14:04:13,088 - V2Scraper - INFO -   ID 6630: 9 missing images, but no anime_id
2026-07-23 14:04:13,088 - V2Scraper - INFO -   ID 6637: 88 missing images, but no anime_id
2026-07-23 14:04:13,093 - V2Scraper - INFO -   ID 667: 1 missing images, but no anime_id
2026-07-23 14:04:13,094 - V2Scraper - INFO -   ID 6672: 1 missing images, but no anime_id
2026-07-23 14:04:13,094 - V2Scraper - INFO -   ID 6673: 36 missing images, but no anime_id
2026-07-23 14:04:13,097 - V2Scraper - INFO -   ID 6694: 19 missing images, but no anime_id
2026-07-23 14:04:13,097 - V2Scraper - INFO -   ID 6700: 6 missing images, but no anime_id
2026-07-23 14:04:13,098 - V2Scraper - INFO -   ID 6705: 2 missing images, but no anime_id
2026-07-23 14:04:13,100 - V2Scraper - INFO -   ID 6711: 1 missing images, but no anime_id
2026-07-23 14:04:13,100 - V2Scraper - INFO -   ID 6713: 23 missing images, but no anime_id
2026-07-23 14:04:13,101 - V2Scraper - INFO -   ID 6717: 10 missing images, but no anime_id
2026-07-23 14:04:13,102 - V2Scraper - INFO -   ID 6722: 42 missing images, but no anime_id
2026-07-23 14:04:13,102 - V2Scraper - INFO -   ID 6724: 4 missing images, but no anime_id
2026-07-23 14:04:13,102 - V2Scraper - INFO -   ID 6729: 2 missing images, but no anime_id
2026-07-23 14:04:13,103 - V2Scraper - INFO -   ID 6732: 5 missing images, but no anime_id
2026-07-23 14:04:13,103 - V2Scraper - INFO -   ID 6737: 13 missing images, but no anime_id
2026-07-23 14:04:13,103 - V2Scraper - INFO -   ID 6738: 7 missing images, but no anime_id
2026-07-23 14:04:13,104 - V2Scraper - INFO -   ID 6757: 2 missing images, but no anime_id
2026-07-23 14:04:13,105 - V2Scraper - INFO -   ID 6760: 21 missing images, but no anime_id
2026-07-23 14:04:13,106 - V2Scraper - INFO -   ID 6773: 4 missing images, but no anime_id
2026-07-23 14:04:13,107 - V2Scraper - INFO -   ID 6783: 2 missing images, but no anime_id
2026-07-23 14:04:13,107 - V2Scraper - INFO -   ID 6793: 1 missing images, but no anime_id
2026-07-23 14:04:13,108 - V2Scraper - INFO -   ID 6798: 5 missing images (anime_id=Dts24mB9vQ2lpeOlu0sm)
2026-07-23 14:04:14,754 - V2Scraper - INFO -   RSC: 13 places (6 total unique)
2026-07-23 14:04:14,965 - V2Scraper - INFO -   Posts API: 1 user-uploaded places
2026-07-23 14:04:14,965 - V2Scraper - INFO -   API: 1 user-uploaded places (6 total unique)
2026-07-23 14:04:14,965 - V2Scraper - INFO - Total extracted: 6 places
2026-07-23 14:04:16,968 - V2Scraper - INFO -   ID 68: 2 missing images, but no anime_id
2026-07-23 14:04:16,968 - V2Scraper - INFO -   ID 6800: 1 missing images, but no anime_id
2026-07-23 14:04:16,969 - V2Scraper - INFO -   ID 6803: 1 missing images, but no anime_id
2026-07-23 14:04:16,970 - V2Scraper - INFO -   ID 6812: 7 missing images, but no anime_id
2026-07-23 14:04:16,970 - V2Scraper - INFO -   ID 6813: 11 missing images, but no anime_id
2026-07-23 14:04:16,970 - V2Scraper - INFO -   ID 6814: 13 missing images, but no anime_id
2026-07-23 14:04:16,970 - V2Scraper - INFO -   ID 6815: 36 missing images, but no anime_id
2026-07-23 14:04:16,971 - V2Scraper - INFO -   ID 6826: 1 missing images, but no anime_id
2026-07-23 14:04:16,972 - V2Scraper - INFO -   ID 6832: 2 missing images, but no anime_id
2026-07-23 14:04:16,973 - V2Scraper - INFO -   ID 6839: 8 missing images (anime_id=Q5sGWTURXZRsHIhzUbAH)
2026-07-23 14:04:18,579 - V2Scraper - INFO -   RSC: 18 places (9 total unique)
2026-07-23 14:04:18,786 - V2Scraper - INFO -   Posts API: 1 user-uploaded places
2026-07-23 14:04:18,786 - V2Scraper - INFO -   API: 1 user-uploaded places (9 total unique)
2026-07-23 14:04:18,786 - V2Scraper - INFO - Total extracted: 9 places
2026-07-23 14:04:20,789 - V2Scraper - INFO -   ID 684: 2 missing images, but no anime_id
2026-07-23 14:04:20,790 - V2Scraper - INFO -   ID 6844: 43 missing images, but no anime_id
2026-07-23 14:04:20,790 - V2Scraper - INFO -   ID 6845: 12 missing images, but no anime_id
2026-07-23 14:04:20,790 - V2Scraper - INFO -   ID 6846: 17 missing images, but no anime_id
2026-07-23 14:04:20,790 - V2Scraper - INFO -   ID 6847: 6 missing images, but no anime_id
2026-07-23 14:04:20,790 - V2Scraper - INFO -   ID 6848: 5 missing images, but no anime_id
2026-07-23 14:04:20,791 - V2Scraper - INFO -   ID 6849: 17 missing images, but no anime_id
2026-07-23 14:04:20,791 - V2Scraper - INFO -   ID 6850: 6 missing images, but no anime_id
2026-07-23 14:04:20,791 - V2Scraper - INFO -   ID 6851: 14 missing images, but no anime_id
2026-07-23 14:04:20,791 - V2Scraper - INFO -   ID 6852: 14 missing images, but no anime_id
2026-07-23 14:04:20,791 - V2Scraper - INFO -   ID 6853: 12 missing images, but no anime_id
2026-07-23 14:04:20,792 - V2Scraper - INFO -   ID 6854: 12 missing images, but no anime_id
2026-07-23 14:04:20,792 - V2Scraper - INFO -   ID 6855: 33 missing images, but no anime_id
2026-07-23 14:04:20,792 - V2Scraper - INFO -   ID 6856: 10 missing images, but no anime_id
2026-07-23 14:04:20,792 - V2Scraper - INFO -   ID 6857: 43 missing images, but no anime_id
2026-07-23 14:04:20,792 - V2Scraper - INFO -   ID 6858: 6 missing images, but no anime_id
2026-07-23 14:04:20,792 - V2Scraper - INFO -   ID 6859: 14 missing images, but no anime_id
2026-07-23 14:04:20,793 - V2Scraper - INFO -   ID 6860: 8 missing images, but no anime_id
2026-07-23 14:04:20,793 - V2Scraper - INFO -   ID 6861: 7 missing images, but no anime_id
2026-07-23 14:04:20,793 - V2Scraper - INFO -   ID 6862: 4 missing images, but no anime_id
2026-07-23 14:04:20,793 - V2Scraper - INFO -   ID 6863: 2 missing images, but no anime_id
2026-07-23 14:04:20,793 - V2Scraper - INFO -   ID 6864: 3 missing images, but no anime_id
2026-07-23 14:04:20,793 - V2Scraper - INFO -   ID 6865: 2 missing images, but no anime_id
2026-07-23 14:04:20,794 - V2Scraper - INFO -   ID 6866: 1 missing images, but no anime_id
2026-07-23 14:04:20,794 - V2Scraper - INFO -   ID 6867: 6 missing images, but no anime_id
2026-07-23 14:04:20,794 - V2Scraper - INFO -   ID 6868: 5 missing images, but no anime_id
2026-07-23 14:04:20,794 - V2Scraper - INFO -   ID 6869: 1 missing images, but no anime_id
2026-07-23 14:04:20,794 - V2Scraper - INFO -   ID 6870: 5 missing images, but no anime_id
2026-07-23 14:04:20,794 - V2Scraper - INFO -   ID 6871: 4 missing images, but no anime_id
2026-07-23 14:04:20,795 - V2Scraper - INFO -   ID 6872: 4 missing images, but no anime_id
2026-07-23 14:04:20,795 - V2Scraper - INFO -   ID 6873: 15 missing images, but no anime_id
2026-07-23 14:04:20,795 - V2Scraper - INFO -   ID 6874: 3 missing images, but no anime_id
2026-07-23 14:04:20,795 - V2Scraper - INFO -   ID 6875: 1 missing images, but no anime_id
2026-07-23 14:04:20,795 - V2Scraper - INFO -   ID 6876: 5 missing images, but no anime_id
2026-07-23 14:04:20,795 - V2Scraper - INFO -   ID 6877: 5 missing images, but no anime_id
2026-07-23 14:04:20,796 - V2Scraper - INFO -   ID 6878: 2 missing images, but no anime_id
2026-07-23 14:04:20,796 - V2Scraper - INFO -   ID 6879: 10 missing images, but no anime_id
2026-07-23 14:04:20,796 - V2Scraper - INFO -   ID 6880: 1 missing images, but no anime_id
2026-07-23 14:04:20,796 - V2Scraper - INFO -   ID 6881: 14 missing images, but no anime_id
2026-07-23 14:04:20,796 - V2Scraper - INFO -   ID 6882: 28 missing images, but no anime_id
2026-07-23 14:04:20,797 - V2Scraper - INFO -   ID 6883: 2 missing images, but no anime_id
2026-07-23 14:04:20,797 - V2Scraper - INFO -   ID 6884: 3 missing images, but no anime_id
2026-07-23 14:04:20,797 - V2Scraper - INFO -   ID 6885: 4 missing images, but no anime_id
2026-07-23 14:04:20,797 - V2Scraper - INFO -   ID 6886: 6 missing images, but no anime_id
2026-07-23 14:04:20,797 - V2Scraper - INFO -   ID 6887: 8 missing images, but no anime_id
2026-07-23 14:04:20,797 - V2Scraper - INFO -   ID 6888: 4 missing images, but no anime_id
2026-07-23 14:04:20,798 - V2Scraper - INFO -   ID 6889: 37 missing images, but no anime_id
2026-07-23 14:04:20,798 - V2Scraper - INFO -   ID 6890: 9 missing images, but no anime_id
2026-07-23 14:04:20,798 - V2Scraper - INFO -   ID 6891: 9 missing images, but no anime_id
2026-07-23 14:04:20,798 - V2Scraper - INFO -   ID 6892: 10 missing images, but no anime_id
2026-07-23 14:04:20,798 - V2Scraper - INFO -   ID 6893: 10 missing images, but no anime_id
2026-07-23 14:04:20,798 - V2Scraper - INFO -   ID 6894: 14 missing images, but no anime_id
2026-07-23 14:04:20,799 - V2Scraper - INFO -   ID 6895: 42 missing images, but no anime_id
2026-07-23 14:04:20,799 - V2Scraper - INFO -   ID 6896: 47 missing images, but no anime_id
2026-07-23 14:04:20,799 - V2Scraper - INFO -   ID 6897: 15 missing images, but no anime_id
2026-07-23 14:04:20,799 - V2Scraper - INFO -   ID 6898: 7 missing images, but no anime_id
2026-07-23 14:04:20,800 - V2Scraper - INFO -   ID 6899: 80 missing images, but no anime_id
2026-07-23 14:04:20,800 - V2Scraper - INFO -   ID 69: 1 missing images, but no anime_id
2026-07-23 14:04:20,801 - V2Scraper - INFO -   ID 6900: 1 missing images, but no anime_id
2026-07-23 14:04:20,801 - V2Scraper - INFO -   ID 6901: 2 missing images, but no anime_id
2026-07-23 14:04:20,801 - V2Scraper - INFO -   ID 6902: 15 missing images, but no anime_id
2026-07-23 14:04:20,801 - V2Scraper - INFO -   ID 6903: 18 missing images, but no anime_id
2026-07-23 14:04:20,801 - V2Scraper - INFO -   ID 6904: 60 missing images, but no anime_id
2026-07-23 14:04:20,801 - V2Scraper - INFO -   ID 6905: 5 missing images, but no anime_id
2026-07-23 14:04:20,802 - V2Scraper - INFO -   ID 6906: 52 missing images, but no anime_id
2026-07-23 14:04:20,802 - V2Scraper - INFO -   ID 6907: 5 missing images, but no anime_id
2026-07-23 14:04:20,802 - V2Scraper - INFO -   ID 6908: 6 missing images, but no anime_id
2026-07-23 14:04:20,802 - V2Scraper - INFO -   ID 6909: 2 missing images, but no anime_id
2026-07-23 14:04:20,803 - V2Scraper - INFO -   ID 6910: 5 missing images, but no anime_id
2026-07-23 14:04:20,803 - V2Scraper - INFO -   ID 6911: 35 missing images, but no anime_id
2026-07-23 14:04:20,804 - V2Scraper - INFO -   ID 6912: 62 missing images, but no anime_id
2026-07-23 14:04:20,804 - V2Scraper - INFO -   ID 6913: 3 missing images, but no anime_id
2026-07-23 14:04:20,804 - V2Scraper - INFO -   ID 6920: 3 missing images (anime_id=fNMHHPGHtnQ928juROn7)
2026-07-23 14:04:22,382 - V2Scraper - INFO -   RSC: 9 places (3 total unique)
2026-07-23 14:04:22,583 - V2Scraper - INFO -   Posts API: 3 user-uploaded places
2026-07-23 14:04:22,584 - V2Scraper - INFO -   API: 3 user-uploaded places (3 total unique)
2026-07-23 14:04:22,584 - V2Scraper - INFO - Total extracted: 3 places
2026-07-23 14:04:24,586 - V2Scraper - INFO -   ID 6921: 1 missing images (anime_id=ztYqVosnEOhoNlPRvVCo)
2026-07-23 14:04:26,132 - V2Scraper - INFO -   RSC: 3 places (1 total unique)
2026-07-23 14:04:26,363 - V2Scraper - INFO -   Posts API: 1 user-uploaded places
2026-07-23 14:04:26,363 - V2Scraper - INFO -   API: 1 user-uploaded places (1 total unique)
2026-07-23 14:04:26,363 - V2Scraper - INFO - Total extracted: 1 places
2026-07-23 14:04:28,366 - V2Scraper - INFO -   ID 6923: 3 missing images (anime_id=RLvmUUdAaqEDbvILfPsq)
2026-07-23 14:04:29,949 - V2Scraper - INFO -   RSC: 6 places (3 total unique)
2026-07-23 14:04:30,153 - V2Scraper - INFO - Total extracted: 3 places
2026-07-23 14:04:32,156 - V2Scraper - INFO -   ID 6924: 10 missing images (anime_id=txYgEfCLSykeTWemzp22)
2026-07-23 14:04:33,677 - V2Scraper - INFO -   RSC: 28 places (14 total unique)
2026-07-23 14:04:33,876 - V2Scraper - INFO - Total extracted: 14 places
2026-07-23 14:04:35,878 - V2Scraper - INFO -   ID 6925: 5 missing images (anime_id=7qKvxoZi4qfqT9hPApwM)
2026-07-23 14:04:37,386 - V2Scraper - INFO -   RSC: 17 places (7 total unique)
2026-07-23 14:04:37,596 - V2Scraper - INFO -   Posts API: 7 user-uploaded places
2026-07-23 14:04:37,596 - V2Scraper - INFO -   API: 7 user-uploaded places (7 total unique)
2026-07-23 14:04:37,596 - V2Scraper - INFO - Total extracted: 7 places
2026-07-23 14:04:39,599 - V2Scraper - INFO -   ID 6929: 1 missing images, but no anime_id
2026-07-23 14:04:39,600 - V2Scraper - INFO -   ID 6932: 1 missing images (anime_id=KxxurNxXiTegfvduCkyC)
2026-07-23 14:04:41,123 - V2Scraper - INFO -   RSC: 2 places (1 total unique)
2026-07-23 14:04:41,385 - V2Scraper - INFO - Total extracted: 1 places
2026-07-23 14:04:43,389 - V2Scraper - INFO -   ID 704: 7 missing images, but no anime_id
2026-07-23 14:04:43,390 - V2Scraper - INFO -   ID 71: 3 missing images, but no anime_id
2026-07-23 14:04:43,390 - V2Scraper - INFO -   ID 710: 17 missing images, but no anime_id
2026-07-23 14:04:43,391 - V2Scraper - INFO -   ID 73: 1 missing images, but no anime_id
2026-07-23 14:04:43,392 - V2Scraper - INFO -   ID 733: 30 missing images, but no anime_id
2026-07-23 14:04:43,393 - V2Scraper - INFO -   ID 741: 1 missing images, but no anime_id
2026-07-23 14:04:43,394 - V2Scraper - INFO -   ID 75: 3 missing images, but no anime_id
2026-07-23 14:04:43,395 - V2Scraper - INFO -   ID 753: 1 missing images, but no anime_id
2026-07-23 14:04:43,396 - V2Scraper - INFO -   ID 756: 6 missing images, but no anime_id
2026-07-23 14:04:43,396 - V2Scraper - INFO -   ID 757: 1 missing images, but no anime_id
2026-07-23 14:04:43,397 - V2Scraper - INFO -   ID 77: 5 missing images, but no anime_id
2026-07-23 14:04:43,398 - V2Scraper - INFO -   ID 778: 7 missing images, but no anime_id
2026-07-23 14:04:43,399 - V2Scraper - INFO -   ID 784: 5 missing images, but no anime_id
2026-07-23 14:04:43,400 - V2Scraper - INFO -   ID 79: 5 missing images, but no anime_id
2026-07-23 14:04:43,402 - V2Scraper - INFO -   ID 797: 4 missing images, but no anime_id
2026-07-23 14:04:43,403 - V2Scraper - INFO -   ID 809: 1 missing images, but no anime_id
2026-07-23 14:04:43,403 - V2Scraper - INFO -   ID 81: 52 missing images, but no anime_id
2026-07-23 14:04:43,405 - V2Scraper - INFO -   ID 816: 17 missing images, but no anime_id
2026-07-23 14:04:43,407 - V2Scraper - INFO -   ID 83: 6 missing images, but no anime_id
2026-07-23 14:04:43,410 - V2Scraper - INFO -   ID 834: 3 missing images, but no anime_id
2026-07-23 14:04:43,411 - V2Scraper - INFO -   ID 836: 13 missing images, but no anime_id
2026-07-23 14:04:43,411 - V2Scraper - INFO -   ID 844: 2 missing images, but no anime_id
2026-07-23 14:04:43,411 - V2Scraper - INFO -   ID 846: 15 missing images, but no anime_id
2026-07-23 14:04:43,412 - V2Scraper - INFO -   ID 851: 2 missing images, but no anime_id
2026-07-23 14:04:43,412 - V2Scraper - INFO -   ID 854: 1 missing images, but no anime_id
2026-07-23 14:04:43,416 - V2Scraper - INFO -   ID 872: 2 missing images, but no anime_id
2026-07-23 14:04:43,420 - V2Scraper - INFO -   ID 878: 1 missing images, but no anime_id
2026-07-23 14:04:43,420 - V2Scraper - INFO -   ID 881: 3 missing images, but no anime_id
2026-07-23 14:04:43,421 - V2Scraper - INFO -   ID 887: 2 missing images, but no anime_id
2026-07-23 14:04:43,422 - V2Scraper - INFO -   ID 89: 52 missing images, but no anime_id
2026-07-23 14:04:43,425 - V2Scraper - INFO -   ID 9: 13 missing images, but no anime_id
2026-07-23 14:04:43,427 - V2Scraper - INFO -   ID 912: 1 missing images, but no anime_id
2026-07-23 14:04:43,428 - V2Scraper - INFO -   ID 920: 16 missing images, but no anime_id
2026-07-23 14:04:43,428 - V2Scraper - INFO -   ID 924: 27 missing images, but no anime_id
2026-07-23 14:04:43,430 - V2Scraper - INFO -   ID 94: 11 missing images, but no anime_id
2026-07-23 14:04:43,432 - V2Scraper - INFO -   ID 944: 1 missing images, but no anime_id
2026-07-23 14:04:43,437 - V2Scraper - INFO -   ID 99: 52 missing images, but no anime_id
2026-07-23 14:04:43,440 - V2Scraper - INFO - Backfilled 0 images across 0 anime
2026-07-24 13:38:58,747 - V2Scraper - INFO - ============================================================
2026-07-24 13:38:58,748 - V2Scraper - INFO - Anime Pilgrimage V2 Scraper - Starting
2026-07-24 13:38:58,748 - V2Scraper - INFO - ============================================================
2026-07-24 13:38:58,748 - V2Scraper - INFO - Fetching anime list from sitemap.xml...
2026-07-24 13:38:59,974 - V2Scraper - INFO - Sitemap: 292 anime
2026-07-24 13:38:59,974 - V2Scraper - INFO - Found 292 anime
2026-07-24 13:38:59,975 - V2Scraper - INFO -   1. Days With My Stepsister (04krYkLnGxdyZnphVjQD)
2026-07-24 13:38:59,975 - V2Scraper - INFO -   2. Tonikawa (0AvGlAgPpCxpeHIuaJPN)
2026-07-24 13:38:59,975 - V2Scraper - INFO -   3. Girls Band Cry (0MKV87agZS5NoAaTX6B0)
2026-07-24 13:38:59,975 - V2Scraper - INFO -   4. Tokyo Revengers (0eav7fRw7FpJyEOwfQKl)
2026-07-24 13:38:59,975 - V2Scraper - INFO -   5. Jujutsu Kaisen 1 (0krqHxVPwJzgjw4B5AJN)
2026-07-24 13:38:59,975 - V2Scraper - INFO -   ... and 287 more
2026-07-24 13:38:59,975 - V2Scraper - INFO - Will scrape 292 anime
2026-07-24 13:39:00,003 - V2Scraper - INFO - 
[1/292] Days With My Stepsister (04krYkLnGxdyZnphVjQD)
2026-07-24 13:39:00,003 - V2Scraper - INFO -   Already exists (ID 6198), checking for updates...
2026-07-24 13:39:00,003 - V2Scraper - INFO -   Existing points: 21
2026-07-24 13:39:01,499 - V2Scraper - INFO -   RSC: 41 places (21 total unique)
2026-07-24 13:39:01,887 - V2Scraper - INFO - Total extracted: 21 places
2026-07-24 13:39:01,887 - V2Scraper - INFO -   No new points or corrections needed
2026-07-24 13:39:01,887 - V2Scraper - INFO -   No updates needed
2026-07-24 13:39:02,889 - V2Scraper - INFO - 
[2/292] Tonikawa (0AvGlAgPpCxpeHIuaJPN)
2026-07-24 13:39:02,889 - V2Scraper - INFO -   Already exists (ID 6199), checking for updates...
2026-07-24 13:39:02,889 - V2Scraper - INFO -   Existing points: 7
2026-07-24 13:39:04,175 - V2Scraper - INFO -   RSC: 14 places (7 total unique)
2026-07-24 13:39:04,400 - V2Scraper - INFO - Total extracted: 7 places
2026-07-24 13:39:04,400 - V2Scraper - INFO -   No new points or corrections needed
2026-07-24 13:39:04,400 - V2Scraper - INFO -   No updates needed
2026-07-24 13:39:05,402 - V2Scraper - INFO - 
[3/292] Girls Band Cry (0MKV87agZS5NoAaTX6B0)
2026-07-24 13:39:05,402 - V2Scraper - INFO -   Already exists (ID 6200), checking for updates...
2026-07-24 13:39:05,402 - V2Scraper - INFO -   Existing points: 91
2026-07-24 13:39:06,722 - V2Scraper - INFO -   RSC: 115 places (90 total unique)
2026-07-24 13:39:06,931 - V2Scraper - INFO -   Posts API: 1 user-uploaded places
2026-07-24 13:39:06,931 - V2Scraper - INFO -   API: 1 user-uploaded places (90 total unique)
2026-07-24 13:39:06,931 - V2Scraper - INFO - Total extracted: 90 places
2026-07-24 13:39:06,931 - V2Scraper - INFO -   Found 1 new points!
2026-07-24 13:39:08,450 - V2Scraper - INFO -   ✅ +1 new points
2026-07-24 13:39:09,451 - V2Scraper - INFO - 
[4/292] Tokyo Revengers (0eav7fRw7FpJyEOwfQKl)
2026-07-24 13:39:09,451 - V2Scraper - INFO -   Already exists (ID 6201), checking for updates...
2026-07-24 13:39:09,452 - V2Scraper - INFO -   Existing points: 26
2026-07-24 13:39:10,651 - V2Scraper - INFO -   RSC: 52 places (26 total unique)
2026-07-24 13:39:10,880 - V2Scraper - INFO -   Posts API: 1 user-uploaded places
2026-07-24 13:39:10,880 - V2Scraper - INFO -   API: 1 user-uploaded places (26 total unique)
2026-07-24 13:39:10,880 - V2Scraper - INFO - Total extracted: 26 places
2026-07-24 13:39:10,880 - V2Scraper - INFO -   No new points or corrections needed
2026-07-24 13:39:10,880 - V2Scraper - INFO -   No updates needed
2026-07-24 13:39:11,881 - V2Scraper - INFO - 
[5/292] Jujutsu Kaisen 1 (0krqHxVPwJzgjw4B5AJN)
2026-07-24 13:39:11,882 - V2Scraper - INFO -   Already exists (ID 6202), checking for updates...
2026-07-24 13:39:11,882 - V2Scraper - INFO -   Existing points: 36
2026-07-24 13:39:13,167 - V2Scraper - INFO -   RSC: 59 places (36 total unique)
2026-07-24 13:39:13,368 - V2Scraper - INFO - Total extracted: 36 places
2026-07-24 13:39:13,368 - V2Scraper - INFO -   No new points or corrections needed
2026-07-24 13:39:13,368 - V2Scraper - INFO -   No updates needed
2026-07-24 13:39:14,369 - V2Scraper - INFO - 
[6/292] Kaguya Sama S1 (0xrJOK7da7qvAXCrTTJ6)
2026-07-24 13:39:14,370 - V2Scraper - INFO -   Already exists (ID 6203), checking for updates...
2026-07-24 13:39:14,370 - V2Scraper - INFO -   Existing points: 15
2026-07-24 13:39:15,709 - V2Scraper - INFO -   RSC: 30 places (15 total unique)
2026-07-24 13:39:15,900 - V2Scraper - INFO - Total extracted: 15 places
2026-07-24 13:39:15,901 - V2Scraper - INFO -   No new points or corrections needed
2026-07-24 13:39:15,901 - V2Scraper - INFO -   No updates needed
2026-07-24 13:39:16,902 - V2Scraper - INFO - 
[7/292] Wonder Egg Priority (1IcHGFHi8jBaDrG3fSQo)
2026-07-24 13:39:16,902 - V2Scraper - INFO -   Already exists (ID 6204), checking for updates...
2026-07-24 13:39:16,903 - V2Scraper - INFO -   Existing points: 39
2026-07-24 13:39:18,314 - V2Scraper - INFO -   RSC: 64 places (39 total unique)
2026-07-24 13:39:18,514 - V2Scraper - INFO - Total extracted: 39 places
2026-07-24 13:39:18,515 - V2Scraper - INFO -   No new points or corrections needed
2026-07-24 13:39:18,515 - V2Scraper - INFO -   No updates needed
2026-07-24 13:39:19,516 - V2Scraper - INFO - 
[8/292] Mashle 2 (1M3MAFU6v1pvBnx8HHEq)
2026-07-24 13:39:19,516 - V2Scraper - INFO -   Already exists (ID 6205), checking for updates...
2026-07-24 13:39:19,517 - V2Scraper - INFO -   Existing points: 8
2026-07-24 13:39:20,783 - V2Scraper - INFO -   RSC: 16 places (8 total unique)
2026-07-24 13:39:20,983 - V2Scraper - INFO - Total extracted: 8 places
2026-07-24 13:39:20,984 - V2Scraper - INFO -   No new points or corrections needed
2026-07-24 13:39:20,984 - V2Scraper - INFO -   No updates needed
2026-07-24 13:39:21,985 - V2Scraper - INFO - 
[9/292] Sound Euphonium Ensemble Contest Arc (1Y4ZSYLqASYfeZRC4q26)
2026-07-24 13:39:21,985 - V2Scraper - INFO -   Already exists (ID 6206), checking for updates...
2026-07-24 13:39:21,986 - V2Scraper - INFO -   Existing points: 4
2026-07-24 13:39:23,148 - V2Scraper - INFO -   RSC: 8 places (4 total unique)
2026-07-24 13:39:23,348 - V2Scraper - INFO - Total extracted: 4 places
2026-07-24 13:39:23,348 - V2Scraper - INFO -   No new points or corrections needed
2026-07-24 13:39:23,348 - V2Scraper - INFO -   No updates needed
2026-07-24 13:39:24,349 - V2Scraper - INFO - 
[10/292] The Day I Became A God (2Qn88kmQZgyF4hkwvH9V)
2026-07-24 13:39:24,349 - V2Scraper - INFO -   Already exists (ID 6207), checking for updates...
2026-07-24 13:39:24,350 - V2Scraper - INFO -   Existing points: 53
2026-07-24 13:39:25,553 - V2Scraper - INFO -   RSC: 77 places (53 total unique)
2026-07-24 13:39:25,758 - V2Scraper - INFO - Total extracted: 53 places
2026-07-24 13:39:25,759 - V2Scraper - INFO -   No new points or corrections needed
2026-07-24 13:39:25,759 - V2Scraper - INFO -   No updates needed
2026-07-24 13:39:26,760 - V2Scraper - INFO - 
[11/292] Blue Orchestra (2fnFUFrnX38hq4LyHjQ9)
2026-07-24 13:39:26,760 - V2Scraper - INFO -   Already exists (ID 6208), checking for updates...
2026-07-24 13:39:26,761 - V2Scraper - INFO -   Existing points: 39
2026-07-24 13:39:27,954 - V2Scraper - INFO -   RSC: 63 places (39 total unique)
2026-07-24 13:39:28,151 - V2Scraper - INFO - Total extracted: 39 places
2026-07-24 13:39:28,152 - V2Scraper - INFO -   No new points or corrections needed
2026-07-24 13:39:28,152 - V2Scraper - INFO -   No updates needed
2026-07-24 13:39:29,153 - V2Scraper - INFO - 
[12/292] Ssss Dynazenon (2jBMuj47DmkLyXspvbb3)
2026-07-24 13:39:29,153 - V2Scraper - INFO -   Already exists (ID 6209), checking for updates...
2026-07-24 13:39:29,154 - V2Scraper - INFO -   Existing points: 18
2026-07-24 13:39:30,268 - V2Scraper - INFO -   RSC: 36 places (18 total unique)
2026-07-24 13:39:30,491 - V2Scraper - INFO - Total extracted: 18 places
2026-07-24 13:39:30,492 - V2Scraper - INFO -   No new points or corrections needed
2026-07-24 13:39:30,492 - V2Scraper - INFO -   No updates needed
2026-07-24 13:39:31,493 - V2Scraper - INFO - 
[13/292] New Game (3aCI73vQcF1oy3bw17Fl)
2026-07-24 13:39:31,493 - V2Scraper - INFO -   Already exists (ID 6210), checking for updates...
2026-07-24 13:39:31,494 - V2Scraper - INFO -   Existing points: 26
2026-07-24 13:39:32,791 - V2Scraper - INFO -   RSC: 50 places (26 total unique)
2026-07-24 13:39:33,004 - V2Scraper - INFO - Total extracted: 26 places
2026-07-24 13:39:33,005 - V2Scraper - INFO -   No new points or corrections needed
2026-07-24 13:39:33,005 - V2Scraper - INFO -   No updates needed
2026-07-24 13:39:34,006 - V2Scraper - INFO - 
[14/292] Amagami Sister (41qdCtiQIC4yNwpe8kWk)
2026-07-24 13:39:34,006 - V2Scraper - INFO -   Already exists (ID 6211), checking for updates...
2026-07-24 13:39:34,007 - V2Scraper - INFO -   Existing points: 49
2026-07-24 13:39:35,300 - V2Scraper - INFO -   RSC: 73 places (49 total unique)
2026-07-24 13:39:35,529 - V2Scraper - INFO - Total extracted: 49 places
2026-07-24 13:39:35,530 - V2Scraper - INFO -   No new points or corrections needed
2026-07-24 13:39:35,530 - V2Scraper - INFO -   No updates needed
2026-07-24 13:39:36,531 - V2Scraper - INFO - 
[15/292] Blue Period (4Dfm522fI1VWDj56dqkN)
2026-07-24 13:39:36,531 - V2Scraper - INFO -   Already exists (ID 6212), checking for updates...
2026-07-24 13:39:36,532 - V2Scraper - INFO -   Existing points: 18
2026-07-24 13:39:37,771 - V2Scraper - INFO -   RSC: 36 places (18 total unique)
2026-07-24 13:39:37,972 - V2Scraper - INFO - Total extracted: 18 places
2026-07-24 13:39:37,972 - V2Scraper - INFO -   No new points or corrections needed
2026-07-24 13:39:37,972 - V2Scraper - INFO -   No updates needed
2026-07-24 13:39:38,974 - V2Scraper - INFO - 
[16/292] Onimai (4aS0VtqJxde7q4nVBDYT)
2026-07-24 13:39:38,974 - V2Scraper - INFO -   Already exists (ID 6213), checking for updates...
2026-07-24 13:39:38,974 - V2Scraper - INFO -   Existing points: 8
2026-07-24 13:39:40,117 - V2Scraper - INFO -   RSC: 16 places (8 total unique)
2026-07-24 13:39:40,342 - V2Scraper - INFO - Total extracted: 8 places
2026-07-24 13:39:40,342 - V2Scraper - INFO -   No new points or corrections needed
2026-07-24 13:39:40,342 - V2Scraper - INFO -   No updates needed
2026-07-24 13:39:41,343 - V2Scraper - INFO - 
[17/292] Dagashi Kashi 2 (4h4wxGAFDIAIb7Aip05j)
2026-07-24 13:39:41,344 - V2Scraper - INFO -   Already exists (ID 6214), checking for updates...
2026-07-24 13:39:41,344 - V2Scraper - INFO -   Existing points: 5
2026-07-24 13:39:42,531 - V2Scraper - INFO -   RSC: 10 places (5 total unique)
2026-07-24 13:39:42,754 - V2Scraper - INFO - Total extracted: 5 places
2026-07-24 13:39:42,754 - V2Scraper - INFO -   No new points or corrections needed
2026-07-24 13:39:42,754 - V2Scraper - INFO -   No updates needed
2026-07-24 13:39:43,755 - V2Scraper - INFO - 
[18/292] Rent A Girlfriend (4qj55JHEmZFWloUisn7T)
2026-07-24 13:39:43,755 - V2Scraper - INFO -   Already exists (ID 6215), checking for updates...
2026-07-24 13:39:44,046 - V2Scraper - INFO -   Existing points: 15
2026-07-24 13:39:45,248 - V2Scraper - INFO -   RSC: 30 places (15 total unique)
2026-07-24 13:39:45,481 - V2Scraper - INFO - Total extracted: 15 places
2026-07-24 13:39:45,481 - V2Scraper - INFO -   No new points or corrections needed
2026-07-24 13:39:45,481 - V2Scraper - INFO -   No updates needed
2026-07-24 13:39:46,482 - V2Scraper - INFO - 
[19/292] Lucky Star (4xqBX6umqSEPcn2i8zGp)
2026-07-24 13:39:46,482 - V2Scraper - INFO -   Already exists (ID 6216), checking for updates...
2026-07-24 13:39:46,484 - V2Scraper - INFO -   Existing points: 55
2026-07-24 13:39:47,723 - V2Scraper - INFO -   RSC: 78 places (54 total unique)
2026-07-24 13:39:47,950 - V2Scraper - INFO - Total extracted: 54 places
2026-07-24 13:39:47,950 - V2Scraper - INFO -   No new points or corrections needed
2026-07-24 13:39:47,950 - V2Scraper - INFO -   No updates needed
2026-07-24 13:39:48,951 - V2Scraper - INFO - 
[20/292] Uma Musume Cinderella Gray (5Um0pl2wIvUA1sxLucet)
2026-07-24 13:39:48,951 - V2Scraper - INFO -   Already exists (ID 6217), checking for updates...
2026-07-24 13:39:48,952 - V2Scraper - INFO -   Existing points: 47
2026-07-24 13:39:50,397 - V2Scraper - INFO -   RSC: 70 places (47 total unique)
2026-07-24 13:39:50,620 - V2Scraper - INFO - Total extracted: 47 places
2026-07-24 13:39:50,620 - V2Scraper - INFO -   No new points or corrections needed
2026-07-24 13:39:50,620 - V2Scraper - INFO -   No updates needed
2026-07-24 13:39:51,621 - V2Scraper - INFO - 
[21/292] Insomniacs After School (5WCOHcONptTxTxp5aVEN)
2026-07-24 13:39:51,621 - V2Scraper - INFO -   Already exists (ID 6218), checking for updates...
2026-07-24 13:39:51,622 - V2Scraper - INFO -   Existing points: 26
2026-07-24 13:39:52,823 - V2Scraper - INFO -   RSC: 50 places (26 total unique)
2026-07-24 13:39:53,021 - V2Scraper - INFO - Total extracted: 26 places
2026-07-24 13:39:53,021 - V2Scraper - INFO -   No new points or corrections needed
2026-07-24 13:39:53,021 - V2Scraper - INFO -   No updates needed
2026-07-24 13:39:54,022 - V2Scraper - INFO - 
[22/292] Oregairu Snafu 3 (5vE1eznAXty26eatfkUr)
2026-07-24 13:39:54,023 - V2Scraper - INFO -   Already exists (ID 6219), checking for updates...
2026-07-24 13:39:54,024 - V2Scraper - INFO -   Existing points: 30
2026-07-24 13:39:55,420 - V2Scraper - INFO -   RSC: 54 places (30 total unique)
2026-07-24 13:39:55,628 - V2Scraper - INFO - Total extracted: 30 places
2026-07-24 13:39:55,628 - V2Scraper - INFO -   No new points or corrections needed
2026-07-24 13:39:55,628 - V2Scraper - INFO -   No updates needed
2026-07-24 13:39:56,629 - V2Scraper - INFO - 
[23/292] Love Live Sunshine (6N67DR42EcjHOgapUH3I)
2026-07-24 13:39:56,630 - V2Scraper - INFO -   Already exists (ID 6220), checking for updates...
2026-07-24 13:39:56,631 - V2Scraper - INFO -   Existing points: 84
2026-07-24 13:39:57,850 - V2Scraper - INFO -   RSC: 107 places (82 total unique)
2026-07-24 13:39:58,078 - V2Scraper - INFO - Total extracted: 82 places
2026-07-24 13:39:58,078 - V2Scraper - INFO -   No new points or corrections needed
2026-07-24 13:39:58,079 - V2Scraper - INFO -   No updates needed
2026-07-24 13:39:59,080 - V2Scraper - INFO - 
[24/292] Yuri On Ice (6cTFY0N0Tckm3bOHJzxT)
2026-07-24 13:39:59,080 - V2Scraper - INFO -   Already exists (ID 6221), checking for updates...
2026-07-24 13:39:59,081 - V2Scraper - INFO -   Existing points: 21
2026-07-24 13:40:00,304 - V2Scraper - INFO -   RSC: 41 places (21 total unique)
2026-07-24 13:40:00,493 - V2Scraper - INFO - Total extracted: 21 places
2026-07-24 13:40:00,493 - V2Scraper - INFO -   No new points or corrections needed
2026-07-24 13:40:00,493 - V2Scraper - INFO -   No updates needed
2026-07-24 13:40:01,494 - V2Scraper - INFO - 
[25/292] Whisper Of The Heart (6l6BPuRhgYMBB6cZQmYY)
2026-07-24 13:40:01,494 - V2Scraper - INFO -   Already exists (ID 6222), checking for updates...
2026-07-24 13:40:01,495 - V2Scraper - INFO -   Existing points: 8
2026-07-24 13:40:02,725 - V2Scraper - INFO -   RSC: 16 places (8 total unique)
2026-07-24 13:40:02,937 - V2Scraper - INFO - Total extracted: 8 places
2026-07-24 13:40:02,937 - V2Scraper - INFO -   No new points or corrections needed
2026-07-24 13:40:02,937 - V2Scraper - INFO -   No updates needed
2026-07-24 13:40:03,939 - V2Scraper - INFO - 
[26/292] Death Note (6tJB3K9VJZUzMkqcnP70)
2026-07-24 13:40:03,939 - V2Scraper - INFO -   Already exists (ID 6223), checking for updates...
2026-07-24 13:40:03,940 - V2Scraper - INFO -   Existing points: 24
2026-07-24 13:40:05,443 - V2Scraper - INFO -   RSC: 47 places (24 total unique)
2026-07-24 13:40:05,634 - V2Scraper - INFO - Total extracted: 24 places
2026-07-24 13:40:05,635 - V2Scraper - INFO -   No new points or corrections needed
2026-07-24 13:40:05,635 - V2Scraper - INFO -   No updates needed
2026-07-24 13:40:06,636 - V2Scraper - INFO - 
[27/292] Grand Blue Dreaming 2 (71R457ymVP7fNC5zV87p)
2026-07-24 13:40:06,636 - V2Scraper - INFO -   Already exists (ID 6224), checking for updates...
2026-07-24 13:40:06,637 - V2Scraper - INFO -   Existing points: 4
2026-07-24 13:40:08,002 - V2Scraper - INFO -   RSC: 8 places (4 total unique)
2026-07-24 13:40:08,247 - V2Scraper - INFO - Total extracted: 4 places
2026-07-24 13:40:08,247 - V2Scraper - INFO -   No new points or corrections needed
2026-07-24 13:40:08,247 - V2Scraper - INFO -   No updates needed
2026-07-24 13:40:09,248 - V2Scraper - INFO - 
[28/292] Natsumes Book Of Friends (78Sd6GOolITNMHjhXe7G)
2026-07-24 13:40:09,249 - V2Scraper - INFO -   Already exists (ID 6225), checking for updates...
2026-07-24 13:40:09,249 - V2Scraper - INFO -   Existing points: 13
2026-07-24 13:40:10,509 - V2Scraper - INFO -   RSC: 26 places (13 total unique)
2026-07-24 13:40:10,699 - V2Scraper - INFO - Total extracted: 13 places
2026-07-24 13:40:10,700 - V2Scraper - INFO -   No new points or corrections needed
2026-07-24 13:40:10,700 - V2Scraper - INFO -   No updates needed
2026-07-24 13:40:11,701 - V2Scraper - INFO - 
[29/292] Fate Stay Night Unlimited Blade Works (7Mb8EsEXGlzHao3g6w6M)
2026-07-24 13:40:11,701 - V2Scraper - INFO -   Already exists (ID 6226), checking for updates...
2026-07-24 13:40:11,701 - V2Scraper - INFO -   Existing points: 14
2026-07-24 13:40:13,103 - V2Scraper - INFO -   RSC: 28 places (14 total unique)
2026-07-24 13:40:13,297 - V2Scraper - INFO - Total extracted: 14 places
2026-07-24 13:40:13,297 - V2Scraper - INFO -   No new points or corrections needed
2026-07-24 13:40:13,297 - V2Scraper - INFO -   No updates needed
2026-07-24 13:40:14,299 - V2Scraper - INFO - 
[30/292] Dropout Idol Fruit Tart (7X8GwlsO7iyhgQXDGEcI)
2026-07-24 13:40:14,299 - V2Scraper - INFO -   Already exists (ID 6227), checking for updates...
2026-07-24 13:40:14,299 - V2Scraper - INFO -   Existing points: 9
2026-07-24 13:40:15,474 - V2Scraper - INFO -   RSC: 17 places (9 total unique)
2026-07-24 13:40:15,679 - V2Scraper - INFO - Total extracted: 9 places
2026-07-24 13:40:15,679 - V2Scraper - INFO -   No new points or corrections needed
2026-07-24 13:40:15,679 - V2Scraper - INFO -   No updates needed
2026-07-24 13:40:16,680 - V2Scraper - INFO - 
[31/292] Hokkaido Gals Are Super Adorable (7hci6sBMlfGq4sAIW9hp)
2026-07-24 13:40:16,681 - V2Scraper - INFO -   Already exists (ID 6228), checking for updates...
2026-07-24 13:40:16,681 - V2Scraper - INFO -   Existing points: 20
2026-07-24 13:40:17,775 - V2Scraper - INFO -   RSC: 39 places (20 total unique)
2026-07-24 13:40:17,977 - V2Scraper - INFO - Total extracted: 20 places
2026-07-24 13:40:17,977 - V2Scraper - INFO -   No new points or corrections needed
2026-07-24 13:40:17,977 - V2Scraper - INFO -   No updates needed
2026-07-24 13:40:18,978 - V2Scraper - INFO - 
[32/292] Fireworks 2017 (7i2GVSJGLkEIJoAzrntM)
2026-07-24 13:40:18,978 - V2Scraper - INFO -   Already exists (ID 6229), checking for updates...
2026-07-24 13:40:18,985 - V2Scraper - INFO -   Existing points: 7
2026-07-24 13:40:20,118 - V2Scraper - INFO -   RSC: 14 places (7 total unique)
2026-07-24 13:40:20,338 - V2Scraper - INFO - Total extracted: 7 places
2026-07-24 13:40:20,338 - V2Scraper - INFO -   No new points or corrections needed
2026-07-24 13:40:20,338 - V2Scraper - INFO -   No updates needed
2026-07-24 13:40:21,339 - V2Scraper - INFO - 
[33/292] Tis Time For Torture Princess (7nPtaNBDbDFBWRVv9dvm)
2026-07-24 13:40:21,340 - V2Scraper - INFO -   Already exists (ID 6230), checking for updates...
2026-07-24 13:40:21,341 - V2Scraper - INFO -   Existing points: 3
2026-07-24 13:40:22,460 - V2Scraper - INFO -   RSC: 6 places (3 total unique)
2026-07-24 13:40:22,664 - V2Scraper - INFO - Total extracted: 3 places
2026-07-24 13:40:22,664 - V2Scraper - INFO -   No new points or corrections needed
2026-07-24 13:40:22,664 - V2Scraper - INFO -   No updates needed
2026-07-24 13:40:23,665 - V2Scraper - INFO - 
[34/292] Date A Live (7qKvxoZi4qfqT9hPApwM)
2026-07-24 13:40:23,665 - V2Scraper - INFO -   Already exists (ID 6925), checking for updates...
2026-07-24 13:40:23,666 - V2Scraper - INFO -   Existing points: 7
2026-07-24 13:40:24,852 - V2Scraper - INFO -   RSC: 17 places (7 total unique)
2026-07-24 13:40:25,078 - V2Scraper - INFO -   Posts API: 7 user-uploaded places
2026-07-24 13:40:25,078 - V2Scraper - INFO -   API: 7 user-uploaded places (7 total unique)
2026-07-24 13:40:25,078 - V2Scraper - INFO - Total extracted: 7 places
2026-07-24 13:40:25,078 - V2Scraper - INFO -   No new points or corrections needed
2026-07-24 13:40:25,078 - V2Scraper - INFO -   No updates needed
2026-07-24 13:40:26,080 - V2Scraper - INFO - 
[35/292] Tari Tari (7uy92cNLDMaXLxP9kiLy)
2026-07-24 13:40:26,080 - V2Scraper - INFO -   Already exists (ID 6231), checking for updates...
2026-07-24 13:40:26,081 - V2Scraper - INFO -   Existing points: 50
2026-07-24 13:40:27,255 - V2Scraper - INFO -   RSC: 75 places (50 total unique)
2026-07-24 13:40:27,446 - V2Scraper - INFO - Total extracted: 50 places
2026-07-24 13:40:27,447 - V2Scraper - INFO -   No new points or corrections needed
2026-07-24 13:40:27,447 - V2Scraper - INFO -   No updates needed
2026-07-24 13:40:28,448 - V2Scraper - INFO - 
[36/292] Steel Ball Run Jojo S Bizarre Adventure 1St Stage (81Yt30qQuWyUxR3evZkx)
2026-07-24 13:40:28,448 - V2Scraper - INFO -   Already exists (ID 6232), checking for updates...
2026-07-24 13:40:28,606 - V2Scraper - INFO -   Existing points: 1
2026-07-24 13:40:29,554 - V2Scraper - INFO -   RSC: 3 places (1 total unique)
2026-07-24 13:40:29,760 - V2Scraper - INFO -   Posts API: 1 user-uploaded places
2026-07-24 13:40:29,760 - V2Scraper - INFO -   API: 1 user-uploaded places (1 total unique)
2026-07-24 13:40:29,760 - V2Scraper - INFO - Total extracted: 1 places
2026-07-24 13:40:29,760 - V2Scraper - INFO -   No new points or corrections needed
2026-07-24 13:40:29,760 - V2Scraper - INFO -   No updates needed
2026-07-24 13:40:30,761 - V2Scraper - INFO - 
[37/292] Hanasaku Iroha (85RF5tAgykz6goUkarZI)
2026-07-24 13:40:30,761 - V2Scraper - INFO -   Already exists (ID 6233), checking for updates...
2026-07-24 13:40:30,762 - V2Scraper - INFO -   Existing points: 48
2026-07-24 13:40:32,094 - V2Scraper - INFO -   RSC: 71 places (48 total unique)
2026-07-24 13:40:32,312 - V2Scraper - INFO - Total extracted: 48 places
2026-07-24 13:40:32,312 - V2Scraper - INFO -   No new points or corrections needed
2026-07-24 13:40:32,312 - V2Scraper - INFO -   No updates needed
2026-07-24 13:40:33,313 - V2Scraper - INFO - 
[38/292] Apocalypse Hotel (85SdTr9RvljF5f8N0BZ6)
2026-07-24 13:40:33,313 - V2Scraper - INFO -   Already exists (ID 6234), checking for updates...
2026-07-24 13:40:33,314 - V2Scraper - INFO -   Existing points: 47
2026-07-24 13:40:34,530 - V2Scraper - INFO -   RSC: 71 places (46 total unique)
2026-07-24 13:40:34,735 - V2Scraper - INFO - Total extracted: 46 places
2026-07-24 13:40:34,735 - V2Scraper - INFO -   No new points or corrections needed
2026-07-24 13:40:34,735 - V2Scraper - INFO -   No updates needed
2026-07-24 13:40:35,737 - V2Scraper - INFO - 
[39/292] The Fragrant Flower Blooms With Dignity (8qH4apWLfIBDT1mUOPKG)
2026-07-24 13:40:35,737 - V2Scraper - INFO -   Already exists (ID 6235), checking for updates...
2026-07-24 13:40:35,738 - V2Scraper - INFO -   Existing points: 40
2026-07-24 13:40:36,956 - V2Scraper - INFO -   RSC: 64 places (40 total unique)
2026-07-24 13:40:37,152 - V2Scraper - INFO - Total extracted: 40 places
2026-07-24 13:40:37,153 - V2Scraper - INFO -   No new points or corrections needed
2026-07-24 13:40:37,153 - V2Scraper - INFO -   No updates needed
2026-07-24 13:40:38,154 - V2Scraper - INFO - 
[40/292] Zatsutabi That S Journey (8zT7IvWSfgzbUGZLUFkL)
2026-07-24 13:40:38,154 - V2Scraper - INFO -   Already exists (ID 6236), checking for updates...
2026-07-24 13:40:38,155 - V2Scraper - INFO -   Existing points: 38
2026-07-24 13:40:39,355 - V2Scraper - INFO -   RSC: 90 places (38 total unique)
2026-07-24 13:40:39,562 - V2Scraper - INFO -   Posts API: 38 user-uploaded places
2026-07-24 13:40:39,562 - V2Scraper - INFO -   API: 38 user-uploaded places (38 total unique)
2026-07-24 13:40:39,562 - V2Scraper - INFO - Total extracted: 38 places
2026-07-24 13:40:39,562 - V2Scraper - INFO -   No new points or corrections needed
2026-07-24 13:40:39,562 - V2Scraper - INFO -   No updates needed
2026-07-24 13:40:40,563 - V2Scraper - INFO - 
[41/292] Sound Euphonium Our Promise A Brand New Day (97Fqg7Hq6Y4AIjA1WvNb)
2026-07-24 13:40:40,563 - V2Scraper - INFO -   Already exists (ID 6237), checking for updates...
2026-07-24 13:40:40,564 - V2Scraper - INFO -   Existing points: 26
2026-07-24 13:40:41,795 - V2Scraper - INFO -   RSC: 49 places (26 total unique)
2026-07-24 13:40:42,017 - V2Scraper - INFO - Total extracted: 26 places
2026-07-24 13:40:42,017 - V2Scraper - INFO -   No new points or corrections needed
2026-07-24 13:40:42,017 - V2Scraper - INFO -   No updates needed
2026-07-24 13:40:43,018 - V2Scraper - INFO - 
[42/292] Love Chunibyo Other Delusions Take On Me (9CrfdTfoKGhoPGvKXh4M)
2026-07-24 13:40:43,018 - V2Scraper - INFO -   Already exists (ID 6238), checking for updates...
2026-07-24 13:40:43,053 - V2Scraper - INFO -   Existing points: 67
2026-07-24 13:40:44,391 - V2Scraper - INFO -   RSC: 91 places (66 total unique)
2026-07-24 13:40:44,594 - V2Scraper - INFO - Total extracted: 66 places
2026-07-24 13:40:44,595 - V2Scraper - INFO -   No new points or corrections needed
2026-07-24 13:40:44,595 - V2Scraper - INFO -   No updates needed
2026-07-24 13:40:45,596 - V2Scraper - INFO - 
[43/292] Blue Box (9ZIN8PmoDf4FEvUSDUQB)
2026-07-24 13:40:45,596 - V2Scraper - INFO -   Already exists (ID 6239), checking for updates...
2026-07-24 13:40:45,646 - V2Scraper - INFO -   Existing points: 30
2026-07-24 13:40:46,978 - V2Scraper - INFO -   RSC: 54 places (30 total unique)
2026-07-24 13:40:47,179 - V2Scraper - INFO - Total extracted: 30 places
2026-07-24 13:40:47,179 - V2Scraper - INFO -   No new points or corrections needed
2026-07-24 13:40:47,179 - V2Scraper - INFO -   No updates needed
2026-07-24 13:40:48,181 - V2Scraper - INFO - 
[44/292] The Angel Next Door Spoils Me Rotten 2 (9gKVtw8iZrRzIo45GXAF)
2026-07-24 13:40:48,181 - V2Scraper - INFO -   Already exists (ID 6240), checking for updates...
2026-07-24 13:40:48,181 - V2Scraper - INFO -   Existing points: 11
2026-07-24 13:40:49,450 - V2Scraper - INFO -   RSC: 22 places (11 total unique)
2026-07-24 13:40:49,642 - V2Scraper - INFO - Total extracted: 11 places
2026-07-24 13:40:49,642 - V2Scraper - INFO -   No new points or corrections needed
2026-07-24 13:40:49,642 - V2Scraper - INFO -   No updates needed
2026-07-24 13:40:50,643 - V2Scraper - INFO - 
[45/292] Bang Dream (A3z4LwVo0l6qQmaYFKdg)
2026-07-24 13:40:50,643 - V2Scraper - INFO -   Already exists (ID 6241), checking for updates...
2026-07-24 13:40:50,723 - V2Scraper - INFO -   Existing points: 18
2026-07-24 13:40:52,019 - V2Scraper - INFO -   RSC: 36 places (18 total unique)
2026-07-24 13:40:52,234 - V2Scraper - INFO - Total extracted: 18 places
2026-07-24 13:40:52,234 - V2Scraper - INFO -   No new points or corrections needed
2026-07-24 13:40:52,234 - V2Scraper - INFO -   No updates needed
2026-07-24 13:40:53,235 - V2Scraper - INFO - 
[46/292] Dead Dead Demons Dededede Destruction (ABylpzTMQoHclWbCQHSw)
2026-07-24 13:40:53,235 - V2Scraper - INFO -   Already exists (ID 6242), checking for updates...
2026-07-24 13:40:53,236 - V2Scraper - INFO -   Existing points: 40
2026-07-24 13:40:54,450 - V2Scraper - INFO -   RSC: 65 places (40 total unique)
2026-07-24 13:40:54,640 - V2Scraper - INFO - Total extracted: 40 places
2026-07-24 13:40:54,640 - V2Scraper - INFO -   No new points or corrections needed
2026-07-24 13:40:54,640 - V2Scraper - INFO -   No updates needed
2026-07-24 13:40:55,641 - V2Scraper - INFO - 
[47/292] Dandadan 2 (AE4iiD5ynf1anVhFRnw0)
2026-07-24 13:40:55,642 - V2Scraper - INFO -   Already exists (ID 6243), checking for updates...
2026-07-24 13:40:55,655 - V2Scraper - INFO -   Existing points: 5
2026-07-24 13:40:56,842 - V2Scraper - INFO -   RSC: 10 places (5 total unique)
2026-07-24 13:40:57,044 - V2Scraper - INFO - Total extracted: 5 places
2026-07-24 13:40:57,044 - V2Scraper - INFO -   No new points or corrections needed
2026-07-24 13:40:57,044 - V2Scraper - INFO -   No updates needed
2026-07-24 13:40:58,045 - V2Scraper - INFO - 
[48/292] Lycoris Recoil (AHmlbLlbnRJDHFAJLTAQ)
2026-07-24 13:40:58,046 - V2Scraper - INFO -   Already exists (ID 6244), checking for updates...
2026-07-24 13:40:58,211 - V2Scraper - INFO -   Existing points: 52
2026-07-24 13:40:59,481 - V2Scraper - INFO -   RSC: 77 places (52 total unique)
2026-07-24 13:40:59,710 - V2Scraper - INFO - Total extracted: 52 places
2026-07-24 13:40:59,710 - V2Scraper - INFO -   No new points or corrections needed
2026-07-24 13:40:59,710 - V2Scraper - INFO -   No updates needed
2026-07-24 13:41:00,712 - V2Scraper - INFO - 
[49/292] Gridman Universe (AZXMWk8QzkQdJm86FJUl)
2026-07-24 13:41:00,712 - V2Scraper - INFO -   Already exists (ID 6245), checking for updates...
2026-07-24 13:41:00,810 - V2Scraper - INFO -   Existing points: 8
2026-07-24 13:41:02,029 - V2Scraper - INFO -   RSC: 13 places (8 total unique)
2026-07-24 13:41:02,237 - V2Scraper - INFO - Total extracted: 8 places
2026-07-24 13:41:02,238 - V2Scraper - INFO -   No new points or corrections needed
2026-07-24 13:41:02,238 - V2Scraper - INFO -   No updates needed
2026-07-24 13:41:03,239 - V2Scraper - INFO - 
[50/292] Evangelion 3 1 Thrice Upon A Time (Abq0KH3lFo26R6IyQUh1)
2026-07-24 13:41:03,239 - V2Scraper - INFO -   Already exists (ID 6246), checking for updates...
2026-07-24 13:41:03,240 - V2Scraper - INFO -   Existing points: 3
2026-07-24 13:41:04,547 - V2Scraper - INFO -   RSC: 6 places (3 total unique)
2026-07-24 13:41:04,766 - V2Scraper - INFO - Total extracted: 3 places
2026-07-24 13:41:04,766 - V2Scraper - INFO -   No new points or corrections needed
2026-07-24 13:41:04,766 - V2Scraper - INFO -   No updates needed
2026-07-24 13:41:05,767 - V2Scraper - INFO - 
[51/292] The Garden Of Words (ApvypIptXMAXCVFBuk9C)
2026-07-24 13:41:05,767 - V2Scraper - INFO -   Already exists (ID 6247), checking for updates...
2026-07-24 13:41:05,847 - V2Scraper - INFO -   Existing points: 14
2026-07-24 13:41:07,057 - V2Scraper - INFO -   RSC: 28 places (14 total unique)
2026-07-24 13:41:07,246 - V2Scraper - INFO - Total extracted: 14 places
2026-07-24 13:41:07,246 - V2Scraper - INFO -   No new points or corrections needed
2026-07-24 13:41:07,246 - V2Scraper - INFO -   No updates needed
2026-07-24 13:41:08,248 - V2Scraper - INFO - 
[52/292] Turkey (AxyoCcQwwFmQNp75ST6m)
2026-07-24 13:41:08,248 - V2Scraper - INFO -   Already exists (ID 6248), checking for updates...
2026-07-24 13:41:08,249 - V2Scraper - INFO -   Existing points: 25
2026-07-24 13:41:09,504 - V2Scraper - INFO -   RSC: 50 places (25 total unique)
2026-07-24 13:41:09,689 - V2Scraper - INFO - Total extracted: 25 places
2026-07-24 13:41:09,689 - V2Scraper - INFO -   No new points or corrections needed
2026-07-24 13:41:09,689 - V2Scraper - INFO -   No updates needed
2026-07-24 13:41:10,691 - V2Scraper - INFO - 
[53/292] Clannad After Story (B5XOehobDg2MxWl3RHGH)
2026-07-24 13:41:10,691 - V2Scraper - INFO -   Already exists (ID 6931), checking for updates...
2026-07-24 13:41:10,691 - V2Scraper - INFO -   Existing points: 1
2026-07-24 13:41:11,774 - V2Scraper - INFO -   RSC: 1 places (1 total unique)
2026-07-24 13:41:11,999 - V2Scraper - INFO -   Posts API: 1 user-uploaded places
2026-07-24 13:41:11,999 - V2Scraper - INFO -   API: 1 user-uploaded places (1 total unique)
2026-07-24 13:41:11,999 - V2Scraper - INFO - Total extracted: 1 places
2026-07-24 13:41:11,999 - V2Scraper - INFO -   No new points or corrections needed
2026-07-24 13:41:12,000 - V2Scraper - INFO -   No updates needed
2026-07-24 13:41:13,001 - V2Scraper - INFO - 
[54/292] Golden Kamuy (BAaQbAhyA2wlhHJvqvGi)
2026-07-24 13:41:13,001 - V2Scraper - INFO -   Already exists (ID 6249), checking for updates...
2026-07-24 13:41:13,002 - V2Scraper - INFO -   Existing points: 8
2026-07-24 13:41:14,190 - V2Scraper - INFO -   RSC: 16 places (8 total unique)
2026-07-24 13:41:14,397 - V2Scraper - INFO - Total extracted: 8 places
2026-07-24 13:41:14,397 - V2Scraper - INFO -   No new points or corrections needed
2026-07-24 13:41:14,397 - V2Scraper - INFO -   No updates needed
2026-07-24 13:41:15,398 - V2Scraper - INFO - 
[55/292] March Comes In Like A Lion 2 (BSEWzX7gx8CG93Q9jxkg)
2026-07-24 13:41:15,399 - V2Scraper - INFO -   Already exists (ID 6250), checking for updates...
2026-07-24 13:41:15,400 - V2Scraper - INFO -   Existing points: 54
2026-07-24 13:41:16,820 - V2Scraper - INFO -   RSC: 78 places (53 total unique)
2026-07-24 13:41:17,034 - V2Scraper - INFO - Total extracted: 53 places
2026-07-24 13:41:17,034 - V2Scraper - INFO -   No new points or corrections needed
2026-07-24 13:41:17,034 - V2Scraper - INFO -   No updates needed
2026-07-24 13:41:18,035 - V2Scraper - INFO - 
[56/292] The Summer Hikaru Died (BbOGxPV5ltaIJGgljwj5)
2026-07-24 13:41:18,036 - V2Scraper - INFO -   Already exists (ID 6251), checking for updates...
2026-07-24 13:41:18,037 - V2Scraper - INFO -   Existing points: 28
2026-07-24 13:41:19,384 - V2Scraper - INFO -   RSC: 53 places (28 total unique)
2026-07-24 13:41:19,569 - V2Scraper - INFO - Total extracted: 28 places
2026-07-24 13:41:19,569 - V2Scraper - INFO -   No new points or corrections needed
2026-07-24 13:41:19,569 - V2Scraper - INFO -   No updates needed
2026-07-24 13:41:20,570 - V2Scraper - INFO - 
[57/292] Bungo Stray Dogs 2 (BrwQNQDWky56Fnmdpz09)
2026-07-24 13:41:20,571 - V2Scraper - INFO -   Already exists (ID 6252), checking for updates...
2026-07-24 13:41:20,571 - V2Scraper - INFO -   Existing points: 25
2026-07-24 13:41:21,993 - V2Scraper - INFO -   RSC: 49 places (25 total unique)
2026-07-24 13:41:22,197 - V2Scraper - INFO - Total extracted: 25 places
2026-07-24 13:41:22,197 - V2Scraper - INFO -   No new points or corrections needed
2026-07-24 13:41:22,197 - V2Scraper - INFO -   No updates needed
2026-07-24 13:41:23,198 - V2Scraper - INFO - 
[58/292] Uncle From Another World (ChNY4S1HnwsoVA8BIxa0)
2026-07-24 13:41:23,198 - V2Scraper - INFO -   Already exists (ID 6253), checking for updates...
2026-07-24 13:41:23,199 - V2Scraper - INFO -   Existing points: 3
2026-07-24 13:41:24,431 - V2Scraper - INFO -   RSC: 6 places (3 total unique)
2026-07-24 13:41:24,624 - V2Scraper - INFO - Total extracted: 3 places
2026-07-24 13:41:24,624 - V2Scraper - INFO -   No new points or corrections needed
2026-07-24 13:41:24,624 - V2Scraper - INFO -   No updates needed
2026-07-24 13:41:25,626 - V2Scraper - INFO - 
[59/292] Oreimo (D2Udeh1YIJW348yYv9Tl)
2026-07-24 13:41:25,626 - V2Scraper - INFO -   Already exists (ID 6254), checking for updates...
2026-07-24 13:41:25,627 - V2Scraper - INFO -   Existing points: 39
2026-07-24 13:41:26,954 - V2Scraper - INFO -   RSC: 61 places (39 total unique)
2026-07-24 13:41:27,170 - V2Scraper - INFO - Total extracted: 39 places
2026-07-24 13:41:27,171 - V2Scraper - INFO -   No new points or corrections needed
2026-07-24 13:41:27,171 - V2Scraper - INFO -   No updates needed
2026-07-24 13:41:28,172 - V2Scraper - INFO - 
[60/292] Oregairu Snafu (DBdW9GogqQh4X5Jz5YJ1)
2026-07-24 13:41:28,172 - V2Scraper - INFO -   Already exists (ID 6255), checking for updates...
2026-07-24 13:41:28,366 - V2Scraper - INFO -   Existing points: 16
2026-07-24 13:41:29,571 - V2Scraper - INFO -   RSC: 32 places (16 total unique)
2026-07-24 13:41:29,809 - V2Scraper - INFO - Total extracted: 16 places
2026-07-24 13:41:29,809 - V2Scraper - INFO -   No new points or corrections needed
2026-07-24 13:41:29,809 - V2Scraper - INFO -   No updates needed
2026-07-24 13:41:30,810 - V2Scraper - INFO - 
[61/292] Flying Witch (DJqlB9ZQhbhKlMlUyBOb)
2026-07-24 13:41:30,810 - V2Scraper - INFO -   Already exists (ID 6256), checking for updates...
2026-07-24 13:41:30,819 - V2Scraper - INFO -   Existing points: 36
2026-07-24 13:41:32,190 - V2Scraper - INFO -   RSC: 59 places (34 total unique)
2026-07-24 13:41:32,401 - V2Scraper - INFO - Total extracted: 34 places
2026-07-24 13:41:32,402 - V2Scraper - INFO -   No new points or corrections needed
2026-07-24 13:41:32,402 - V2Scraper - INFO -   No updates needed
2026-07-24 13:41:33,403 - V2Scraper - INFO - 
[62/292] Yofukashi No Uta 2 (DOBudmYUGamzQcwLtadk)
2026-07-24 13:41:33,403 - V2Scraper - INFO -   Already exists (ID 6257), checking for updates...
2026-07-24 13:41:33,404 - V2Scraper - INFO -   Existing points: 47
2026-07-24 13:41:34,695 - V2Scraper - INFO -   RSC: 71 places (47 total unique)
2026-07-24 13:41:34,943 - V2Scraper - INFO - Total extracted: 47 places
2026-07-24 13:41:34,943 - V2Scraper - INFO -   No new points or corrections needed
2026-07-24 13:41:34,943 - V2Scraper - INFO -   No updates needed
2026-07-24 13:41:35,944 - V2Scraper - INFO - 
[63/292] Beyond The Boundary (DYG61cbESPhK3vp1Zs1D)
2026-07-24 13:41:35,945 - V2Scraper - INFO -   Already exists (ID 6258), checking for updates...
2026-07-24 13:41:35,945 - V2Scraper - INFO -   Existing points: 53
2026-07-24 13:41:37,445 - V2Scraper - INFO -   RSC: 78 places (53 total unique)
2026-07-24 13:41:37,634 - V2Scraper - INFO - Total extracted: 53 places
2026-07-24 13:41:37,634 - V2Scraper - INFO -   No new points or corrections needed
2026-07-24 13:41:37,634 - V2Scraper - INFO -   No updates needed
2026-07-24 13:41:38,636 - V2Scraper - INFO - 
[64/292] March Comes In Like A Lion (Db9UkC3dvNtEle8hAoB9)
2026-07-24 13:41:38,636 - V2Scraper - INFO -   Already exists (ID 6259), checking for updates...
2026-07-24 13:41:38,652 - V2Scraper - INFO -   Existing points: 63
2026-07-24 13:41:40,093 - V2Scraper - INFO -   RSC: 88 places (63 total unique)
2026-07-24 13:41:40,300 - V2Scraper - INFO - Total extracted: 63 places
2026-07-24 13:41:40,301 - V2Scraper - INFO -   No new points or corrections needed
2026-07-24 13:41:40,301 - V2Scraper - INFO -   No updates needed
2026-07-24 13:41:41,302 - V2Scraper - INFO - 
[65/292] Blue Archive (Dmm38vQWI8Dn0oNd1P5v)
2026-07-24 13:41:41,302 - V2Scraper - INFO -   Already exists (ID 6260), checking for updates...
2026-07-24 13:41:41,303 - V2Scraper - INFO -   Existing points: 12
2026-07-24 13:41:42,519 - V2Scraper - INFO -   RSC: 23 places (12 total unique)
2026-07-24 13:41:42,702 - V2Scraper - INFO - Total extracted: 12 places
2026-07-24 13:41:42,702 - V2Scraper - INFO -   No new points or corrections needed
2026-07-24 13:41:42,702 - V2Scraper - INFO -   No updates needed
2026-07-24 13:41:43,703 - V2Scraper - INFO - 
[66/292] You And I Are Polar Opposites Season 2 (Dts24mB9vQ2lpeOlu0sm)
2026-07-24 13:41:43,704 - V2Scraper - INFO -   Already exists (ID 6798), checking for updates...
2026-07-24 13:41:43,704 - V2Scraper - INFO -   Existing points: 6
2026-07-24 13:41:44,960 - V2Scraper - INFO -   RSC: 13 places (6 total unique)
2026-07-24 13:41:45,180 - V2Scraper - INFO -   Posts API: 1 user-uploaded places
2026-07-24 13:41:45,180 - V2Scraper - INFO -   API: 1 user-uploaded places (6 total unique)
2026-07-24 13:41:45,180 - V2Scraper - INFO - Total extracted: 6 places
2026-07-24 13:41:45,180 - V2Scraper - INFO -   No new points or corrections needed
2026-07-24 13:41:45,180 - V2Scraper - INFO -   No updates needed
2026-07-24 13:41:46,181 - V2Scraper - INFO - 
[67/292] Honey Lemon Soda (EBgnvTrAN9hUEHZPOFpi)
2026-07-24 13:41:46,182 - V2Scraper - INFO -   Already exists (ID 6261), checking for updates...
2026-07-24 13:41:46,182 - V2Scraper - INFO -   Existing points: 24
2026-07-24 13:41:47,405 - V2Scraper - INFO -   RSC: 47 places (24 total unique)
2026-07-24 13:41:47,620 - V2Scraper - INFO - Total extracted: 24 places
2026-07-24 13:41:47,621 - V2Scraper - INFO -   No new points or corrections needed
2026-07-24 13:41:47,621 - V2Scraper - INFO -   No updates needed
2026-07-24 13:41:48,622 - V2Scraper - INFO - 
[68/292] Love Live Superstar (EGvIebIxQ4ZkuYcNWpoQ)
2026-07-24 13:41:48,622 - V2Scraper - INFO -   Already exists (ID 6262), checking for updates...
2026-07-24 13:41:48,623 - V2Scraper - INFO -   Existing points: 69
2026-07-24 13:41:49,973 - V2Scraper - INFO -   RSC: 91 places (67 total unique)
2026-07-24 13:41:50,191 - V2Scraper - INFO - Total extracted: 67 places
2026-07-24 13:41:50,191 - V2Scraper - INFO -   No new points or corrections needed
2026-07-24 13:41:50,191 - V2Scraper - INFO -   No updates needed
2026-07-24 13:41:51,193 - V2Scraper - INFO - 
[69/292] Hyouka (EOXrs8aYwsclgT0TcA91)
2026-07-24 13:41:51,193 - V2Scraper - INFO -   Already exists (ID 6263), checking for updates...
2026-07-24 13:41:51,198 - V2Scraper - INFO -   Existing points: 52
2026-07-24 13:41:52,546 - V2Scraper - INFO -   RSC: 76 places (51 total unique)
2026-07-24 13:41:52,771 - V2Scraper - INFO - Total extracted: 51 places
2026-07-24 13:41:52,771 - V2Scraper - INFO -   No new points or corrections needed
2026-07-24 13:41:52,771 - V2Scraper - INFO -   No updates needed
2026-07-24 13:41:53,772 - V2Scraper - INFO - 
[70/292] Yofukashi No Uta (Elw6prO9MD1CCudCkxzj)
2026-07-24 13:41:53,773 - V2Scraper - INFO -   Already exists (ID 6264), checking for updates...
2026-07-24 13:41:53,865 - V2Scraper - INFO -   Existing points: 52
2026-07-24 13:41:55,158 - V2Scraper - INFO -   RSC: 75 places (51 total unique)
2026-07-24 13:41:55,346 - V2Scraper - INFO - Total extracted: 51 places
2026-07-24 13:41:55,347 - V2Scraper - INFO -   No new points or corrections needed
2026-07-24 13:41:55,347 - V2Scraper - INFO -   No updates needed
2026-07-24 13:41:56,348 - V2Scraper - INFO - 
[71/292] Akane Banashi (F5gBooqJ1oVepAqEaLBS)
2026-07-24 13:41:56,348 - V2Scraper - INFO -   Already exists (ID 6265), checking for updates...
2026-07-24 13:41:56,349 - V2Scraper - INFO -   Existing points: 27
2026-07-24 13:41:57,755 - V2Scraper - INFO -   RSC: 53 places (28 total unique)
2026-07-24 13:41:57,988 - V2Scraper - INFO - Total extracted: 28 places
2026-07-24 13:41:57,988 - V2Scraper - INFO -   No new points or corrections needed
2026-07-24 13:41:57,988 - V2Scraper - INFO -   No updates needed
2026-07-24 13:41:58,989 - V2Scraper - INFO - 
[72/292] Horimiya The Missing Pieces (FFkjtVIIFwWbSPpJJgjp)
2026-07-24 13:41:58,990 - V2Scraper - INFO -   Already exists (ID 6266), checking for updates...
2026-07-24 13:41:58,990 - V2Scraper - INFO -   Existing points: 16
2026-07-24 13:42:00,127 - V2Scraper - INFO -   RSC: 30 places (16 total unique)
2026-07-24 13:42:00,342 - V2Scraper - INFO - Total extracted: 16 places
2026-07-24 13:42:00,343 - V2Scraper - INFO -   No new points or corrections needed
2026-07-24 13:42:00,343 - V2Scraper - INFO -   No updates needed
2026-07-24 13:42:01,344 - V2Scraper - INFO - 
[73/292] Belle 2021 (FO7hxjRqpUKQEKF7wpux)
2026-07-24 13:42:01,344 - V2Scraper - INFO -   Already exists (ID 6267), checking for updates...
2026-07-24 13:42:01,345 - V2Scraper - INFO -   Existing points: 14
2026-07-24 13:42:02,585 - V2Scraper - INFO -   RSC: 28 places (14 total unique)
2026-07-24 13:42:02,788 - V2Scraper - INFO -   Posts API: 1 user-uploaded places
2026-07-24 13:42:02,788 - V2Scraper - INFO -   API: 1 user-uploaded places (14 total unique)
2026-07-24 13:42:02,788 - V2Scraper - INFO - Total extracted: 14 places
2026-07-24 13:42:02,788 - V2Scraper - INFO -   No new points or corrections needed
2026-07-24 13:42:02,788 - V2Scraper - INFO -   No updates needed
2026-07-24 13:42:03,789 - V2Scraper - INFO - 
[74/292] Fate Stay Night Heavens Feel (Frbo1DB6JLFhe7MROo4i)
2026-07-24 13:42:03,790 - V2Scraper - INFO -   Already exists (ID 6268), checking for updates...
2026-07-24 13:42:03,790 - V2Scraper - INFO -   Existing points: 19
2026-07-24 13:42:05,209 - V2Scraper - INFO -   RSC: 37 places (19 total unique)
2026-07-24 13:42:05,426 - V2Scraper - INFO - Total extracted: 19 places
2026-07-24 13:42:05,426 - V2Scraper - INFO -   No new points or corrections needed
2026-07-24 13:42:05,426 - V2Scraper - INFO -   No updates needed
2026-07-24 13:42:06,427 - V2Scraper - INFO - 
[75/292] Durarara (GAQtt96ISTksBTjpxgCk)
2026-07-24 13:42:06,427 - V2Scraper - INFO -   Already exists (ID 6269), checking for updates...
2026-07-24 13:42:06,428 - V2Scraper - INFO -   Existing points: 52
2026-07-24 13:42:07,654 - V2Scraper - INFO -   RSC: 77 places (52 total unique)
2026-07-24 13:42:07,858 - V2Scraper - INFO - Total extracted: 52 places
2026-07-24 13:42:07,859 - V2Scraper - INFO -   No new points or corrections needed
2026-07-24 13:42:07,859 - V2Scraper - INFO -   No updates needed
2026-07-24 13:42:08,860 - V2Scraper - INFO - 
[76/292] Deaimon (GGK68mRHW4OPU8cFrqZJ)
2026-07-24 13:42:08,860 - V2Scraper - INFO -   Already exists (ID 6270), checking for updates...
2026-07-24 13:42:08,910 - V2Scraper - INFO -   Existing points: 40
2026-07-24 13:42:10,388 - V2Scraper - INFO -   RSC: 65 places (40 total unique)
2026-07-24 13:42:10,621 - V2Scraper - INFO - Total extracted: 40 places
2026-07-24 13:42:10,621 - V2Scraper - INFO -   No new points or corrections needed
2026-07-24 13:42:10,622 - V2Scraper - INFO -   No updates needed
2026-07-24 13:42:11,623 - V2Scraper - INFO - 
[77/292] Golden Time (GSbk5qoSrQuK0ngo3dZ5)
2026-07-24 13:42:11,623 - V2Scraper - INFO -   Already exists (ID 6271), checking for updates...
2026-07-24 13:42:11,624 - V2Scraper - INFO -   Existing points: 40
2026-07-24 13:42:12,963 - V2Scraper - INFO -   RSC: 65 places (40 total unique)
2026-07-24 13:42:13,147 - V2Scraper - INFO - Total extracted: 40 places
2026-07-24 13:42:13,148 - V2Scraper - INFO -   No new points or corrections needed
2026-07-24 13:42:13,148 - V2Scraper - INFO -   No updates needed
2026-07-24 13:42:14,148 - V2Scraper - INFO - 
[78/292] Summer Wars (GZaJ97LjywZ1fdsyQbmn)
2026-07-24 13:42:14,148 - V2Scraper - INFO -   Already exists (ID 6272), checking for updates...
2026-07-24 13:42:14,149 - V2Scraper - INFO -   Existing points: 5
2026-07-24 13:42:15,360 - V2Scraper - INFO -   RSC: 10 places (5 total unique)
2026-07-24 13:42:15,556 - V2Scraper - INFO - Total extracted: 5 places
2026-07-24 13:42:15,557 - V2Scraper - INFO -   No new points or corrections needed
2026-07-24 13:42:15,557 - V2Scraper - INFO -   No updates needed
2026-07-24 13:42:16,558 - V2Scraper - INFO - 
[79/292] K On 2 (Gpu7jpmS4b1ZQAtwyAkO)
2026-07-24 13:42:16,558 - V2Scraper - INFO -   Already exists (ID 6273), checking for updates...
2026-07-24 13:42:16,559 - V2Scraper - INFO -   Existing points: 52
2026-07-24 13:42:17,793 - V2Scraper - INFO -   RSC: 77 places (52 total unique)
2026-07-24 13:42:18,000 - V2Scraper - INFO - Total extracted: 52 places
2026-07-24 13:42:18,000 - V2Scraper - INFO -   No new points or corrections needed
2026-07-24 13:42:18,000 - V2Scraper - INFO -   No updates needed
2026-07-24 13:42:19,002 - V2Scraper - INFO - 
[80/292] Another (GvZRe6RQu5McETXnr5eT)
2026-07-24 13:42:19,002 - V2Scraper - INFO -   Already exists (ID 6274), checking for updates...
2026-07-24 13:42:19,003 - V2Scraper - INFO -   Existing points: 10
2026-07-24 13:42:20,455 - V2Scraper - INFO -   RSC: 19 places (10 total unique)
2026-07-24 13:42:20,669 - V2Scraper - INFO - Total extracted: 10 places
2026-07-24 13:42:20,669 - V2Scraper - INFO -   No new points or corrections needed
2026-07-24 13:42:20,669 - V2Scraper - INFO -   No updates needed
2026-07-24 13:42:21,670 - V2Scraper - INFO - 
[81/292] Kaiju No8 2 (H0Kp9SKcNRbV2Z7CoAE5)
2026-07-24 13:42:21,670 - V2Scraper - INFO -   Already exists (ID 6275), checking for updates...
2026-07-24 13:42:21,671 - V2Scraper - INFO -   Existing points: 28
2026-07-24 13:42:22,910 - V2Scraper - INFO -   RSC: 53 places (28 total unique)
2026-07-24 13:42:23,116 - V2Scraper - INFO - Total extracted: 28 places
2026-07-24 13:42:23,116 - V2Scraper - INFO -   No new points or corrections needed
2026-07-24 13:42:23,116 - V2Scraper - INFO -   No updates needed
2026-07-24 13:42:24,117 - V2Scraper - INFO - 
[82/292] Sound Euphonium (HImqnRta69y0Y3Fapb8E)
2026-07-24 13:42:24,117 - V2Scraper - INFO -   Already exists (ID 6276), checking for updates...
2026-07-24 13:42:24,118 - V2Scraper - INFO -   Existing points: 29
2026-07-24 13:42:25,339 - V2Scraper - INFO -   RSC: 53 places (29 total unique)
2026-07-24 13:42:25,537 - V2Scraper - INFO - Total extracted: 29 places
2026-07-24 13:42:25,538 - V2Scraper - INFO -   No new points or corrections needed
2026-07-24 13:42:25,538 - V2Scraper - INFO -   No updates needed
2026-07-24 13:42:26,539 - V2Scraper - INFO - 
[83/292] Persona 5 The Animation (HiZmwfyeRVKgeXXv2605)
2026-07-24 13:42:26,539 - V2Scraper - INFO -   Already exists (ID 6277), checking for updates...
2026-07-24 13:42:26,540 - V2Scraper - INFO -   Existing points: 11
2026-07-24 13:42:27,753 - V2Scraper - INFO -   RSC: 22 places (11 total unique)
2026-07-24 13:42:27,942 - V2Scraper - INFO - Total extracted: 11 places
2026-07-24 13:42:27,942 - V2Scraper - INFO -   No new points or corrections needed
2026-07-24 13:42:27,942 - V2Scraper - INFO -   No updates needed
2026-07-24 13:42:28,943 - V2Scraper - INFO - 
[84/292] Botan Kamiina Fully Blossoms When Drunk (HzSYskmZll63CrQoqUsU)
2026-07-24 13:42:28,943 - V2Scraper - INFO -   Already exists (ID 6278), checking for updates...
2026-07-24 13:42:29,040 - V2Scraper - INFO -   Existing points: 139
2026-07-24 13:42:30,325 - V2Scraper - INFO -   RSC: 164 places (138 total unique)
2026-07-24 13:42:30,541 - V2Scraper - INFO -   Posts API: 1 user-uploaded places
2026-07-24 13:42:30,541 - V2Scraper - INFO -   API: 1 user-uploaded places (138 total unique)
2026-07-24 13:42:30,541 - V2Scraper - INFO - Total extracted: 138 places
2026-07-24 13:42:30,541 - V2Scraper - INFO -   No new points or corrections needed
2026-07-24 13:42:30,541 - V2Scraper - INFO -   No updates needed
2026-07-24 13:42:31,542 - V2Scraper - INFO - 
[85/292] Narenare (Ififqm0dAhXtiSEM5BN0)
2026-07-24 13:42:31,543 - V2Scraper - INFO -   Already exists (ID 6279), checking for updates...
2026-07-24 13:42:31,543 - V2Scraper - INFO -   Existing points: 32
2026-07-24 13:42:32,793 - V2Scraper - INFO -   RSC: 56 places (32 total unique)
2026-07-24 13:42:33,008 - V2Scraper - INFO - Total extracted: 32 places
2026-07-24 13:42:33,008 - V2Scraper - INFO -   No new points or corrections needed
2026-07-24 13:42:33,009 - V2Scraper - INFO -   No updates needed
2026-07-24 13:42:34,010 - V2Scraper - INFO - 
[86/292] Teasing Master Takagi San 3 (IrgbISlZnKp368pmKXQD)
2026-07-24 13:42:34,010 - V2Scraper - INFO -   Already exists (ID 6280), checking for updates...
2026-07-24 13:42:34,147 - V2Scraper - INFO -   Existing points: 24
2026-07-24 13:42:35,447 - V2Scraper - INFO -   RSC: 46 places (24 total unique)
2026-07-24 13:42:35,634 - V2Scraper - INFO - Total extracted: 24 places
2026-07-24 13:42:35,634 - V2Scraper - INFO -   No new points or corrections needed
2026-07-24 13:42:35,634 - V2Scraper - INFO -   No updates needed
2026-07-24 13:42:36,636 - V2Scraper - INFO - 
[87/292] Steins Gate 0 (JUq18FMhazRy8b5gPpNo)
2026-07-24 13:42:36,636 - V2Scraper - INFO -   Already exists (ID 6281), checking for updates...
2026-07-24 13:42:36,636 - V2Scraper - INFO -   Existing points: 50
2026-07-24 13:42:38,133 - V2Scraper - INFO -   RSC: 72 places (48 total unique)
2026-07-24 13:42:38,334 - V2Scraper - INFO - Total extracted: 48 places
2026-07-24 13:42:38,334 - V2Scraper - INFO -   No new points or corrections needed
2026-07-24 13:42:38,334 - V2Scraper - INFO -   No updates needed
2026-07-24 13:42:39,335 - V2Scraper - INFO - 
[88/292] The Disappearance Of Haruhi Suzumiya (JxWl9bqFjbsqZDpaa3Gx)
2026-07-24 13:42:39,335 - V2Scraper - INFO -   Already exists (ID 6282), checking for updates...
2026-07-24 13:42:39,336 - V2Scraper - INFO -   Existing points: 30
2026-07-24 13:42:40,479 - V2Scraper - INFO -   RSC: 54 places (30 total unique)
2026-07-24 13:42:40,713 - V2Scraper - INFO - Total extracted: 30 places
2026-07-24 13:42:40,713 - V2Scraper - INFO -   No new points or corrections needed
2026-07-24 13:42:40,714 - V2Scraper - INFO -   No updates needed
2026-07-24 13:42:41,715 - V2Scraper - INFO - 
[89/292] Medalist (K4PtV2A6cX0Rol3DDh04)
2026-07-24 13:42:41,715 - V2Scraper - INFO -   Already exists (ID 6283), checking for updates...
2026-07-24 13:42:41,716 - V2Scraper - INFO -   Existing points: 16
2026-07-24 13:42:42,997 - V2Scraper - INFO -   RSC: 32 places (16 total unique)
2026-07-24 13:42:43,212 - V2Scraper - INFO - Total extracted: 16 places
2026-07-24 13:42:43,213 - V2Scraper - INFO -   No new points or corrections needed
2026-07-24 13:42:43,213 - V2Scraper - INFO -   No updates needed
2026-07-24 13:42:44,214 - V2Scraper - INFO - 
[90/292] Yuruyuri Summer Vacation (KHL2EcBmiHS2xQGNpVB4)
2026-07-24 13:42:44,214 - V2Scraper - INFO -   Already exists (ID 6284), checking for updates...
2026-07-24 13:42:44,215 - V2Scraper - INFO -   Existing points: 25
2026-07-24 13:42:45,605 - V2Scraper - INFO -   RSC: 50 places (25 total unique)
2026-07-24 13:42:45,793 - V2Scraper - INFO - Total extracted: 25 places
2026-07-24 13:42:45,794 - V2Scraper - INFO -   No new points or corrections needed
2026-07-24 13:42:45,794 - V2Scraper - INFO -   No updates needed
2026-07-24 13:42:46,795 - V2Scraper - INFO - 
[91/292] Lil Miss Vampire Cant Suck Right (KMJWdpqzaXrslclIT0kX)
2026-07-24 13:42:46,795 - V2Scraper - INFO -   Already exists (ID 6285), checking for updates...
2026-07-24 13:42:46,797 - V2Scraper - INFO -   Existing points: 2
2026-07-24 13:42:47,954 - V2Scraper - INFO -   RSC: 4 places (2 total unique)
2026-07-24 13:42:48,157 - V2Scraper - INFO - Total extracted: 2 places
2026-07-24 13:42:48,157 - V2Scraper - INFO -   No new points or corrections needed
2026-07-24 13:42:48,157 - V2Scraper - INFO -   No updates needed
2026-07-24 13:42:49,158 - V2Scraper - INFO - 
[92/292] Tsurune (KMZrhSusXhCwzvMuRW3M)
2026-07-24 13:42:49,158 - V2Scraper - INFO -   Already exists (ID 6286), checking for updates...
2026-07-24 13:42:49,160 - V2Scraper - INFO -   Existing points: 23
2026-07-24 13:42:50,445 - V2Scraper - INFO -   RSC: 45 places (23 total unique)
2026-07-24 13:42:50,650 - V2Scraper - INFO - Total extracted: 23 places
2026-07-24 13:42:50,650 - V2Scraper - INFO -   No new points or corrections needed
2026-07-24 13:42:50,650 - V2Scraper - INFO -   No updates needed
2026-07-24 13:42:51,651 - V2Scraper - INFO - 
[93/292] Kaguya Sama Love Is War Stairway To Adulthood (KxnQIESyd0vWQKYMCCJp)
2026-07-24 13:42:51,652 - V2Scraper - INFO -   Already exists (ID 6287), checking for updates...
2026-07-24 13:42:51,652 - V2Scraper - INFO -   Existing points: 4
2026-07-24 13:42:52,854 - V2Scraper - INFO -   RSC: 8 places (4 total unique)
2026-07-24 13:42:53,098 - V2Scraper - INFO - Total extracted: 4 places
2026-07-24 13:42:53,099 - V2Scraper - INFO -   No new points or corrections needed
2026-07-24 13:42:53,099 - V2Scraper - INFO -   No updates needed
2026-07-24 13:42:54,100 - V2Scraper - INFO - 
[94/292] Kaiju Girl Caramelise (KxxurNxXiTegfvduCkyC)
2026-07-24 13:42:54,100 - V2Scraper - INFO -   Already exists (ID 6932), checking for updates...
2026-07-24 13:42:54,100 - V2Scraper - INFO -   Existing points: 1
2026-07-24 13:42:55,369 - V2Scraper - INFO -   RSC: 2 places (1 total unique)
2026-07-24 13:42:55,598 - V2Scraper - INFO - Total extracted: 1 places
2026-07-24 13:42:55,599 - V2Scraper - INFO -   No new points or corrections needed
2026-07-24 13:42:55,599 - V2Scraper - INFO -   No updates needed
2026-07-24 13:42:56,600 - V2Scraper - INFO - 
[95/292] Shoshimin 2 (L82oXIYdIOrCncmowQ2V)
2026-07-24 13:42:56,600 - V2Scraper - INFO -   Already exists (ID 6288), checking for updates...
2026-07-24 13:42:56,601 - V2Scraper - INFO -   Existing points: 65
2026-07-24 13:42:57,823 - V2Scraper - INFO -   RSC: 89 places (65 total unique)
2026-07-24 13:42:58,034 - V2Scraper - INFO - Total extracted: 65 places
2026-07-24 13:42:58,034 - V2Scraper - INFO -   No new points or corrections needed
2026-07-24 13:42:58,034 - V2Scraper - INFO -   No updates needed
2026-07-24 13:42:59,035 - V2Scraper - INFO - 
[96/292] My Dress Up Darling 2 (L8UKLK889intHfnNZ9oE)
2026-07-24 13:42:59,036 - V2Scraper - INFO -   Already exists (ID 6289), checking for updates...
2026-07-24 13:42:59,037 - V2Scraper - INFO -   Existing points: 42
2026-07-24 13:43:00,245 - V2Scraper - INFO -   RSC: 65 places (42 total unique)
2026-07-24 13:43:00,462 - V2Scraper - INFO - Total extracted: 42 places
2026-07-24 13:43:00,462 - V2Scraper - INFO -   No new points or corrections needed
2026-07-24 13:43:00,462 - V2Scraper - INFO -   No updates needed
2026-07-24 13:43:01,463 - V2Scraper - INFO - 
[97/292] Dusk Beyond The End Of The World (LRAmMCCVn4JZPWGhvTdP)
2026-07-24 13:43:01,463 - V2Scraper - INFO -   Already exists (ID 6290), checking for updates...
2026-07-24 13:43:01,464 - V2Scraper - INFO -   Existing points: 28
2026-07-24 13:43:02,718 - V2Scraper - INFO -   RSC: 52 places (28 total unique)
2026-07-24 13:43:02,917 - V2Scraper - INFO - Total extracted: 28 places
2026-07-24 13:43:02,918 - V2Scraper - INFO -   No new points or corrections needed
2026-07-24 13:43:02,918 - V2Scraper - INFO -   No updates needed
2026-07-24 13:43:03,919 - V2Scraper - INFO - 
[98/292] Yuru Camp 2 (LlBHLckVd9QI0vUhjMJZ)
2026-07-24 13:43:03,919 - V2Scraper - INFO -   Already exists (ID 6291), checking for updates...
2026-07-24 13:43:03,920 - V2Scraper - INFO -   Existing points: 144
2026-07-24 13:43:05,320 - V2Scraper - INFO -   RSC: 167 places (143 total unique)
2026-07-24 13:43:05,528 - V2Scraper - INFO - Total extracted: 143 places
2026-07-24 13:43:05,528 - V2Scraper - INFO -   No new points or corrections needed
2026-07-24 13:43:05,529 - V2Scraper - INFO -   No updates needed
2026-07-24 13:43:06,530 - V2Scraper - INFO - 
[99/292] Chitose Ramune (NQAcuOMJmD4wesKzWtdK)
2026-07-24 13:43:06,530 - V2Scraper - INFO -   Already exists (ID 6292), checking for updates...
2026-07-24 13:43:06,531 - V2Scraper - INFO -   Existing points: 41
2026-07-24 13:43:18,640 - V2Scraper - INFO -   RSC: 65 places (40 total unique)
2026-07-24 13:43:18,843 - V2Scraper - INFO - Total extracted: 40 places
2026-07-24 13:43:18,843 - V2Scraper - INFO -   No new points or corrections needed
2026-07-24 13:43:18,844 - V2Scraper - INFO -   No updates needed
2026-07-24 13:43:19,845 - V2Scraper - INFO - 
[100/292] Ssss Gridman (NShwiqg4RQ8jwlAKDWds)
2026-07-24 13:43:19,845 - V2Scraper - INFO -   Already exists (ID 6293), checking for updates...
2026-07-24 13:43:19,846 - V2Scraper - INFO -   Existing points: 15
2026-07-24 13:43:21,119 - V2Scraper - INFO -   RSC: 30 places (15 total unique)
2026-07-24 13:43:21,316 - V2Scraper - INFO - Total extracted: 15 places
2026-07-24 13:43:21,317 - V2Scraper - INFO -   No new points or corrections needed
2026-07-24 13:43:21,317 - V2Scraper - INFO -   No updates needed
2026-07-24 13:43:22,318 - V2Scraper - INFO - 
[101/292] Weathering With You (NpEZnChVAaNhV5wOpnTr)
2026-07-24 13:43:22,318 - V2Scraper - INFO -   Already exists (ID 6294), checking for updates...
2026-07-24 13:43:22,319 - V2Scraper - INFO -   Existing points: 51
2026-07-24 13:43:23,533 - V2Scraper - INFO -   RSC: 74 places (51 total unique)
2026-07-24 13:43:23,729 - V2Scraper - INFO -   Posts API: 1 user-uploaded places
2026-07-24 13:43:23,730 - V2Scraper - INFO -   API: 1 user-uploaded places (51 total unique)
2026-07-24 13:43:23,730 - V2Scraper - INFO - Total extracted: 51 places
2026-07-24 13:43:23,730 - V2Scraper - INFO -   No new points or corrections needed
2026-07-24 13:43:23,730 - V2Scraper - INFO -   No updates needed
2026-07-24 13:43:24,731 - V2Scraper - INFO - 
[102/292] One Punch Man 2 (Npz9VOt5R5Nshl8YcBar)
2026-07-24 13:43:24,731 - V2Scraper - INFO -   Already exists (ID 6295), checking for updates...
2026-07-24 13:43:24,732 - V2Scraper - INFO -   Existing points: 12
2026-07-24 13:43:26,093 - V2Scraper - INFO -   RSC: 24 places (12 total unique)
2026-07-24 13:43:26,325 - V2Scraper - INFO - Total extracted: 12 places
2026-07-24 13:43:26,325 - V2Scraper - INFO -   No new points or corrections needed
2026-07-24 13:43:26,325 - V2Scraper - INFO -   No updates needed
2026-07-24 13:43:27,326 - V2Scraper - INFO - 
[103/292] Komi Cant Communicate (NudLgt4nu08ywcI9EayS)
2026-07-24 13:43:27,326 - V2Scraper - INFO -   Already exists (ID 6296), checking for updates...
2026-07-24 13:43:27,327 - V2Scraper - INFO -   Existing points: 4
2026-07-24 13:43:28,461 - V2Scraper - INFO -   RSC: 8 places (4 total unique)
2026-07-24 13:43:28,673 - V2Scraper - INFO - Total extracted: 4 places
2026-07-24 13:43:28,673 - V2Scraper - INFO -   No new points or corrections needed
2026-07-24 13:43:28,674 - V2Scraper - INFO -   No updates needed
2026-07-24 13:43:29,675 - V2Scraper - INFO - 
[104/292] Tamako Market (O787XPKQvn9bJ0uEM197)
2026-07-24 13:43:29,675 - V2Scraper - INFO -   Already exists (ID 6297), checking for updates...
2026-07-24 13:43:29,676 - V2Scraper - INFO -   Existing points: 41
2026-07-24 13:43:30,923 - V2Scraper - INFO -   RSC: 65 places (41 total unique)
2026-07-24 13:43:31,144 - V2Scraper - INFO - Total extracted: 41 places
2026-07-24 13:43:31,145 - V2Scraper - INFO -   No new points or corrections needed
2026-07-24 13:43:31,145 - V2Scraper - INFO -   No updates needed
2026-07-24 13:43:32,146 - V2Scraper - INFO - 
[105/292] 365 Days To The Wedding (OAHs4S1CXAlmcCbu520H)
2026-07-24 13:43:32,146 - V2Scraper - INFO -   Already exists (ID 6298), checking for updates...
2026-07-24 13:43:32,147 - V2Scraper - INFO -   Existing points: 48
2026-07-24 13:43:38,993 - V2Scraper - INFO -   RSC: 70 places (47 total unique)
2026-07-24 13:43:39,195 - V2Scraper - INFO - Total extracted: 47 places
2026-07-24 13:43:39,195 - V2Scraper - INFO -   No new points or corrections needed
2026-07-24 13:43:39,195 - V2Scraper - INFO -   No updates needed
2026-07-24 13:43:40,196 - V2Scraper - INFO - 
[106/292] Summer Pockets (OZ6C0hvndlfhdIAf7sIa)
2026-07-24 13:43:40,197 - V2Scraper - INFO -   Already exists (ID 6299), checking for updates...
2026-07-24 13:43:40,197 - V2Scraper - INFO -   Existing points: 65
2026-07-24 13:43:42,276 - V2Scraper - INFO -   RSC: 90 places (65 total unique)
2026-07-24 13:43:42,475 - V2Scraper - INFO - Total extracted: 65 places
2026-07-24 13:43:42,475 - V2Scraper - INFO -   No new points or corrections needed
2026-07-24 13:43:42,475 - V2Scraper - INFO -   No updates needed
2026-07-24 13:43:43,477 - V2Scraper - INFO - 
[107/292] I Made Friends With The Second Prettiest Girl In My Class (OaKLJatdGQqtkk4SZWdB)
2026-07-24 13:43:43,477 - V2Scraper - INFO -   Already exists (ID 6300), checking for updates...
2026-07-24 13:43:43,478 - V2Scraper - INFO -   Existing points: 26
2026-07-24 13:43:51,241 - V2Scraper - INFO -   RSC: 50 places (26 total unique)
2026-07-24 13:43:51,435 - V2Scraper - INFO - Total extracted: 26 places
2026-07-24 13:43:51,435 - V2Scraper - INFO -   No new points or corrections needed
2026-07-24 13:43:51,435 - V2Scraper - INFO -   No updates needed
2026-07-24 13:43:52,437 - V2Scraper - INFO - 
[108/292] Bleach Memories Of Nobody (PKagB1hxt8p8a39k8MVY)
2026-07-24 13:43:52,437 - V2Scraper - INFO -   Already exists (ID 6301), checking for updates...
2026-07-24 13:43:52,438 - V2Scraper - INFO -   Existing points: 10
2026-07-24 13:43:59,132 - V2Scraper - INFO -   RSC: 20 places (10 total unique)
2026-07-24 13:43:59,355 - V2Scraper - INFO - Total extracted: 10 places
2026-07-24 13:43:59,356 - V2Scraper - INFO -   No new points or corrections needed
2026-07-24 13:43:59,356 - V2Scraper - INFO -   No updates needed
2026-07-24 13:44:00,357 - V2Scraper - INFO - 
[109/292] Tamako Love Story (PMFHkoPU1pObVfazDppZ)
2026-07-24 13:44:00,357 - V2Scraper - INFO -   Already exists (ID 6302), checking for updates...
2026-07-24 13:44:00,359 - V2Scraper - INFO -   Existing points: 29
2026-07-24 13:44:03,793 - V2Scraper - INFO -   RSC: 52 places (29 total unique)
2026-07-24 13:44:03,993 - V2Scraper - INFO - Total extracted: 29 places
2026-07-24 13:44:03,993 - V2Scraper - INFO -   No new points or corrections needed
2026-07-24 13:44:03,993 - V2Scraper - INFO -   No updates needed
2026-07-24 13:44:04,995 - V2Scraper - INFO - 
[110/292] Re Zero 2 (PY8lyzbzxH7yFNe0z1kg)
2026-07-24 13:44:04,995 - V2Scraper - INFO -   Already exists (ID 6303), checking for updates...
2026-07-24 13:44:04,995 - V2Scraper - INFO -   Existing points: 7
2026-07-24 13:44:07,327 - V2Scraper - INFO -   RSC: 14 places (7 total unique)
2026-07-24 13:44:07,520 - V2Scraper - INFO - Total extracted: 7 places
2026-07-24 13:44:07,521 - V2Scraper - INFO -   No new points or corrections needed
2026-07-24 13:44:07,521 - V2Scraper - INFO -   No updates needed
2026-07-24 13:44:08,522 - V2Scraper - INFO - 
[111/292] Goodbye Lara (Q5sGWTURXZRsHIhzUbAH)
2026-07-24 13:44:08,522 - V2Scraper - INFO -   Already exists (ID 6839), checking for updates...
2026-07-24 13:44:08,522 - V2Scraper - INFO -   Existing points: 9
2026-07-24 13:44:10,481 - V2Scraper - INFO -   RSC: 18 places (9 total unique)
2026-07-24 13:44:10,696 - V2Scraper - INFO -   Posts API: 1 user-uploaded places
2026-07-24 13:44:10,696 - V2Scraper - INFO -   API: 1 user-uploaded places (9 total unique)
2026-07-24 13:44:10,696 - V2Scraper - INFO - Total extracted: 9 places
2026-07-24 13:44:10,696 - V2Scraper - INFO -   No new points or corrections needed
2026-07-24 13:44:10,696 - V2Scraper - INFO -   No updates needed
2026-07-24 13:44:11,697 - V2Scraper - INFO - 
[112/292] Shoshimin (QG989BWllZZQ1ZeuErVx)
2026-07-24 13:44:11,697 - V2Scraper - INFO -   Already exists (ID 6304), checking for updates...
2026-07-24 13:44:11,698 - V2Scraper - INFO -   Existing points: 58
2026-07-24 13:44:14,116 - V2Scraper - INFO -   RSC: 81 places (57 total unique)
2026-07-24 13:44:14,321 - V2Scraper - INFO - Total extracted: 57 places
2026-07-24 13:44:14,322 - V2Scraper - INFO -   No new points or corrections needed
2026-07-24 13:44:14,322 - V2Scraper - INFO -   No updates needed
2026-07-24 13:44:15,323 - V2Scraper - INFO - 
[113/292] Slow Loop (QZEqu5MPWKCjeIQD0ChT)
2026-07-24 13:44:15,323 - V2Scraper - INFO -   Already exists (ID 6305), checking for updates...
2026-07-24 13:44:15,329 - V2Scraper - INFO -   Existing points: 32
2026-07-24 13:44:20,632 - V2Scraper - INFO -   RSC: 56 places (32 total unique)
2026-07-24 13:44:20,831 - V2Scraper - INFO - Total extracted: 32 places
2026-07-24 13:44:20,831 - V2Scraper - INFO -   No new points or corrections needed
2026-07-24 13:44:20,831 - V2Scraper - INFO -   No updates needed
2026-07-24 13:44:21,833 - V2Scraper - INFO - 
[114/292] Oregairu Snafu 2 (QdSz4uvUO8xtPQ2YnNCH)
2026-07-24 13:44:21,833 - V2Scraper - INFO -   Already exists (ID 6306), checking for updates...
2026-07-24 13:44:21,834 - V2Scraper - INFO -   Existing points: 62
2026-07-24 13:44:23,764 - V2Scraper - INFO -   RSC: 86 places (61 total unique)
2026-07-24 13:44:23,969 - V2Scraper - INFO - Total extracted: 61 places
2026-07-24 13:44:23,969 - V2Scraper - INFO -   No new points or corrections needed
2026-07-24 13:44:23,969 - V2Scraper - INFO -   No updates needed
2026-07-24 13:44:24,971 - V2Scraper - INFO - 
[115/292] Wash It All Away (QqXeEHTDBJy8XPLbqrrn)
2026-07-24 13:44:24,971 - V2Scraper - INFO -   Already exists (ID 6307), checking for updates...
2026-07-24 13:44:24,972 - V2Scraper - INFO -   Existing points: 71
2026-07-24 13:44:28,686 - V2Scraper - INFO -   RSC: 95 places (70 total unique)
2026-07-24 13:44:28,887 - V2Scraper - INFO - Total extracted: 70 places
2026-07-24 13:44:28,887 - V2Scraper - INFO -   No new points or corrections needed
2026-07-24 13:44:28,887 - V2Scraper - INFO -   No updates needed
2026-07-24 13:44:29,889 - V2Scraper - INFO - 
[116/292] Yuruyuri Summer Vacation Plus (R5O9FmDqJMUVD5L3zIo8)
2026-07-24 13:44:29,889 - V2Scraper - INFO -   Already exists (ID 6308), checking for updates...
2026-07-24 13:44:29,949 - V2Scraper - INFO -   Existing points: 8
2026-07-24 13:44:31,653 - V2Scraper - INFO -   RSC: 15 places (8 total unique)
2026-07-24 13:44:31,894 - V2Scraper - INFO - Total extracted: 8 places
2026-07-24 13:44:31,894 - V2Scraper - INFO -   No new points or corrections needed
2026-07-24 13:44:31,894 - V2Scraper - INFO -   No updates needed
2026-07-24 13:44:32,895 - V2Scraper - INFO - 
[117/292] Initial D Legend 2 (RLpqKpn3ABpw8arWkpWc)
2026-07-24 13:44:32,895 - V2Scraper - INFO -   Already exists (ID 6309), checking for updates...
2026-07-24 13:44:32,980 - V2Scraper - INFO -   Existing points: 22
2026-07-24 13:44:34,862 - V2Scraper - INFO -   RSC: 42 places (22 total unique)
2026-07-24 13:44:35,132 - V2Scraper - INFO - Total extracted: 22 places
2026-07-24 13:44:35,132 - V2Scraper - INFO -   No new points or corrections needed
2026-07-24 13:44:35,132 - V2Scraper - INFO -   No updates needed
2026-07-24 13:44:36,133 - V2Scraper - INFO - 
[118/292] Sword Art Online (RLvmUUdAaqEDbvILfPsq)
2026-07-24 13:44:36,133 - V2Scraper - INFO -   Already exists (ID 6923), checking for updates...
2026-07-24 13:44:36,134 - V2Scraper - INFO -   Existing points: 3
2026-07-24 13:44:37,877 - V2Scraper - INFO -   RSC: 6 places (3 total unique)
2026-07-24 13:44:38,084 - V2Scraper - INFO - Total extracted: 3 places
2026-07-24 13:44:38,084 - V2Scraper - INFO -   No new points or corrections needed
2026-07-24 13:44:38,084 - V2Scraper - INFO -   No updates needed
2026-07-24 13:44:39,085 - V2Scraper - INFO - 
[119/292] The Angel Next Door Spoils Me Rotten (RPnFHigPkhOePBI3ZpP7)
2026-07-24 13:44:39,086 - V2Scraper - INFO -   Already exists (ID 6310), checking for updates...
2026-07-24 13:44:39,086 - V2Scraper - INFO -   Existing points: 8
2026-07-24 13:44:41,601 - V2Scraper - INFO -   RSC: 16 places (8 total unique)
2026-07-24 13:44:41,809 - V2Scraper - INFO - Total extracted: 8 places
2026-07-24 13:44:41,809 - V2Scraper - INFO -   No new points or corrections needed
2026-07-24 13:44:41,809 - V2Scraper - INFO -   No updates needed
2026-07-24 13:44:42,811 - V2Scraper - INFO - 
[120/292] Iroduku (RawAH4VbfP7uT0pSXQv9)
2026-07-24 13:44:42,811 - V2Scraper - INFO -   Already exists (ID 6311), checking for updates...
2026-07-24 13:44:42,848 - V2Scraper - INFO -   Existing points: 76
2026-07-24 13:44:44,763 - V2Scraper - INFO -   RSC: 99 places (75 total unique)
2026-07-24 13:44:44,963 - V2Scraper - INFO - Total extracted: 75 places
2026-07-24 13:44:44,964 - V2Scraper - INFO -   No new points or corrections needed
2026-07-24 13:44:44,964 - V2Scraper - INFO -   No updates needed
2026-07-24 13:44:45,965 - V2Scraper - INFO - 
[121/292] Ride Your Wave (RdB9u0ObLQdFxMYl4nUx)
2026-07-24 13:44:45,965 - V2Scraper - INFO -   Already exists (ID 6312), checking for updates...
2026-07-24 13:44:45,966 - V2Scraper - INFO -   Existing points: 15
2026-07-24 13:44:47,855 - V2Scraper - INFO -   RSC: 30 places (15 total unique)
2026-07-24 13:44:48,065 - V2Scraper - INFO - Total extracted: 15 places
2026-07-24 13:44:48,065 - V2Scraper - INFO -   No new points or corrections needed
2026-07-24 13:44:48,065 - V2Scraper - INFO -   No updates needed
2026-07-24 13:44:49,066 - V2Scraper - INFO - 
[122/292] Anohana (S2Ck9BmF9DceONFuYdu2)
2026-07-24 13:44:49,067 - V2Scraper - INFO -   Already exists (ID 6313), checking for updates...
2026-07-24 13:44:49,067 - V2Scraper - INFO -   Existing points: 36
2026-07-24 13:44:51,129 - V2Scraper - INFO -   RSC: 59 places (35 total unique)
2026-07-24 13:44:51,327 - V2Scraper - INFO - Total extracted: 35 places
2026-07-24 13:44:51,328 - V2Scraper - INFO -   No new points or corrections needed
2026-07-24 13:44:51,328 - V2Scraper - INFO -   No updates needed
2026-07-24 13:44:52,329 - V2Scraper - INFO - 
[123/292] Star Detective Precure (SLJtXMvLjJFxkt3cKtRL)
2026-07-24 13:44:52,329 - V2Scraper - INFO -   Already exists (ID 6314), checking for updates...
2026-07-24 13:44:52,393 - V2Scraper - INFO -   Existing points: 6
2026-07-24 13:44:54,993 - V2Scraper - INFO -   RSC: 18 places (6 total unique)
2026-07-24 13:44:55,199 - V2Scraper - INFO -   Posts API: 6 user-uploaded places
2026-07-24 13:44:55,199 - V2Scraper - INFO -   API: 6 user-uploaded places (6 total unique)
2026-07-24 13:44:55,199 - V2Scraper - INFO - Total extracted: 6 places
2026-07-24 13:44:55,199 - V2Scraper - INFO -   No new points or corrections needed
2026-07-24 13:44:55,199 - V2Scraper - INFO -   No updates needed
2026-07-24 13:44:56,201 - V2Scraper - INFO - 
[124/292] Erased (SZ4J7oV1NGtk9EIFlZCO)
2026-07-24 13:44:56,201 - V2Scraper - INFO -   Already exists (ID 6315), checking for updates...
2026-07-24 13:44:56,202 - V2Scraper - INFO -   Existing points: 22
2026-07-24 13:44:58,698 - V2Scraper - INFO -   RSC: 44 places (22 total unique)
2026-07-24 13:44:58,898 - V2Scraper - INFO - Total extracted: 22 places
2026-07-24 13:44:58,898 - V2Scraper - INFO -   No new points or corrections needed
2026-07-24 13:44:58,899 - V2Scraper - INFO -   No updates needed
2026-07-24 13:44:59,900 - V2Scraper - INFO - 
[125/292] The Place Promised In Our Early Days (SvV7FwjDoS2tJiVqx4NA)
2026-07-24 13:44:59,900 - V2Scraper - INFO -   Already exists (ID 6316), checking for updates...
2026-07-24 13:44:59,901 - V2Scraper - INFO -   Existing points: 13
2026-07-24 13:45:03,758 - V2Scraper - INFO -   RSC: 26 places (13 total unique)
2026-07-24 13:45:03,962 - V2Scraper - INFO - Total extracted: 13 places
2026-07-24 13:45:03,963 - V2Scraper - INFO -   No new points or corrections needed
2026-07-24 13:45:03,963 - V2Scraper - INFO -   No updates needed
2026-07-24 13:45:04,964 - V2Scraper - INFO - 
[126/292] Your Lie In April (SxVDZdqsWoda64YFSB5I)
2026-07-24 13:45:04,964 - V2Scraper - INFO -   Already exists (ID 6317), checking for updates...
2026-07-24 13:45:04,965 - V2Scraper - INFO -   Existing points: 36
2026-07-24 13:45:06,666 - V2Scraper - INFO -   RSC: 61 places (36 total unique)
2026-07-24 13:45:06,865 - V2Scraper - INFO - Total extracted: 36 places
2026-07-24 13:45:06,865 - V2Scraper - INFO -   No new points or corrections needed
2026-07-24 13:45:06,865 - V2Scraper - INFO -   No updates needed
2026-07-24 13:45:07,866 - V2Scraper - INFO - 
[127/292] Kaguya Sama S2 (TAaEPRwIJMNDic8UNpyJ)
2026-07-24 13:45:07,867 - V2Scraper - INFO -   Already exists (ID 6318), checking for updates...
2026-07-24 13:45:07,867 - V2Scraper - INFO -   Existing points: 6
2026-07-24 13:45:09,875 - V2Scraper - INFO -   RSC: 11 places (6 total unique)
2026-07-24 13:45:10,096 - V2Scraper - INFO - Total extracted: 6 places
2026-07-24 13:45:10,096 - V2Scraper - INFO -   No new points or corrections needed
2026-07-24 13:45:10,096 - V2Scraper - INFO -   No updates needed
2026-07-24 13:45:11,097 - V2Scraper - INFO - 
[128/292] The Dangers In My Heart 2 (TCBZtniKN2tuT2Mr6sFW)
2026-07-24 13:45:11,097 - V2Scraper - INFO -   Already exists (ID 6319), checking for updates...
2026-07-24 13:45:11,129 - V2Scraper - INFO -   Existing points: 42
2026-07-24 13:45:14,961 - V2Scraper - INFO -   RSC: 63 places (41 total unique)
2026-07-24 13:45:15,180 - V2Scraper - INFO - Total extracted: 41 places
2026-07-24 13:45:15,180 - V2Scraper - INFO -   No new points or corrections needed
2026-07-24 13:45:15,180 - V2Scraper - INFO -   No updates needed
2026-07-24 13:45:16,181 - V2Scraper - INFO - 
[129/292] Gate (TSkvs59be6uQgnRQeRe9)
2026-07-24 13:45:16,182 - V2Scraper - INFO -   Already exists (ID 6320), checking for updates...
2026-07-24 13:45:16,183 - V2Scraper - INFO -   Existing points: 28
2026-07-24 13:45:20,897 - V2Scraper - INFO -   RSC: 53 places (28 total unique)
2026-07-24 13:45:21,091 - V2Scraper - INFO - Total extracted: 28 places
2026-07-24 13:45:21,091 - V2Scraper - INFO -   No new points or corrections needed
2026-07-24 13:45:21,092 - V2Scraper - INFO -   No updates needed
2026-07-24 13:45:22,093 - V2Scraper - INFO - 
[130/292] Style Of Hiroshi Nohara Lunch (TjkYh2MXRiFE4rlWLMtb)
2026-07-24 13:45:22,093 - V2Scraper - INFO -   Already exists (ID 6321), checking for updates...
2026-07-24 13:45:22,093 - V2Scraper - INFO -   Existing points: 8
2026-07-24 13:45:24,614 - V2Scraper - INFO -   RSC: 15 places (8 total unique)
2026-07-24 13:45:24,807 - V2Scraper - INFO - Total extracted: 8 places
2026-07-24 13:45:24,807 - V2Scraper - INFO -   No new points or corrections needed
2026-07-24 13:45:24,807 - V2Scraper - INFO -   No updates needed
2026-07-24 13:45:25,808 - V2Scraper - INFO - 
[131/292] Oomuro Ke Dear Friends (TokTljW8Xuc2zv5zjpL7)
2026-07-24 13:45:25,808 - V2Scraper - INFO -   Already exists (ID 6322), checking for updates...
2026-07-24 13:45:25,809 - V2Scraper - INFO -   Existing points: 29
2026-07-24 13:45:27,502 - V2Scraper - INFO -   RSC: 54 places (29 total unique)
2026-07-24 13:45:27,710 - V2Scraper - INFO - Total extracted: 29 places
2026-07-24 13:45:27,711 - V2Scraper - INFO -   No new points or corrections needed
2026-07-24 13:45:27,711 - V2Scraper - INFO -   No updates needed
2026-07-24 13:45:28,712 - V2Scraper - INFO - 
[132/292] Darling In The Franxx (U4M4jkiANLzkJ3fvBass)
2026-07-24 13:45:28,712 - V2Scraper - INFO -   Already exists (ID 6323), checking for updates...
2026-07-24 13:45:28,713 - V2Scraper - INFO -   Existing points: 5
2026-07-24 13:45:30,517 - V2Scraper - INFO -   RSC: 10 places (5 total unique)
2026-07-24 13:45:30,729 - V2Scraper - INFO - Total extracted: 5 places
2026-07-24 13:45:30,729 - V2Scraper - INFO -   No new points or corrections needed
2026-07-24 13:45:30,729 - V2Scraper - INFO -   No updates needed
2026-07-24 13:45:31,730 - V2Scraper - INFO - 
[133/292] Rascal Does Not Dream Of Santa Claus (UAxl5OxUl27L0betSu5L)
2026-07-24 13:45:31,731 - V2Scraper - INFO -   Already exists (ID 6324), checking for updates...
2026-07-24 13:45:31,732 - V2Scraper - INFO -   Existing points: 133
2026-07-24 13:45:33,718 - V2Scraper - INFO -   RSC: 157 places (132 total unique)
2026-07-24 13:45:33,954 - V2Scraper - INFO - Total extracted: 132 places
2026-07-24 13:45:33,954 - V2Scraper - INFO -   No new points or corrections needed
2026-07-24 13:45:33,954 - V2Scraper - INFO -   No updates needed
2026-07-24 13:45:34,956 - V2Scraper - INFO - 
[134/292] Digimon Adventure Last Evolution Kizuna (UFsJyag2lYH3H0hc2FOR)
2026-07-24 13:45:34,956 - V2Scraper - INFO -   Already exists (ID 6325), checking for updates...
2026-07-24 13:45:34,957 - V2Scraper - INFO -   Existing points: 23
2026-07-24 13:45:36,717 - V2Scraper - INFO -   RSC: 45 places (23 total unique)
2026-07-24 13:45:36,931 - V2Scraper - INFO - Total extracted: 23 places
2026-07-24 13:45:36,931 - V2Scraper - INFO -   No new points or corrections needed
2026-07-24 13:45:36,932 - V2Scraper - INFO -   No updates needed
2026-07-24 13:45:37,933 - V2Scraper - INFO - 
[135/292] Mirai (UVPVcuDouxDp80lD6iDf)
2026-07-24 13:45:37,933 - V2Scraper - INFO -   Already exists (ID 6326), checking for updates...
2026-07-24 13:45:37,934 - V2Scraper - INFO -   Existing points: 9
2026-07-24 13:45:40,592 - V2Scraper - INFO -   RSC: 18 places (9 total unique)
2026-07-24 13:45:40,798 - V2Scraper - INFO - Total extracted: 9 places
2026-07-24 13:45:40,798 - V2Scraper - INFO -   No new points or corrections needed
2026-07-24 13:45:40,798 - V2Scraper - INFO -   No updates needed
2026-07-24 13:45:41,799 - V2Scraper - INFO - 
[136/292] Negative Positive Angler (UXyZMhIozhcciP5RVeEq)
2026-07-24 13:45:41,799 - V2Scraper - INFO -   Already exists (ID 6327), checking for updates...
2026-07-24 13:45:41,800 - V2Scraper - INFO -   Existing points: 58
2026-07-24 13:45:44,184 - V2Scraper - INFO -   RSC: 81 places (58 total unique)
2026-07-24 13:45:44,379 - V2Scraper - INFO - Total extracted: 58 places
2026-07-24 13:45:44,379 - V2Scraper - INFO -   No new points or corrections needed
2026-07-24 13:45:44,379 - V2Scraper - INFO -   No updates needed
2026-07-24 13:45:45,380 - V2Scraper - INFO - 
[137/292] Barakamon (UcdcmZWDPCZiUdYZ6j7t)
2026-07-24 13:45:45,381 - V2Scraper - INFO -   Already exists (ID 6328), checking for updates...
2026-07-24 13:45:45,382 - V2Scraper - INFO -   Existing points: 20
2026-07-24 13:45:47,493 - V2Scraper - INFO -   RSC: 39 places (20 total unique)
2026-07-24 13:45:47,714 - V2Scraper - INFO - Total extracted: 20 places
2026-07-24 13:45:47,714 - V2Scraper - INFO -   No new points or corrections needed
2026-07-24 13:45:47,714 - V2Scraper - INFO -   No updates needed
2026-07-24 13:45:48,715 - V2Scraper - INFO - 
[138/292] Rascal Does Not Dream Of A Dreaming Girl (UnHZjOgLD7JW5aUXBdwc)
2026-07-24 13:45:48,715 - V2Scraper - INFO -   Already exists (ID 6329), checking for updates...
2026-07-24 13:45:48,716 - V2Scraper - INFO -   Existing points: 35
2026-07-24 13:45:51,280 - V2Scraper - INFO -   RSC: 59 places (34 total unique)
2026-07-24 13:45:51,492 - V2Scraper - INFO - Total extracted: 34 places
2026-07-24 13:45:51,492 - V2Scraper - INFO -   No new points or corrections needed
2026-07-24 13:45:51,493 - V2Scraper - INFO -   No updates needed
2026-07-24 13:45:52,494 - V2Scraper - INFO - 
[139/292] Sao Ordinal Scale (Ur5mrwrBPVePfw7X3LNc)
2026-07-24 13:45:52,494 - V2Scraper - INFO -   Already exists (ID 6330), checking for updates...
2026-07-24 13:45:52,495 - V2Scraper - INFO -   Existing points: 10
2026-07-24 13:45:54,444 - V2Scraper - INFO -   RSC: 20 places (10 total unique)
2026-07-24 13:45:54,656 - V2Scraper - INFO - Total extracted: 10 places
2026-07-24 13:45:54,656 - V2Scraper - INFO -   No new points or corrections needed
2026-07-24 13:45:54,656 - V2Scraper - INFO -   No updates needed
2026-07-24 13:45:55,657 - V2Scraper - INFO - 
[140/292] Jujutsu Kaisen 2 (UrP8DF1mot4eA2YfzSJk)
2026-07-24 13:45:55,658 - V2Scraper - INFO -   Already exists (ID 6331), checking for updates...
2026-07-24 13:45:55,659 - V2Scraper - INFO -   Existing points: 77
2026-07-24 13:45:57,418 - V2Scraper - INFO -   RSC: 102 places (77 total unique)
2026-07-24 13:45:57,630 - V2Scraper - INFO - Total extracted: 77 places
2026-07-24 13:45:57,630 - V2Scraper - INFO -   No new points or corrections needed
2026-07-24 13:45:57,630 - V2Scraper - INFO -   No updates needed
2026-07-24 13:45:58,632 - V2Scraper - INFO - 
[141/292] A Place Further Than The Universe (V8ZUeVmlHtP2Wh4scQ77)
2026-07-24 13:45:58,632 - V2Scraper - INFO -   Already exists (ID 6332), checking for updates...
2026-07-24 13:45:58,632 - V2Scraper - INFO -   Existing points: 37
2026-07-24 13:46:02,450 - V2Scraper - INFO -   RSC: 61 places (37 total unique)
2026-07-24 13:46:02,674 - V2Scraper - INFO - Total extracted: 37 places
2026-07-24 13:46:02,675 - V2Scraper - INFO -   No new points or corrections needed
2026-07-24 13:46:02,675 - V2Scraper - INFO -   No updates needed
2026-07-24 13:46:03,676 - V2Scraper - INFO - 
[142/292] Girls Panzer (VD31WwqZ3Ok7A1Fcr892)
2026-07-24 13:46:03,676 - V2Scraper - INFO -   Already exists (ID 6333), checking for updates...
2026-07-24 13:46:03,677 - V2Scraper - INFO -   Existing points: 22
2026-07-24 13:46:06,582 - V2Scraper - INFO -   RSC: 42 places (22 total unique)
2026-07-24 13:46:06,783 - V2Scraper - INFO - Total extracted: 22 places
2026-07-24 13:46:06,784 - V2Scraper - INFO -   No new points or corrections needed
2026-07-24 13:46:06,784 - V2Scraper - INFO -   No updates needed
2026-07-24 13:46:07,785 - V2Scraper - INFO - 
[143/292] My Dress Up Darling (VIQzdK6tzpH3rImWUzQ6)
2026-07-24 13:46:07,785 - V2Scraper - INFO -   Already exists (ID 6334), checking for updates...
2026-07-24 13:46:07,790 - V2Scraper - INFO -   Existing points: 35
2026-07-24 13:46:09,648 - V2Scraper - INFO -   RSC: 60 places (35 total unique)
2026-07-24 13:46:09,879 - V2Scraper - INFO - Total extracted: 35 places
2026-07-24 13:46:09,880 - V2Scraper - INFO -   No new points or corrections needed
2026-07-24 13:46:09,880 - V2Scraper - INFO -   No updates needed
2026-07-24 13:46:10,881 - V2Scraper - INFO - 
[144/292] Blend S (VVAuTlfMEMbesT8lj0Me)
2026-07-24 13:46:10,881 - V2Scraper - INFO -   Already exists (ID 6335), checking for updates...
2026-07-24 13:46:10,891 - V2Scraper - INFO -   Existing points: 9
2026-07-24 13:46:12,843 - V2Scraper - INFO -   RSC: 18 places (9 total unique)
2026-07-24 13:46:13,037 - V2Scraper - INFO - Total extracted: 9 places
2026-07-24 13:46:13,038 - V2Scraper - INFO -   No new points or corrections needed
2026-07-24 13:46:13,038 - V2Scraper - INFO -   No updates needed
2026-07-24 13:46:14,039 - V2Scraper - INFO - 
[145/292] Steins Gate (VYoUbJBIkUiLX3HPYQGl)
2026-07-24 13:46:14,039 - V2Scraper - INFO -   Already exists (ID 6336), checking for updates...
2026-07-24 13:46:14,040 - V2Scraper - INFO -   Existing points: 65
2026-07-24 13:46:16,754 - V2Scraper - INFO -   RSC: 89 places (64 total unique)
2026-07-24 13:46:16,981 - V2Scraper - INFO - Total extracted: 64 places
2026-07-24 13:46:16,982 - V2Scraper - INFO -   No new points or corrections needed
2026-07-24 13:46:16,982 - V2Scraper - INFO -   No updates needed
2026-07-24 13:46:17,983 - V2Scraper - INFO - 
[146/292] Teasing Master Takagi San 2 (VhH877Oq00jh2nXka21n)
2026-07-24 13:46:17,983 - V2Scraper - INFO -   Already exists (ID 6337), checking for updates...
2026-07-24 13:46:17,984 - V2Scraper - INFO -   Existing points: 13
2026-07-24 13:46:20,569 - V2Scraper - INFO -   RSC: 26 places (13 total unique)
2026-07-24 13:46:20,769 - V2Scraper - INFO - Total extracted: 13 places
2026-07-24 13:46:20,769 - V2Scraper - INFO -   No new points or corrections needed
2026-07-24 13:46:20,769 - V2Scraper - INFO -   No updates needed
2026-07-24 13:46:21,770 - V2Scraper - INFO - 
[147/292] Bang Dream Its Mygo (VkynuahKEcbI6q0ygptX)
2026-07-24 13:46:21,770 - V2Scraper - INFO -   Already exists (ID 6338), checking for updates...
2026-07-24 13:46:21,890 - V2Scraper - INFO -   Existing points: 35
2026-07-24 13:46:26,616 - V2Scraper - INFO -   RSC: 60 places (35 total unique)
2026-07-24 13:46:26,825 - V2Scraper - INFO - Total extracted: 35 places
2026-07-24 13:46:26,826 - V2Scraper - INFO -   No new points or corrections needed
2026-07-24 13:46:26,826 - V2Scraper - INFO -   No updates needed
2026-07-24 13:46:27,827 - V2Scraper - INFO - 
[148/292] Touring After The Apocalypse (VwCzosaRb9Xdvs1m8bls)
2026-07-24 13:46:27,827 - V2Scraper - INFO -   Already exists (ID 6339), checking for updates...
2026-07-24 13:46:27,828 - V2Scraper - INFO -   Existing points: 109
2026-07-24 13:46:30,149 - V2Scraper - INFO -   RSC: 132 places (108 total unique)
2026-07-24 13:46:30,362 - V2Scraper - INFO - Total extracted: 108 places
2026-07-24 13:46:30,363 - V2Scraper - INFO -   No new points or corrections needed
2026-07-24 13:46:30,363 - V2Scraper - INFO -   No updates needed
2026-07-24 13:46:31,364 - V2Scraper - INFO - 
[149/292] The Tunnel To Summer The Exit Of Goodbyes (VwGMVFBArqmvYx8g1JQe)
2026-07-24 13:46:31,364 - V2Scraper - INFO -   Already exists (ID 6340), checking for updates...
2026-07-24 13:46:31,365 - V2Scraper - INFO -   Existing points: 11
2026-07-24 13:46:33,187 - V2Scraper - INFO -   RSC: 20 places (10 total unique)
2026-07-24 13:46:33,401 - V2Scraper - INFO - Total extracted: 10 places
2026-07-24 13:46:33,401 - V2Scraper - INFO -   No new points or corrections needed
2026-07-24 13:46:33,402 - V2Scraper - INFO -   No updates needed
2026-07-24 13:46:34,403 - V2Scraper - INFO - 
[150/292] Pseudo Harem (W6Ty1y47SrpzJsnFIiRq)
2026-07-24 13:46:34,403 - V2Scraper - INFO -   Already exists (ID 6341), checking for updates...
2026-07-24 13:46:34,404 - V2Scraper - INFO -   Existing points: 19
2026-07-24 13:46:36,377 - V2Scraper - INFO -   RSC: 37 places (19 total unique)
2026-07-24 13:46:36,592 - V2Scraper - INFO - Total extracted: 19 places
2026-07-24 13:46:36,592 - V2Scraper - INFO -   No new points or corrections needed
2026-07-24 13:46:36,592 - V2Scraper - INFO -   No updates needed
2026-07-24 13:46:37,593 - V2Scraper - INFO - 
[151/292] Tokyo Revengers 3 (WoY91eDNSvhHts6QSPg1)
2026-07-24 13:46:37,593 - V2Scraper - INFO -   Already exists (ID 6342), checking for updates...
2026-07-24 13:46:37,594 - V2Scraper - INFO -   Existing points: 23
2026-07-24 13:46:40,024 - V2Scraper - INFO -   RSC: 43 places (23 total unique)
2026-07-24 13:46:40,236 - V2Scraper - INFO - Total extracted: 23 places
2026-07-24 13:46:40,236 - V2Scraper - INFO -   No new points or corrections needed
2026-07-24 13:46:40,236 - V2Scraper - INFO -   No updates needed
2026-07-24 13:46:41,237 - V2Scraper - INFO - 
[152/292] Jellyfish Cant Swim In The Night (X2oUXyn7fGvGuS50lQCn)
2026-07-24 13:46:41,237 - V2Scraper - INFO -   Already exists (ID 6343), checking for updates...
2026-07-24 13:46:41,312 - V2Scraper - INFO -   Existing points: 28
2026-07-24 13:46:43,394 - V2Scraper - INFO -   RSC: 53 places (28 total unique)
2026-07-24 13:46:43,604 - V2Scraper - INFO - Total extracted: 28 places
2026-07-24 13:46:43,605 - V2Scraper - INFO -   No new points or corrections needed
2026-07-24 13:46:43,605 - V2Scraper - INFO -   No updates needed
2026-07-24 13:46:44,606 - V2Scraper - INFO - 
[153/292] Amagi Brilliant Park (X7iF240giFDBUnldbUVY)
2026-07-24 13:46:44,606 - V2Scraper - INFO -   Already exists (ID 6344), checking for updates...
2026-07-24 13:46:44,607 - V2Scraper - INFO -   Existing points: 10
2026-07-24 13:46:46,577 - V2Scraper - INFO -   RSC: 19 places (10 total unique)
2026-07-24 13:46:46,796 - V2Scraper - INFO - Total extracted: 10 places
2026-07-24 13:46:46,797 - V2Scraper - INFO -   No new points or corrections needed
2026-07-24 13:46:46,797 - V2Scraper - INFO -   No updates needed
2026-07-24 13:46:47,798 - V2Scraper - INFO - 
[154/292] Chainsaw Man (XVRPGfPRg2w1rhg6LbJq)
2026-07-24 13:46:47,798 - V2Scraper - INFO -   Already exists (ID 6345), checking for updates...
2026-07-24 13:46:47,799 - V2Scraper - INFO -   Existing points: 4
2026-07-24 13:46:50,214 - V2Scraper - INFO -   RSC: 8 places (4 total unique)
2026-07-24 13:46:50,429 - V2Scraper - INFO - Total extracted: 4 places
2026-07-24 13:46:50,430 - V2Scraper - INFO -   No new points or corrections needed
2026-07-24 13:46:50,430 - V2Scraper - INFO -   No updates needed
2026-07-24 13:46:51,431 - V2Scraper - INFO - 
[155/292] Maebashi Witches (XWNFKfeivPqVqZv9aN0M)
2026-07-24 13:46:51,431 - V2Scraper - INFO -   Already exists (ID 6346), checking for updates...
2026-07-24 13:46:51,432 - V2Scraper - INFO -   Existing points: 61
2026-07-24 13:46:53,166 - V2Scraper - INFO -   RSC: 86 places (61 total unique)
2026-07-24 13:46:53,380 - V2Scraper - INFO - Total extracted: 61 places
2026-07-24 13:46:53,380 - V2Scraper - INFO -   No new points or corrections needed
2026-07-24 13:46:53,380 - V2Scraper - INFO -   No updates needed
2026-07-24 13:46:54,381 - V2Scraper - INFO - 
[156/292] Kaguya Sama The First Kiss That Never Ends (XdDmRhPxTsVDwlmnjOqZ)
2026-07-24 13:46:54,381 - V2Scraper - INFO -   Already exists (ID 6347), checking for updates...
2026-07-24 13:46:54,382 - V2Scraper - INFO -   Existing points: 7
2026-07-24 13:46:56,129 - V2Scraper - INFO -   RSC: 14 places (7 total unique)
2026-07-24 13:46:56,331 - V2Scraper - INFO - Total extracted: 7 places
2026-07-24 13:46:56,331 - V2Scraper - INFO -   No new points or corrections needed
2026-07-24 13:46:56,331 - V2Scraper - INFO -   No updates needed
2026-07-24 13:46:57,332 - V2Scraper - INFO - 
[157/292] Chihayafuru (XdJHcqKxg3G3TekN1V8K)
2026-07-24 13:46:57,332 - V2Scraper - INFO -   Already exists (ID 6348), checking for updates...
2026-07-24 13:46:57,333 - V2Scraper - INFO -   Existing points: 25
2026-07-24 13:47:00,017 - V2Scraper - INFO -   RSC: 50 places (25 total unique)
2026-07-24 13:47:00,221 - V2Scraper - INFO - Total extracted: 25 places
2026-07-24 13:47:00,222 - V2Scraper - INFO -   No new points or corrections needed
2026-07-24 13:47:00,222 - V2Scraper - INFO -   No updates needed
2026-07-24 13:47:01,223 - V2Scraper - INFO - 
[158/292] Rent A Girlfriend 2 (YBki2zmwelxlOa6u2Y2w)
2026-07-24 13:47:01,223 - V2Scraper - INFO -   Already exists (ID 6349), checking for updates...
2026-07-24 13:47:01,224 - V2Scraper - INFO -   Existing points: 30
2026-07-24 13:47:05,284 - V2Scraper - INFO -   RSC: 55 places (30 total unique)
2026-07-24 13:47:05,491 - V2Scraper - INFO - Total extracted: 30 places
2026-07-24 13:47:05,491 - V2Scraper - INFO -   No new points or corrections needed
2026-07-24 13:47:05,491 - V2Scraper - INFO -   No updates needed
2026-07-24 13:47:06,492 - V2Scraper - INFO - 
[159/292] Bungo Stray Dogs (YCv9qvKperWlZqGCGO9G)
2026-07-24 13:47:06,492 - V2Scraper - INFO -   Already exists (ID 6350), checking for updates...
2026-07-24 13:47:06,493 - V2Scraper - INFO -   Existing points: 26
2026-07-24 13:47:08,023 - V2Scraper - INFO -   RSC: 49 places (25 total unique)
2026-07-24 13:47:08,226 - V2Scraper - INFO - Total extracted: 25 places
2026-07-24 13:47:08,226 - V2Scraper - INFO -   No new points or corrections needed
2026-07-24 13:47:08,226 - V2Scraper - INFO -   No updates needed
2026-07-24 13:47:09,227 - V2Scraper - INFO - 
[160/292] Oshi No Ko (YKzUE2kxQL1P1ur9nflL)
2026-07-24 13:47:09,227 - V2Scraper - INFO -   Already exists (ID 6351), checking for updates...
2026-07-24 13:47:09,229 - V2Scraper - INFO -   Existing points: 28
2026-07-24 13:47:12,461 - V2Scraper - INFO -   RSC: 52 places (28 total unique)
2026-07-24 13:47:12,665 - V2Scraper - INFO - Total extracted: 28 places
2026-07-24 13:47:12,665 - V2Scraper - INFO -   No new points or corrections needed
2026-07-24 13:47:12,665 - V2Scraper - INFO -   No updates needed
2026-07-24 13:47:13,667 - V2Scraper - INFO - 
[161/292] Ruri Rocks (YLZiKMcAArdDWFoFtsY4)
2026-07-24 13:47:13,667 - V2Scraper - INFO -   Already exists (ID 6352), checking for updates...
2026-07-24 13:47:13,668 - V2Scraper - INFO -   Existing points: 9
2026-07-24 13:47:17,001 - V2Scraper - INFO -   RSC: 18 places (9 total unique)
2026-07-24 13:47:17,215 - V2Scraper - INFO - Total extracted: 9 places
2026-07-24 13:47:17,215 - V2Scraper - INFO -   No new points or corrections needed
2026-07-24 13:47:17,215 - V2Scraper - INFO -   No updates needed
2026-07-24 13:47:18,216 - V2Scraper - INFO - 
[162/292] You And I Are Polar Opposites (YXVReUNqOt4ymGmp6Ymh)
2026-07-24 13:47:18,217 - V2Scraper - INFO -   Already exists (ID 6353), checking for updates...
2026-07-24 13:47:18,217 - V2Scraper - INFO -   Existing points: 44
2026-07-24 13:47:23,400 - V2Scraper - INFO -   RSC: 68 places (44 total unique)
2026-07-24 13:47:23,602 - V2Scraper - INFO - Total extracted: 44 places
2026-07-24 13:47:23,603 - V2Scraper - INFO -   No new points or corrections needed
2026-07-24 13:47:23,603 - V2Scraper - INFO -   No updates needed
2026-07-24 13:47:24,604 - V2Scraper - INFO - 
[163/292] Free (YfZUuOQaiVpbuWXQXNt3)
2026-07-24 13:47:24,604 - V2Scraper - INFO -   Already exists (ID 6354), checking for updates...
2026-07-24 13:47:24,605 - V2Scraper - INFO -   Existing points: 29
2026-07-24 13:47:26,113 - V2Scraper - INFO -   RSC: 54 places (29 total unique)
2026-07-24 13:47:26,329 - V2Scraper - INFO - Total extracted: 29 places
2026-07-24 13:47:26,329 - V2Scraper - INFO -   No new points or corrections needed
2026-07-24 13:47:26,329 - V2Scraper - INFO -   No updates needed
2026-07-24 13:47:27,331 - V2Scraper - INFO - 
[164/292] The Ramparts Of Ice (YxP1yJDVqlWieMLbNmlQ)
2026-07-24 13:47:27,331 - V2Scraper - INFO -   Already exists (ID 6916), checking for updates...
2026-07-24 13:47:27,331 - V2Scraper - INFO -   Existing points: 8
2026-07-24 13:47:28,836 - V2Scraper - INFO -   RSC: 24 places (8 total unique)
2026-07-24 13:47:29,043 - V2Scraper - INFO -   Posts API: 8 user-uploaded places
2026-07-24 13:47:29,043 - V2Scraper - INFO -   API: 8 user-uploaded places (8 total unique)
2026-07-24 13:47:29,043 - V2Scraper - INFO - Total extracted: 8 places
2026-07-24 13:47:29,043 - V2Scraper - INFO -   No new points or corrections needed
2026-07-24 13:47:29,043 - V2Scraper - INFO -   No updates needed
2026-07-24 13:47:30,044 - V2Scraper - INFO - 
[165/292] Steins Gate Movie (ZH0zqKiaPk9CiGpashc9)
2026-07-24 13:47:30,044 - V2Scraper - INFO -   Already exists (ID 6355), checking for updates...
2026-07-24 13:47:30,045 - V2Scraper - INFO -   Existing points: 25
2026-07-24 13:47:31,606 - V2Scraper - INFO -   RSC: 49 places (25 total unique)
2026-07-24 13:47:31,811 - V2Scraper - INFO - Total extracted: 25 places
2026-07-24 13:47:31,811 - V2Scraper - INFO -   No new points or corrections needed
2026-07-24 13:47:31,811 - V2Scraper - INFO -   No updates needed
2026-07-24 13:47:32,813 - V2Scraper - INFO - 
[166/292] Digimon Adventure (ZUDKPLIyHJa5yQs8fBcs)
2026-07-24 13:47:32,813 - V2Scraper - INFO -   Already exists (ID 6356), checking for updates...
2026-07-24 13:47:32,813 - V2Scraper - INFO -   Existing points: 28
2026-07-24 13:47:38,100 - V2Scraper - INFO -   RSC: 53 places (28 total unique)
2026-07-24 13:47:38,308 - V2Scraper - INFO - Total extracted: 28 places
2026-07-24 13:47:38,309 - V2Scraper - INFO -   No new points or corrections needed
2026-07-24 13:47:38,309 - V2Scraper - INFO -   No updates needed
2026-07-24 13:47:39,310 - V2Scraper - INFO - 
[167/292] Zom 100 (ZqtTUmgvqV5KPwgxSndw)
2026-07-24 13:47:39,310 - V2Scraper - INFO -   Already exists (ID 6357), checking for updates...
2026-07-24 13:47:39,311 - V2Scraper - INFO -   Existing points: 21
2026-07-24 13:47:40,999 - V2Scraper - INFO -   RSC: 42 places (21 total unique)
2026-07-24 13:47:41,230 - V2Scraper - INFO -   Posts API: 1 user-uploaded places
2026-07-24 13:47:41,230 - V2Scraper - INFO -   API: 1 user-uploaded places (21 total unique)
2026-07-24 13:47:41,230 - V2Scraper - INFO - Total extracted: 21 places
2026-07-24 13:47:41,230 - V2Scraper - INFO -   No new points or corrections needed
2026-07-24 13:47:41,231 - V2Scraper - INFO -   No updates needed
2026-07-24 13:47:42,232 - V2Scraper - INFO - 
[168/292] Josee The Tiger And The Fish (aDbXS20p1mWrKQDEVsGp)
2026-07-24 13:47:42,232 - V2Scraper - INFO -   Already exists (ID 6358), checking for updates...
2026-07-24 13:47:42,233 - V2Scraper - INFO -   Existing points: 50
2026-07-24 13:47:46,293 - V2Scraper - INFO -   RSC: 75 places (50 total unique)
2026-07-24 13:47:46,509 - V2Scraper - INFO - Total extracted: 50 places
2026-07-24 13:47:46,509 - V2Scraper - INFO -   No new points or corrections needed
2026-07-24 13:47:46,509 - V2Scraper - INFO -   No updates needed
2026-07-24 13:47:47,510 - V2Scraper - INFO - 
[169/292] Yuki Yuna Is A Hero (aP1aVTrFoL1IrIBr5mPu)
2026-07-24 13:47:47,510 - V2Scraper - INFO -   Already exists (ID 6359), checking for updates...
2026-07-24 13:47:47,511 - V2Scraper - INFO -   Existing points: 30
2026-07-24 13:47:49,942 - V2Scraper - INFO -   RSC: 55 places (30 total unique)
2026-07-24 13:47:50,140 - V2Scraper - INFO - Total extracted: 30 places
2026-07-24 13:47:50,140 - V2Scraper - INFO -   No new points or corrections needed
2026-07-24 13:47:50,140 - V2Scraper - INFO -   No updates needed
2026-07-24 13:47:51,141 - V2Scraper - INFO - 
[170/292] Fruits Basket 1 (an4vmYqXjc70Pt2uzo7B)
2026-07-24 13:47:51,142 - V2Scraper - INFO -   Already exists (ID 6360), checking for updates...
2026-07-24 13:47:51,270 - V2Scraper - INFO -   Existing points: 35
2026-07-24 13:47:52,754 - V2Scraper - INFO -   RSC: 59 places (35 total unique)
2026-07-24 13:47:52,968 - V2Scraper - INFO - Total extracted: 35 places
2026-07-24 13:47:52,968 - V2Scraper - INFO -   No new points or corrections needed
2026-07-24 13:47:52,968 - V2Scraper - INFO -   No updates needed
2026-07-24 13:47:53,970 - V2Scraper - INFO - 
[171/292] Tougen Anki (asOr7rG7F3lvkRfna2Ll)
2026-07-24 13:47:53,970 - V2Scraper - INFO -   Already exists (ID 6361), checking for updates...
2026-07-24 13:47:54,007 - V2Scraper - INFO -   Existing points: 18
2026-07-24 13:48:00,142 - V2Scraper - INFO -   RSC: 36 places (18 total unique)
2026-07-24 13:48:00,338 - V2Scraper - INFO - Total extracted: 18 places
2026-07-24 13:48:00,338 - V2Scraper - INFO -   No new points or corrections needed
2026-07-24 13:48:00,338 - V2Scraper - INFO -   No updates needed
2026-07-24 13:48:01,339 - V2Scraper - INFO - 
[172/292] Sound Euphonium 2 (az2BetKCI9giur5x30E0)
2026-07-24 13:48:01,339 - V2Scraper - INFO -   Already exists (ID 6362), checking for updates...
2026-07-24 13:48:01,340 - V2Scraper - INFO -   Existing points: 33
2026-07-24 13:48:15,878 - V2Scraper - INFO -   RSC: 57 places (33 total unique)
2026-07-24 13:48:16,080 - V2Scraper - INFO - Total extracted: 33 places
2026-07-24 13:48:16,080 - V2Scraper - INFO -   No new points or corrections needed
2026-07-24 13:48:16,080 - V2Scraper - INFO -   No updates needed
2026-07-24 13:48:17,081 - V2Scraper - INFO - 
[173/292] Those Snow White Notes (bF9RdGQEUVWNJs47GnWL)
2026-07-24 13:48:17,082 - V2Scraper - INFO -   Already exists (ID 6363), checking for updates...
2026-07-24 13:48:17,082 - V2Scraper - INFO -   Existing points: 5
2026-07-24 13:48:18,653 - V2Scraper - INFO -   RSC: 10 places (5 total unique)
2026-07-24 13:48:18,868 - V2Scraper - INFO - Total extracted: 5 places
2026-07-24 13:48:18,868 - V2Scraper - INFO -   No new points or corrections needed
2026-07-24 13:48:18,868 - V2Scraper - INFO -   No updates needed
2026-07-24 13:48:19,870 - V2Scraper - INFO - 
[174/292] Uzaki Chan Wants To Hang Out (bFRLibDIg7vZl0RKsplj)
2026-07-24 13:48:19,870 - V2Scraper - INFO -   Already exists (ID 6364), checking for updates...
2026-07-24 13:48:19,870 - V2Scraper - INFO -   Existing points: 8
2026-07-24 13:48:22,458 - V2Scraper - INFO -   RSC: 16 places (8 total unique)
2026-07-24 13:48:22,666 - V2Scraper - INFO - Total extracted: 8 places
2026-07-24 13:48:22,667 - V2Scraper - INFO -   No new points or corrections needed
2026-07-24 13:48:22,667 - V2Scraper - INFO -   No updates needed
2026-07-24 13:48:23,668 - V2Scraper - INFO - 
[175/292] Love Chunibyo Other Delusions 2 (bYiMGbhWsrGctQyqWXdr)
2026-07-24 13:48:23,668 - V2Scraper - INFO -   Already exists (ID 6365), checking for updates...
2026-07-24 13:48:23,669 - V2Scraper - INFO -   Existing points: 66
2026-07-24 13:48:25,968 - V2Scraper - INFO -   RSC: 89 places (65 total unique)
2026-07-24 13:48:26,188 - V2Scraper - INFO - Total extracted: 65 places
2026-07-24 13:48:26,188 - V2Scraper - INFO -   No new points or corrections needed
2026-07-24 13:48:26,189 - V2Scraper - INFO -   No updates needed
2026-07-24 13:48:27,190 - V2Scraper - INFO - 
[176/292] Initial D Legend 3 (bfmIPuWLk9usCZzBUOgC)
2026-07-24 13:48:27,190 - V2Scraper - INFO -   Already exists (ID 6366), checking for updates...
2026-07-24 13:48:27,190 - V2Scraper - INFO -   Existing points: 32
2026-07-24 13:48:29,961 - V2Scraper - INFO -   RSC: 57 places (32 total unique)
2026-07-24 13:48:30,177 - V2Scraper - INFO - Total extracted: 32 places
2026-07-24 13:48:30,177 - V2Scraper - INFO -   No new points or corrections needed
2026-07-24 13:48:30,177 - V2Scraper - INFO -   No updates needed
2026-07-24 13:48:31,178 - V2Scraper - INFO - 
[177/292] Love Live 2 (bqcf5pBXd5nYTZrUrMN8)
2026-07-24 13:48:31,178 - V2Scraper - INFO -   Already exists (ID 6367), checking for updates...
2026-07-24 13:48:31,179 - V2Scraper - INFO -   Existing points: 32
2026-07-24 13:48:33,851 - V2Scraper - INFO -   RSC: 57 places (32 total unique)
2026-07-24 13:48:34,062 - V2Scraper - INFO - Total extracted: 32 places
2026-07-24 13:48:34,063 - V2Scraper - INFO -   No new points or corrections needed
2026-07-24 13:48:34,063 - V2Scraper - INFO -   No updates needed
2026-07-24 13:48:35,064 - V2Scraper - INFO - 
[178/292] Oomuro Ke Dear Sisters (cOpLn7qXUh2P78M0fIhs)
2026-07-24 13:48:35,064 - V2Scraper - INFO -   Already exists (ID 6368), checking for updates...
2026-07-24 13:48:35,156 - V2Scraper - INFO -   Existing points: 30
2026-07-24 13:48:39,895 - V2Scraper - INFO -   RSC: 54 places (30 total unique)
2026-07-24 13:48:40,089 - V2Scraper - INFO - Total extracted: 30 places
2026-07-24 13:48:40,089 - V2Scraper - INFO -   No new points or corrections needed
2026-07-24 13:48:40,090 - V2Scraper - INFO -   No updates needed
2026-07-24 13:48:41,091 - V2Scraper - INFO - 
[179/292] Rascal Does Not Dream Of A Sister Venturing Out (dJ4Fiyk6ExLMmNqCnuIL)
2026-07-24 13:48:41,091 - V2Scraper - INFO -   Already exists (ID 6369), checking for updates...
2026-07-24 13:48:41,091 - V2Scraper - INFO -   Existing points: 18
2026-07-24 13:48:44,936 - V2Scraper - INFO -   RSC: 36 places (18 total unique)
2026-07-24 13:48:45,161 - V2Scraper - INFO - Total extracted: 18 places
2026-07-24 13:48:45,162 - V2Scraper - INFO -   No new points or corrections needed
2026-07-24 13:48:45,162 - V2Scraper - INFO -   No updates needed
2026-07-24 13:48:46,162 - V2Scraper - INFO - 
[180/292] Elfen Lied (dVXVd9lm3POCaTrhbN8e)
2026-07-24 13:48:46,162 - V2Scraper - INFO -   Already exists (ID 6370), checking for updates...
2026-07-24 13:48:46,163 - V2Scraper - INFO -   Existing points: 24
2026-07-24 13:48:48,807 - V2Scraper - INFO -   RSC: 47 places (24 total unique)
2026-07-24 13:48:49,007 - V2Scraper - INFO - Total extracted: 24 places
2026-07-24 13:48:49,008 - V2Scraper - INFO -   No new points or corrections needed
2026-07-24 13:48:49,008 - V2Scraper - INFO -   No updates needed
2026-07-24 13:48:50,009 - V2Scraper - INFO - 
[181/292] Her Blue Sky (dfteHvtxljaQQWkj7Kdy)
2026-07-24 13:48:50,009 - V2Scraper - INFO -   Already exists (ID 6371), checking for updates...
2026-07-24 13:48:50,579 - V2Scraper - INFO -   Existing points: 18
2026-07-24 13:48:54,946 - V2Scraper - INFO -   RSC: 36 places (18 total unique)
2026-07-24 13:48:55,172 - V2Scraper - INFO - Total extracted: 18 places
2026-07-24 13:48:55,172 - V2Scraper - INFO -   No new points or corrections needed
2026-07-24 13:48:55,172 - V2Scraper - INFO -   No updates needed
2026-07-24 13:48:56,174 - V2Scraper - INFO - 
[182/292] Your Name (dmrJFiEnWhEOYhhISwFi)
2026-07-24 13:48:56,174 - V2Scraper - INFO -   Already exists (ID 6372), checking for updates...
2026-07-24 13:48:56,174 - V2Scraper - INFO -   Existing points: 44
2026-07-24 13:48:59,425 - V2Scraper - INFO -   RSC: 67 places (43 total unique)
2026-07-24 13:48:59,653 - V2Scraper - INFO -   Posts API: 1 user-uploaded places
2026-07-24 13:48:59,653 - V2Scraper - INFO -   API: 1 user-uploaded places (43 total unique)
2026-07-24 13:48:59,653 - V2Scraper - INFO - Total extracted: 43 places
2026-07-24 13:48:59,653 - V2Scraper - INFO -   No new points or corrections needed
2026-07-24 13:48:59,654 - V2Scraper - INFO -   No updates needed
2026-07-24 13:49:00,655 - V2Scraper - INFO - 
[183/292] Yaiba (e2eUeiRSW5QyEbEOq8k6)
2026-07-24 13:49:00,655 - V2Scraper - INFO -   Already exists (ID 6373), checking for updates...
2026-07-24 13:49:00,656 - V2Scraper - INFO -   Existing points: 51
2026-07-24 13:49:04,143 - V2Scraper - INFO -   RSC: 76 places (51 total unique)
2026-07-24 13:49:04,343 - V2Scraper - INFO - Total extracted: 51 places
2026-07-24 13:49:04,343 - V2Scraper - INFO -   No new points or corrections needed
2026-07-24 13:49:04,343 - V2Scraper - INFO -   No updates needed
2026-07-24 13:49:05,344 - V2Scraper - INFO - 
[184/292] Needy Girl Overdose (e6Jvn7LM2stwCIRdcYoo)
2026-07-24 13:49:05,345 - V2Scraper - INFO -   Already exists (ID 6374), checking for updates...
2026-07-24 13:49:05,345 - V2Scraper - INFO -   Existing points: 6
2026-07-24 13:49:09,668 - V2Scraper - INFO -   RSC: 12 places (6 total unique)
2026-07-24 13:49:09,864 - V2Scraper - INFO - Total extracted: 6 places
2026-07-24 13:49:09,865 - V2Scraper - INFO -   No new points or corrections needed
2026-07-24 13:49:09,865 - V2Scraper - INFO -   No updates needed
2026-07-24 13:49:10,866 - V2Scraper - INFO - 
[185/292] A Whisker Away (eATSGEuD8XRUlDLY55lV)
2026-07-24 13:49:10,866 - V2Scraper - INFO -   Already exists (ID 6375), checking for updates...
2026-07-24 13:49:10,867 - V2Scraper - INFO -   Existing points: 33
2026-07-24 13:49:13,617 - V2Scraper - INFO -   RSC: 58 places (33 total unique)
2026-07-24 13:49:13,814 - V2Scraper - INFO - Total extracted: 33 places
2026-07-24 13:49:13,814 - V2Scraper - INFO -   No new points or corrections needed
2026-07-24 13:49:13,814 - V2Scraper - INFO -   No updates needed
2026-07-24 13:49:14,816 - V2Scraper - INFO - 
[186/292] Bottom Tier Character Tomozaki (eHyev9i9uF8t1YZFk8B7)
2026-07-24 13:49:14,816 - V2Scraper - INFO -   Already exists (ID 6376), checking for updates...
2026-07-24 13:49:14,816 - V2Scraper - INFO -   Existing points: 58
2026-07-24 13:49:18,477 - V2Scraper - INFO -   RSC: 82 places (57 total unique)
2026-07-24 13:49:18,676 - V2Scraper - INFO - Total extracted: 57 places
2026-07-24 13:49:18,677 - V2Scraper - INFO -   No new points or corrections needed
2026-07-24 13:49:18,677 - V2Scraper - INFO -   No updates needed
2026-07-24 13:49:19,678 - V2Scraper - INFO - 
[187/292] Persona 3 (eOFDk1EdVZaxVlVPQHWZ)
2026-07-24 13:49:19,678 - V2Scraper - INFO -   Already exists (ID 6377), checking for updates...
2026-07-24 13:49:19,747 - V2Scraper - INFO -   Existing points: 9
2026-07-24 13:49:22,558 - V2Scraper - INFO -   RSC: 18 places (9 total unique)
2026-07-24 13:49:22,754 - V2Scraper - INFO - Total extracted: 9 places
2026-07-24 13:49:22,754 - V2Scraper - INFO -   No new points or corrections needed
2026-07-24 13:49:22,754 - V2Scraper - INFO -   No updates needed
2026-07-24 13:49:23,756 - V2Scraper - INFO - 
[188/292] Witch Watch (eTYFt3lapy3A9mc0TLED)
2026-07-24 13:49:23,756 - V2Scraper - INFO -   Already exists (ID 6378), checking for updates...
2026-07-24 13:49:23,810 - V2Scraper - INFO -   Existing points: 24
2026-07-24 13:49:25,615 - V2Scraper - INFO -   RSC: 48 places (24 total unique)
2026-07-24 13:49:25,841 - V2Scraper - INFO - Total extracted: 24 places
2026-07-24 13:49:25,841 - V2Scraper - INFO -   No new points or corrections needed
2026-07-24 13:49:25,841 - V2Scraper - INFO -   No updates needed
2026-07-24 13:49:26,842 - V2Scraper - INFO - 
[189/292] Wolf Children (eYYabtope1MjwWUbzTSm)
2026-07-24 13:49:26,842 - V2Scraper - INFO -   Already exists (ID 6379), checking for updates...
2026-07-24 13:49:26,843 - V2Scraper - INFO -   Existing points: 19
2026-07-24 13:49:28,899 - V2Scraper - INFO -   RSC: 38 places (19 total unique)
2026-07-24 13:49:29,106 - V2Scraper - INFO - Total extracted: 19 places
2026-07-24 13:49:29,107 - V2Scraper - INFO -   No new points or corrections needed
2026-07-24 13:49:29,107 - V2Scraper - INFO -   No updates needed
2026-07-24 13:49:30,108 - V2Scraper - INFO - 
[190/292] Ocean Waves (elMjTgqvqmXjY2mYsP97)
2026-07-24 13:49:30,108 - V2Scraper - INFO -   Already exists (ID 6380), checking for updates...
2026-07-24 13:49:30,109 - V2Scraper - INFO -   Existing points: 19
2026-07-24 13:49:39,126 - V2Scraper - INFO -   RSC: 38 places (19 total unique)
2026-07-24 13:49:39,330 - V2Scraper - INFO - Total extracted: 19 places
2026-07-24 13:49:39,331 - V2Scraper - INFO -   No new points or corrections needed
2026-07-24 13:49:39,331 - V2Scraper - INFO -   No updates needed
2026-07-24 13:49:40,332 - V2Scraper - INFO - 
[191/292] Tokyo Revengers 2 (f8AAZWCp5tY6ZpCmYqht)
2026-07-24 13:49:40,332 - V2Scraper - INFO -   Already exists (ID 6381), checking for updates...
2026-07-24 13:49:40,333 - V2Scraper - INFO -   Existing points: 28
2026-07-24 13:49:43,685 - V2Scraper - INFO -   RSC: 52 places (28 total unique)
2026-07-24 13:49:43,902 - V2Scraper - INFO - Total extracted: 28 places
2026-07-24 13:49:43,902 - V2Scraper - INFO -   No new points or corrections needed
2026-07-24 13:49:43,902 - V2Scraper - INFO -   No updates needed
2026-07-24 13:49:44,903 - V2Scraper - INFO - 
[192/292] Oblivion Battery (fLKThLDZdxneAY7q3XXq)
2026-07-24 13:49:44,904 - V2Scraper - INFO -   Already exists (ID 6382), checking for updates...
2026-07-24 13:49:44,904 - V2Scraper - INFO -   Existing points: 22
2026-07-24 13:49:47,988 - V2Scraper - INFO -   RSC: 43 places (22 total unique)
2026-07-24 13:49:48,190 - V2Scraper - INFO - Total extracted: 22 places
2026-07-24 13:49:48,190 - V2Scraper - INFO -   No new points or corrections needed
2026-07-24 13:49:48,191 - V2Scraper - INFO -   No updates needed
2026-07-24 13:49:49,192 - V2Scraper - INFO - 
[193/292] Saga Of Tanya The Evil (fNMHHPGHtnQ928juROn7)
2026-07-24 13:49:49,192 - V2Scraper - INFO -   Already exists (ID 6920), checking for updates...
2026-07-24 13:49:49,192 - V2Scraper - INFO -   Existing points: 3
2026-07-24 13:49:54,393 - V2Scraper - INFO -   RSC: 9 places (3 total unique)
2026-07-24 13:49:54,596 - V2Scraper - INFO -   Posts API: 3 user-uploaded places
2026-07-24 13:49:54,597 - V2Scraper - INFO -   API: 3 user-uploaded places (3 total unique)
2026-07-24 13:49:54,597 - V2Scraper - INFO - Total extracted: 3 places
2026-07-24 13:49:54,597 - V2Scraper - INFO -   No new points or corrections needed
2026-07-24 13:49:54,597 - V2Scraper - INFO -   No updates needed
2026-07-24 13:49:55,598 - V2Scraper - INFO - 
[194/292] Bocchi The Rock (g2gEzS0je4xmz8DFES7D)
2026-07-24 13:49:55,598 - V2Scraper - INFO -   Already exists (ID 6383), checking for updates...
2026-07-24 13:49:55,599 - V2Scraper - INFO -   Existing points: 50
2026-07-24 13:49:58,441 - V2Scraper - INFO -   RSC: 72 places (50 total unique)
2026-07-24 13:49:58,652 - V2Scraper - INFO - Total extracted: 50 places
2026-07-24 13:49:58,653 - V2Scraper - INFO -   No new points or corrections needed
2026-07-24 13:49:58,653 - V2Scraper - INFO -   No updates needed
2026-07-24 13:49:59,654 - V2Scraper - INFO - 
[195/292] Summer Time Rendering (g9pK7gNqpx18yyjFSqoO)
2026-07-24 13:49:59,654 - V2Scraper - INFO -   Already exists (ID 6384), checking for updates...
2026-07-24 13:49:59,659 - V2Scraper - INFO -   Existing points: 9
2026-07-24 13:50:02,185 - V2Scraper - INFO -   RSC: 16 places (8 total unique)
2026-07-24 13:50:02,392 - V2Scraper - INFO - Total extracted: 8 places
2026-07-24 13:50:02,392 - V2Scraper - INFO -   No new points or corrections needed
2026-07-24 13:50:02,392 - V2Scraper - INFO -   No updates needed
2026-07-24 13:50:03,393 - V2Scraper - INFO - 
[196/292] Yuruyuri 3 (gHpRNAYSCHIMongJ2V81)
2026-07-24 13:50:03,393 - V2Scraper - INFO -   Already exists (ID 6385), checking for updates...
2026-07-24 13:50:03,403 - V2Scraper - INFO -   Existing points: 65
2026-07-24 13:50:06,392 - V2Scraper - INFO -   RSC: 88 places (63 total unique)
2026-07-24 13:50:06,592 - V2Scraper - INFO - Total extracted: 63 places
2026-07-24 13:50:06,593 - V2Scraper - INFO -   No new points or corrections needed
2026-07-24 13:50:06,593 - V2Scraper - INFO -   No updates needed
2026-07-24 13:50:07,594 - V2Scraper - INFO - 
[197/292] Bang Dream 3 (gVF2NS4J6Yu9j3raEFQ8)
2026-07-24 13:50:07,594 - V2Scraper - INFO -   Already exists (ID 6386), checking for updates...
2026-07-24 13:50:07,595 - V2Scraper - INFO -   Existing points: 22
2026-07-24 13:50:10,677 - V2Scraper - INFO -   RSC: 44 places (22 total unique)
2026-07-24 13:50:10,919 - V2Scraper - INFO - Total extracted: 22 places
2026-07-24 13:50:10,920 - V2Scraper - INFO -   No new points or corrections needed
2026-07-24 13:50:10,920 - V2Scraper - INFO -   No updates needed
2026-07-24 13:50:11,921 - V2Scraper - INFO - 
[198/292] Spirited Away (gfatdW6fL22KIsoTUgDj)
2026-07-24 13:50:11,921 - V2Scraper - INFO -   Already exists (ID 6387), checking for updates...
2026-07-24 13:50:11,922 - V2Scraper - INFO -   Existing points: 6
2026-07-24 13:50:17,780 - V2Scraper - INFO -   RSC: 12 places (6 total unique)
2026-07-24 13:50:17,982 - V2Scraper - INFO - Total extracted: 6 places
2026-07-24 13:50:17,982 - V2Scraper - INFO -   No new points or corrections needed
2026-07-24 13:50:17,982 - V2Scraper - INFO -   No updates needed
2026-07-24 13:50:18,983 - V2Scraper - INFO - 
[199/292] The Colors Within (gnhSJEY51xYcpeeuQw0W)
2026-07-24 13:50:18,983 - V2Scraper - INFO -   Already exists (ID 6388), checking for updates...
2026-07-24 13:50:18,984 - V2Scraper - INFO -   Existing points: 19
2026-07-24 13:50:21,243 - V2Scraper - INFO -   RSC: 37 places (19 total unique)
2026-07-24 13:50:21,445 - V2Scraper - INFO - Total extracted: 19 places
2026-07-24 13:50:21,445 - V2Scraper - INFO -   No new points or corrections needed
2026-07-24 13:50:21,445 - V2Scraper - INFO -   No updates needed
2026-07-24 13:50:22,446 - V2Scraper - INFO - 
[200/292] Oshi No Ko 3 (hXT39kYUcusxwt3QStKh)
2026-07-24 13:50:22,446 - V2Scraper - INFO -   Already exists (ID 6389), checking for updates...
2026-07-24 13:50:22,447 - V2Scraper - INFO -   Existing points: 36
2026-07-24 13:50:24,790 - V2Scraper - INFO -   RSC: 60 places (36 total unique)
2026-07-24 13:50:25,017 - V2Scraper - INFO - Total extracted: 36 places
2026-07-24 13:50:25,017 - V2Scraper - INFO -   No new points or corrections needed
2026-07-24 13:50:25,017 - V2Scraper - INFO -   No updates needed
2026-07-24 13:50:26,019 - V2Scraper - INFO - 
[201/292] Miss Kobayashis Dragon Maid S (hauIqGQ1sDCVeCPDckoq)
2026-07-24 13:50:26,019 - V2Scraper - INFO -   Already exists (ID 6390), checking for updates...
2026-07-24 13:50:26,020 - V2Scraper - INFO -   Existing points: 42
2026-07-24 13:50:27,971 - V2Scraper - INFO -   RSC: 66 places (41 total unique)
2026-07-24 13:50:28,304 - V2Scraper - INFO - Total extracted: 41 places
2026-07-24 13:50:28,305 - V2Scraper - INFO -   No new points or corrections needed
2026-07-24 13:50:28,305 - V2Scraper - INFO -   No updates needed
2026-07-24 13:50:29,306 - V2Scraper - INFO - 
[202/292] Miss Kobayashis Dragon Maid (hmNbdtY6sluh6dGbGpm3)
2026-07-24 13:50:29,306 - V2Scraper - INFO -   Already exists (ID 6391), checking for updates...
2026-07-24 13:50:29,307 - V2Scraper - INFO -   Existing points: 38
2026-07-24 13:50:33,667 - V2Scraper - INFO -   RSC: 62 places (38 total unique)
2026-07-24 13:50:33,867 - V2Scraper - INFO - Total extracted: 38 places
2026-07-24 13:50:33,867 - V2Scraper - INFO -   No new points or corrections needed
2026-07-24 13:50:33,867 - V2Scraper - INFO -   No updates needed
2026-07-24 13:50:34,868 - V2Scraper - INFO - 
[203/292] The Boy And The Beast (hqPCsA4gKBp9C7fvz7hY)
2026-07-24 13:50:34,868 - V2Scraper - INFO -   Already exists (ID 6392), checking for updates...
2026-07-24 13:50:34,869 - V2Scraper - INFO -   Existing points: 27
2026-07-24 13:50:38,332 - V2Scraper - INFO -   RSC: 51 places (27 total unique)
2026-07-24 13:50:38,538 - V2Scraper - INFO - Total extracted: 27 places
2026-07-24 13:50:38,539 - V2Scraper - INFO -   No new points or corrections needed
2026-07-24 13:50:38,539 - V2Scraper - INFO -   No updates needed
2026-07-24 13:50:39,540 - V2Scraper - INFO - 
[204/292] Uma Musume Pretty Derby 2 (hsFZfXhfP8gdRz84gTye)
2026-07-24 13:50:39,540 - V2Scraper - INFO -   Already exists (ID 6393), checking for updates...
2026-07-24 13:50:39,548 - V2Scraper - INFO -   Existing points: 21
2026-07-24 13:50:41,314 - V2Scraper - INFO -   RSC: 41 places (21 total unique)
2026-07-24 13:50:41,514 - V2Scraper - INFO - Total extracted: 21 places
2026-07-24 13:50:41,515 - V2Scraper - INFO -   No new points or corrections needed
2026-07-24 13:50:41,515 - V2Scraper - INFO -   No updates needed
2026-07-24 13:50:42,516 - V2Scraper - INFO - 
[205/292] The Future Diary (hwW14Gkf0CN9vhzRPbYc)
2026-07-24 13:50:42,516 - V2Scraper - INFO -   Already exists (ID 6394), checking for updates...
2026-07-24 13:50:42,517 - V2Scraper - INFO -   Existing points: 29
2026-07-24 13:50:45,294 - V2Scraper - INFO -   RSC: 54 places (29 total unique)
2026-07-24 13:50:45,506 - V2Scraper - INFO - Total extracted: 29 places
2026-07-24 13:50:45,506 - V2Scraper - INFO -   No new points or corrections needed
2026-07-24 13:50:45,506 - V2Scraper - INFO -   No updates needed
2026-07-24 13:50:46,507 - V2Scraper - INFO - 
[206/292] Yuruyuri 2 (iLiYixvGMH8yz6t05Pq4)
2026-07-24 13:50:46,508 - V2Scraper - INFO -   Already exists (ID 6395), checking for updates...
2026-07-24 13:50:46,508 - V2Scraper - INFO -   Existing points: 18
2026-07-24 13:50:48,674 - V2Scraper - INFO -   RSC: 36 places (18 total unique)
2026-07-24 13:50:48,879 - V2Scraper - INFO - Total extracted: 18 places
2026-07-24 13:50:48,879 - V2Scraper - INFO -   No new points or corrections needed
2026-07-24 13:50:48,879 - V2Scraper - INFO -   No updates needed
2026-07-24 13:50:49,880 - V2Scraper - INFO - 
[207/292] Dagashi Kashi (iQWqPKVd1tNdZsl8aRyC)
2026-07-24 13:50:49,880 - V2Scraper - INFO -   Already exists (ID 6396), checking for updates...
2026-07-24 13:50:49,881 - V2Scraper - INFO -   Existing points: 17
2026-07-24 13:50:52,201 - V2Scraper - INFO -   RSC: 34 places (17 total unique)
2026-07-24 13:50:52,404 - V2Scraper - INFO - Total extracted: 17 places
2026-07-24 13:50:52,404 - V2Scraper - INFO -   No new points or corrections needed
2026-07-24 13:50:52,404 - V2Scraper - INFO -   No updates needed
2026-07-24 13:50:53,405 - V2Scraper - INFO - 
[208/292] Digimon Adventure Tri 1 (idAF9GEfrCSbo8Sbhe0Q)
2026-07-24 13:50:53,405 - V2Scraper - INFO -   Already exists (ID 6397), checking for updates...
2026-07-24 13:50:53,410 - V2Scraper - INFO -   Existing points: 23
2026-07-24 13:50:55,611 - V2Scraper - INFO -   RSC: 45 places (23 total unique)
2026-07-24 13:50:55,815 - V2Scraper - INFO - Total extracted: 23 places
2026-07-24 13:50:55,816 - V2Scraper - INFO -   No new points or corrections needed
2026-07-24 13:50:55,816 - V2Scraper - INFO -   No updates needed
2026-07-24 13:50:56,817 - V2Scraper - INFO - 
[209/292] Kaguya Sama Ultra Romantic (idEzZDys0LEn47JFbEbU)
2026-07-24 13:50:56,817 - V2Scraper - INFO -   Already exists (ID 6398), checking for updates...
2026-07-24 13:50:56,847 - V2Scraper - INFO -   Existing points: 7
2026-07-24 13:50:58,462 - V2Scraper - INFO -   RSC: 14 places (7 total unique)
2026-07-24 13:50:58,657 - V2Scraper - INFO - Total extracted: 7 places
2026-07-24 13:50:58,657 - V2Scraper - INFO -   No new points or corrections needed
2026-07-24 13:50:58,657 - V2Scraper - INFO -   No updates needed
2026-07-24 13:50:59,658 - V2Scraper - INFO - 
[210/292] Grand Blue Dreaming (ioOXlHX29aVhPwnrSHCM)
2026-07-24 13:50:59,658 - V2Scraper - INFO -   Already exists (ID 6399), checking for updates...
2026-07-24 13:50:59,659 - V2Scraper - INFO -   Existing points: 12
2026-07-24 13:51:02,929 - V2Scraper - INFO -   RSC: 23 places (12 total unique)
2026-07-24 13:51:03,126 - V2Scraper - INFO - Total extracted: 12 places
2026-07-24 13:51:03,126 - V2Scraper - INFO -   No new points or corrections needed
2026-07-24 13:51:03,126 - V2Scraper - INFO -   No updates needed
2026-07-24 13:51:04,127 - V2Scraper - INFO - 
[211/292] Mono (ioWpeqYHXVrxmoYR2Q4S)
2026-07-24 13:51:04,127 - V2Scraper - INFO -   Already exists (ID 6400), checking for updates...
2026-07-24 13:51:04,129 - V2Scraper - INFO -   Existing points: 181
2026-07-24 13:51:06,025 - V2Scraper - INFO -   RSC: 201 places (176 total unique)
2026-07-24 13:51:06,217 - V2Scraper - INFO - Total extracted: 176 places
2026-07-24 13:51:06,218 - V2Scraper - INFO -   No new points or corrections needed
2026-07-24 13:51:06,218 - V2Scraper - INFO -   No updates needed
2026-07-24 13:51:07,219 - V2Scraper - INFO - 
[212/292] The Dangers In My Heart (ixBmE5zoDtYosQdmGw6J)
2026-07-24 13:51:07,220 - V2Scraper - INFO -   Already exists (ID 6401), checking for updates...
2026-07-24 13:51:07,220 - V2Scraper - INFO -   Existing points: 25
2026-07-24 13:51:12,878 - V2Scraper - INFO -   RSC: 49 places (25 total unique)
2026-07-24 13:51:13,078 - V2Scraper - INFO - Total extracted: 25 places
2026-07-24 13:51:13,078 - V2Scraper - INFO -   No new points or corrections needed
2026-07-24 13:51:13,078 - V2Scraper - INFO -   No updates needed
2026-07-24 13:51:14,079 - V2Scraper - INFO - 
[213/292] The Girl I Like Forgot Her Glasses (jGaml1L9OKXYk9VQrvPz)
2026-07-24 13:51:14,079 - V2Scraper - INFO -   Already exists (ID 6402), checking for updates...
2026-07-24 13:51:14,099 - V2Scraper - INFO -   Existing points: 35
2026-07-24 13:51:16,072 - V2Scraper - INFO -   RSC: 59 places (35 total unique)
2026-07-24 13:51:16,282 - V2Scraper - INFO - Total extracted: 35 places
2026-07-24 13:51:16,283 - V2Scraper - INFO -   No new points or corrections needed
2026-07-24 13:51:16,283 - V2Scraper - INFO -   No updates needed
2026-07-24 13:51:17,284 - V2Scraper - INFO - 
[214/292] Tatsuki Fujimoto 17 26 (jI8hvq8XTfmHUScW0hkW)
2026-07-24 13:51:17,284 - V2Scraper - INFO -   Already exists (ID 6403), checking for updates...
2026-07-24 13:51:17,285 - V2Scraper - INFO -   Existing points: 3
2026-07-24 13:51:21,329 - V2Scraper - INFO -   RSC: 6 places (3 total unique)
2026-07-24 13:51:21,536 - V2Scraper - INFO - Total extracted: 3 places
2026-07-24 13:51:21,536 - V2Scraper - INFO -   No new points or corrections needed
2026-07-24 13:51:21,536 - V2Scraper - INFO -   No updates needed
2026-07-24 13:51:22,537 - V2Scraper - INFO - 
[215/292] Initial D Legend 1 (jpNvOdNs79m85HRpQLAz)
2026-07-24 13:51:22,537 - V2Scraper - INFO -   Already exists (ID 6404), checking for updates...
2026-07-24 13:51:22,608 - V2Scraper - INFO -   Existing points: 24
2026-07-24 13:51:26,307 - V2Scraper - INFO -   RSC: 47 places (24 total unique)
2026-07-24 13:51:26,505 - V2Scraper - INFO - Total extracted: 24 places
2026-07-24 13:51:26,505 - V2Scraper - INFO -   No new points or corrections needed
2026-07-24 13:51:26,505 - V2Scraper - INFO -   No updates needed
2026-07-24 13:51:27,506 - V2Scraper - INFO - 
[216/292] 25 Dimensional Seduction (jzjmlOooBQ0qHhjdFaAv)
2026-07-24 13:51:27,506 - V2Scraper - INFO -   Already exists (ID 6405), checking for updates...
2026-07-24 13:51:27,507 - V2Scraper - INFO -   Existing points: 7
2026-07-24 13:51:29,164 - V2Scraper - INFO -   RSC: 14 places (7 total unique)
2026-07-24 13:51:29,386 - V2Scraper - INFO - Total extracted: 7 places
2026-07-24 13:51:29,386 - V2Scraper - INFO -   No new points or corrections needed
2026-07-24 13:51:29,386 - V2Scraper - INFO -   No updates needed
2026-07-24 13:51:30,387 - V2Scraper - INFO - 
[217/292] Yuruyuri (k91zDE7m93R6TF1I18ZJ)
2026-07-24 13:51:30,387 - V2Scraper - INFO -   Already exists (ID 6406), checking for updates...
2026-07-24 13:51:30,388 - V2Scraper - INFO -   Existing points: 26
2026-07-24 13:51:37,250 - V2Scraper - INFO -   RSC: 50 places (26 total unique)
2026-07-24 13:51:37,447 - V2Scraper - INFO - Total extracted: 26 places
2026-07-24 13:51:37,447 - V2Scraper - INFO -   No new points or corrections needed
2026-07-24 13:51:37,447 - V2Scraper - INFO -   No updates needed
2026-07-24 13:51:38,448 - V2Scraper - INFO - 
[218/292] Cosmic Princess Kaguya (kCYfe1hDUEETnFuCzdPR)
2026-07-24 13:51:38,448 - V2Scraper - INFO -   Already exists (ID 6407), checking for updates...
2026-07-24 13:51:38,449 - V2Scraper - INFO -   Existing points: 27
2026-07-24 13:51:40,093 - V2Scraper - INFO -   RSC: 52 places (27 total unique)
2026-07-24 13:51:40,290 - V2Scraper - INFO - Total extracted: 27 places
2026-07-24 13:51:40,290 - V2Scraper - INFO -   No new points or corrections needed
2026-07-24 13:51:40,290 - V2Scraper - INFO -   No updates needed
2026-07-24 13:51:41,291 - V2Scraper - INFO - 
[219/292] 5 Centimeters Per Second (lC2rLRj6H1qdA3lAth1U)
2026-07-24 13:51:41,292 - V2Scraper - INFO -   Already exists (ID 6408), checking for updates...
2026-07-24 13:51:41,348 - V2Scraper - INFO -   Existing points: 39
2026-07-24 13:51:43,890 - V2Scraper - INFO -   RSC: 62 places (39 total unique)
2026-07-24 13:51:44,095 - V2Scraper - INFO - Total extracted: 39 places
2026-07-24 13:51:44,095 - V2Scraper - INFO -   No new points or corrections needed
2026-07-24 13:51:44,095 - V2Scraper - INFO -   No updates needed
2026-07-24 13:51:45,096 - V2Scraper - INFO - 
[220/292] Love Live (lCHlfVBBuWKfP9fIp0LK)
2026-07-24 13:51:45,097 - V2Scraper - INFO -   Already exists (ID 6409), checking for updates...
2026-07-24 13:51:45,191 - V2Scraper - INFO -   Existing points: 25
2026-07-24 13:51:47,751 - V2Scraper - INFO -   RSC: 49 places (25 total unique)
2026-07-24 13:51:47,953 - V2Scraper - INFO - Total extracted: 25 places
2026-07-24 13:51:47,953 - V2Scraper - INFO -   No new points or corrections needed
2026-07-24 13:51:47,953 - V2Scraper - INFO -   No updates needed
2026-07-24 13:51:48,954 - V2Scraper - INFO - 
[221/292] Food For The Soul (lLRNlBv5PhX1VA137llY)
2026-07-24 13:51:48,955 - V2Scraper - INFO -   Already exists (ID 6410), checking for updates...
2026-07-24 13:51:48,955 - V2Scraper - INFO -   Existing points: 84
2026-07-24 13:51:50,930 - V2Scraper - INFO -   RSC: 107 places (83 total unique)
2026-07-24 13:51:51,137 - V2Scraper - INFO - Total extracted: 83 places
2026-07-24 13:51:51,138 - V2Scraper - INFO -   No new points or corrections needed
2026-07-24 13:51:51,138 - V2Scraper - INFO -   No updates needed
2026-07-24 13:51:52,139 - V2Scraper - INFO - 
[222/292] Look Back (lQ3KSrgoTH8ecdJpYrjU)
2026-07-24 13:51:52,139 - V2Scraper - INFO -   Already exists (ID 6411), checking for updates...
2026-07-24 13:51:52,140 - V2Scraper - INFO -   Existing points: 10
2026-07-24 13:51:55,188 - V2Scraper - INFO -   RSC: 20 places (10 total unique)
2026-07-24 13:51:55,387 - V2Scraper - INFO - Total extracted: 10 places
2026-07-24 13:51:55,388 - V2Scraper - INFO -   No new points or corrections needed
2026-07-24 13:51:55,388 - V2Scraper - INFO -   No updates needed
2026-07-24 13:51:56,389 - V2Scraper - INFO - 
[223/292] The Cat Returns (m6CFZQrjKW65ycCZE0zC)
2026-07-24 13:51:56,389 - V2Scraper - INFO -   Already exists (ID 6412), checking for updates...
2026-07-24 13:51:56,390 - V2Scraper - INFO -   Existing points: 4
2026-07-24 13:52:04,046 - V2Scraper - INFO -   RSC: 8 places (4 total unique)
2026-07-24 13:52:04,267 - V2Scraper - INFO - Total extracted: 4 places
2026-07-24 13:52:04,267 - V2Scraper - INFO -   No new points or corrections needed
2026-07-24 13:52:04,267 - V2Scraper - INFO -   No updates needed
2026-07-24 13:52:05,268 - V2Scraper - INFO - 
[224/292] Hello World (m9AMAEy8Bg0amLLk0fCq)
2026-07-24 13:52:05,268 - V2Scraper - INFO -   Already exists (ID 6413), checking for updates...
2026-07-24 13:52:05,269 - V2Scraper - INFO -   Existing points: 9
2026-07-24 13:52:07,582 - V2Scraper - INFO -   RSC: 18 places (9 total unique)
2026-07-24 13:52:07,798 - V2Scraper - INFO - Total extracted: 9 places
2026-07-24 13:52:07,799 - V2Scraper - INFO -   No new points or corrections needed
2026-07-24 13:52:07,799 - V2Scraper - INFO -   No updates needed
2026-07-24 13:52:08,800 - V2Scraper - INFO - 
[225/292] Bang Dream 2 (mE5p3IdFgsmfqTwMvwbp)
2026-07-24 13:52:08,800 - V2Scraper - INFO -   Already exists (ID 6414), checking for updates...
2026-07-24 13:52:08,803 - V2Scraper - INFO -   Existing points: 31
2026-07-24 13:52:10,617 - V2Scraper - INFO -   RSC: 55 places (30 total unique)
2026-07-24 13:52:10,837 - V2Scraper - INFO - Total extracted: 30 places
2026-07-24 13:52:10,838 - V2Scraper - INFO -   No new points or corrections needed
2026-07-24 13:52:10,838 - V2Scraper - INFO -   No updates needed
2026-07-24 13:52:11,839 - V2Scraper - INFO - 
[226/292] Oshi No Ko 2 (mHMf87KlQmLu2SFtbgaw)
2026-07-24 13:52:11,839 - V2Scraper - INFO -   Already exists (ID 6415), checking for updates...
2026-07-24 13:52:11,945 - V2Scraper - INFO -   Existing points: 41
2026-07-24 13:52:13,902 - V2Scraper - INFO -   RSC: 65 places (41 total unique)
2026-07-24 13:52:14,104 - V2Scraper - INFO - Total extracted: 41 places
2026-07-24 13:52:14,105 - V2Scraper - INFO -   No new points or corrections needed
2026-07-24 13:52:14,105 - V2Scraper - INFO -   No updates needed
2026-07-24 13:52:15,106 - V2Scraper - INFO - 
[227/292] Occultic Nine (mtW7xBzlawzjCvgR7pCQ)
2026-07-24 13:52:15,106 - V2Scraper - INFO -   Already exists (ID 6416), checking for updates...
2026-07-24 13:52:15,107 - V2Scraper - INFO -   Existing points: 68
2026-07-24 13:52:17,944 - V2Scraper - INFO -   RSC: 90 places (66 total unique)
2026-07-24 13:52:18,148 - V2Scraper - INFO - Total extracted: 66 places
2026-07-24 13:52:18,149 - V2Scraper - INFO -   No new points or corrections needed
2026-07-24 13:52:18,149 - V2Scraper - INFO -   No updates needed
2026-07-24 13:52:19,150 - V2Scraper - INFO - 
[228/292] Komi Cant Communicate 2 (n3hNkoBAE9Wr2XL65zWD)
2026-07-24 13:52:19,150 - V2Scraper - INFO -   Already exists (ID 6417), checking for updates...
2026-07-24 13:52:19,151 - V2Scraper - INFO -   Existing points: 8
2026-07-24 13:52:24,119 - V2Scraper - INFO -   RSC: 16 places (8 total unique)
2026-07-24 13:52:24,391 - V2Scraper - INFO - Total extracted: 8 places
2026-07-24 13:52:24,391 - V2Scraper - INFO -   No new points or corrections needed
2026-07-24 13:52:24,391 - V2Scraper - INFO -   No updates needed
2026-07-24 13:52:25,392 - V2Scraper - INFO - 
[229/292] K On (nDcjBFyJt97tX0kT9a3i)
2026-07-24 13:52:25,392 - V2Scraper - INFO -   Already exists (ID 6418), checking for updates...
2026-07-24 13:52:25,393 - V2Scraper - INFO -   Existing points: 21
2026-07-24 13:52:27,134 - V2Scraper - INFO -   RSC: 42 places (21 total unique)
2026-07-24 13:52:27,337 - V2Scraper - INFO - Total extracted: 21 places
2026-07-24 13:52:27,337 - V2Scraper - INFO -   No new points or corrections needed
2026-07-24 13:52:27,337 - V2Scraper - INFO -   No updates needed
2026-07-24 13:52:28,339 - V2Scraper - INFO - 
[230/292] This Monster Wants To Eat Me (nIzGnqp4XULg32euiQJb)
2026-07-24 13:52:28,339 - V2Scraper - INFO -   Already exists (ID 6419), checking for updates...
2026-07-24 13:52:28,339 - V2Scraper - INFO -   Existing points: 20
2026-07-24 13:52:32,183 - V2Scraper - INFO -   RSC: 40 places (20 total unique)
2026-07-24 13:52:32,387 - V2Scraper - INFO - Total extracted: 20 places
2026-07-24 13:52:32,388 - V2Scraper - INFO -   No new points or corrections needed
2026-07-24 13:52:32,388 - V2Scraper - INFO -   No updates needed
2026-07-24 13:52:33,389 - V2Scraper - INFO - 
[231/292] Kill Blue (nKpdjhePk7YAVXq0yOQd)
2026-07-24 13:52:33,389 - V2Scraper - INFO -   Already exists (ID 6917), checking for updates...
2026-07-24 13:52:33,389 - V2Scraper - INFO -   Existing points: 4
2026-07-24 13:52:35,177 - V2Scraper - INFO -   RSC: 12 places (4 total unique)
2026-07-24 13:52:35,381 - V2Scraper - INFO -   Posts API: 4 user-uploaded places
2026-07-24 13:52:35,382 - V2Scraper - INFO -   API: 4 user-uploaded places (4 total unique)
2026-07-24 13:52:35,382 - V2Scraper - INFO - Total extracted: 4 places
2026-07-24 13:52:35,382 - V2Scraper - INFO -   No new points or corrections needed
2026-07-24 13:52:35,382 - V2Scraper - INFO -   No updates needed
2026-07-24 13:52:36,383 - V2Scraper - INFO - 
[232/292] Odd Taxi In The Woods (nZ0gBZUiXs5uFdPh0WWP)
2026-07-24 13:52:36,383 - V2Scraper - INFO -   Already exists (ID 6420), checking for updates...
2026-07-24 13:52:36,384 - V2Scraper - INFO -   Existing points: 14
2026-07-24 13:52:38,794 - V2Scraper - INFO -   RSC: 27 places (14 total unique)
2026-07-24 13:52:38,993 - V2Scraper - INFO - Total extracted: 14 places
2026-07-24 13:52:38,993 - V2Scraper - INFO -   No new points or corrections needed
2026-07-24 13:52:38,993 - V2Scraper - INFO -   No updates needed
2026-07-24 13:52:39,994 - V2Scraper - INFO - 
[233/292] Fate Strange Fake (nlFMm5beeDxjMv1c7pI0)
2026-07-24 13:52:39,994 - V2Scraper - INFO -   Already exists (ID 6421), checking for updates...
2026-07-24 13:52:39,995 - V2Scraper - INFO -   Existing points: 13
2026-07-24 13:52:46,244 - V2Scraper - INFO -   RSC: 25 places (13 total unique)
2026-07-24 13:52:46,458 - V2Scraper - INFO - Total extracted: 13 places
2026-07-24 13:52:46,458 - V2Scraper - INFO -   No new points or corrections needed
2026-07-24 13:52:46,458 - V2Scraper - INFO -   No updates needed
2026-07-24 13:52:47,459 - V2Scraper - INFO - 
[234/292] Teasing Master Takagi San (nuuX3MVLDUkL5Gu82Nn7)
2026-07-24 13:52:47,460 - V2Scraper - INFO -   Already exists (ID 6422), checking for updates...
2026-07-24 13:52:47,460 - V2Scraper - INFO -   Existing points: 9
2026-07-24 13:52:50,752 - V2Scraper - INFO -   RSC: 18 places (9 total unique)
2026-07-24 13:52:50,957 - V2Scraper - INFO - Total extracted: 9 places
2026-07-24 13:52:50,957 - V2Scraper - INFO -   No new points or corrections needed
2026-07-24 13:52:50,957 - V2Scraper - INFO -   No updates needed
2026-07-24 13:52:51,958 - V2Scraper - INFO - 
[235/292] A Silent Voice (o1iBehlCuEJvjTymVXZc)
2026-07-24 13:52:51,958 - V2Scraper - INFO -   Already exists (ID 6423), checking for updates...
2026-07-24 13:52:51,959 - V2Scraper - INFO -   Existing points: 33
2026-07-24 13:52:53,997 - V2Scraper - INFO -   RSC: 58 places (33 total unique)
2026-07-24 13:52:54,196 - V2Scraper - INFO - Total extracted: 33 places
2026-07-24 13:52:54,196 - V2Scraper - INFO -   No new points or corrections needed
2026-07-24 13:52:54,196 - V2Scraper - INFO -   No updates needed
2026-07-24 13:52:55,197 - V2Scraper - INFO - 
[236/292] Tamons B Side (o4I6GJfs1wuWmUMwZdjZ)
2026-07-24 13:52:55,197 - V2Scraper - INFO -   Already exists (ID 6424), checking for updates...
2026-07-24 13:52:55,198 - V2Scraper - INFO -   Existing points: 36
2026-07-24 13:52:59,093 - V2Scraper - INFO -   RSC: 60 places (36 total unique)
2026-07-24 13:52:59,311 - V2Scraper - INFO - Total extracted: 36 places
2026-07-24 13:52:59,311 - V2Scraper - INFO -   No new points or corrections needed
2026-07-24 13:52:59,311 - V2Scraper - INFO -   No updates needed
2026-07-24 13:53:00,312 - V2Scraper - INFO - 
[237/292] Jujutsu Kaisen 3 (oZ1ZO0bAf6FpPP7poEve)
2026-07-24 13:53:00,313 - V2Scraper - INFO -   Already exists (ID 6425), checking for updates...
2026-07-24 13:53:00,313 - V2Scraper - INFO -   Existing points: 63
2026-07-24 13:53:03,769 - V2Scraper - INFO -   RSC: 93 places (62 total unique)
2026-07-24 13:53:03,982 - V2Scraper - INFO -   Posts API: 6 user-uploaded places
2026-07-24 13:53:03,982 - V2Scraper - INFO -   API: 6 user-uploaded places (62 total unique)
2026-07-24 13:53:03,982 - V2Scraper - INFO - Total extracted: 62 places
2026-07-24 13:53:03,982 - V2Scraper - INFO -   No new points or corrections needed
2026-07-24 13:53:03,983 - V2Scraper - INFO -   No updates needed
2026-07-24 13:53:04,984 - V2Scraper - INFO - 
[238/292] Suzume (owwojmBeyqQxduqOgajN)
2026-07-24 13:53:04,984 - V2Scraper - INFO -   Already exists (ID 6426), checking for updates...
2026-07-24 13:53:04,985 - V2Scraper - INFO -   Existing points: 35
2026-07-24 13:53:06,875 - V2Scraper - INFO -   RSC: 60 places (35 total unique)
2026-07-24 13:53:07,088 - V2Scraper - INFO - Total extracted: 35 places
2026-07-24 13:53:07,088 - V2Scraper - INFO -   No new points or corrections needed
2026-07-24 13:53:07,088 - V2Scraper - INFO -   No updates needed
2026-07-24 13:53:08,089 - V2Scraper - INFO - 
[239/292] Ya Boy Kongming (p0GIxz7n8zoq1SbFbrQo)
2026-07-24 13:53:08,089 - V2Scraper - INFO -   Already exists (ID 6427), checking for updates...
2026-07-24 13:53:08,090 - V2Scraper - INFO -   Existing points: 12
2026-07-24 13:53:11,645 - V2Scraper - INFO -   RSC: 23 places (12 total unique)
2026-07-24 13:53:11,855 - V2Scraper - INFO - Total extracted: 12 places
2026-07-24 13:53:11,855 - V2Scraper - INFO -   No new points or corrections needed
2026-07-24 13:53:11,855 - V2Scraper - INFO -   No updates needed
2026-07-24 13:53:12,856 - V2Scraper - INFO - 
[240/292] Bungo Stray Dogs 3 (p8toSNuaJZiLprsI9c16)
2026-07-24 13:53:12,857 - V2Scraper - INFO -   Already exists (ID 6428), checking for updates...
2026-07-24 13:53:12,857 - V2Scraper - INFO -   Existing points: 26
2026-07-24 13:53:14,858 - V2Scraper - INFO -   RSC: 50 places (26 total unique)
2026-07-24 13:53:15,072 - V2Scraper - INFO - Total extracted: 26 places
2026-07-24 13:53:15,072 - V2Scraper - INFO -   No new points or corrections needed
2026-07-24 13:53:15,072 - V2Scraper - INFO -   No updates needed
2026-07-24 13:53:16,073 - V2Scraper - INFO - 
[241/292] Fate Zero (pUYxGiC62sTphT2JvNO7)
2026-07-24 13:53:16,073 - V2Scraper - INFO -   Already exists (ID 6429), checking for updates...
2026-07-24 13:53:16,074 - V2Scraper - INFO -   Existing points: 14
2026-07-24 13:53:25,397 - V2Scraper - INFO -   RSC: 28 places (14 total unique)
2026-07-24 13:53:25,642 - V2Scraper - INFO - Total extracted: 14 places
2026-07-24 13:53:25,642 - V2Scraper - INFO -   No new points or corrections needed
2026-07-24 13:53:25,642 - V2Scraper - INFO -   No updates needed
2026-07-24 13:53:26,643 - V2Scraper - INFO - 
[242/292] My Deer Friend Nokotan (pvWIpj2to4PlwxwvGIDt)
2026-07-24 13:53:26,644 - V2Scraper - INFO -   Already exists (ID 6430), checking for updates...
2026-07-24 13:53:26,645 - V2Scraper - INFO -   Existing points: 29
2026-07-24 13:53:31,141 - V2Scraper - INFO -   RSC: 51 places (29 total unique)
2026-07-24 13:53:31,332 - V2Scraper - INFO - Total extracted: 29 places
2026-07-24 13:53:31,332 - V2Scraper - INFO -   No new points or corrections needed
2026-07-24 13:53:31,332 - V2Scraper - INFO -   No updates needed
2026-07-24 13:53:32,334 - V2Scraper - INFO - 
[243/292] Shikimoris Not Just A Cutie (pwIwjuNHiexM3H66AQM9)
2026-07-24 13:53:32,334 - V2Scraper - INFO -   Already exists (ID 6431), checking for updates...
2026-07-24 13:53:32,335 - V2Scraper - INFO -   Existing points: 14
2026-07-24 13:53:34,796 - V2Scraper - INFO -   RSC: 28 places (14 total unique)
2026-07-24 13:53:35,001 - V2Scraper - INFO - Total extracted: 14 places
2026-07-24 13:53:35,001 - V2Scraper - INFO -   No new points or corrections needed
2026-07-24 13:53:35,001 - V2Scraper - INFO -   No updates needed
2026-07-24 13:53:36,003 - V2Scraper - INFO - 
[244/292] Medalist 2 (q1iKwxit2IQ79ehAO6yX)
2026-07-24 13:53:36,003 - V2Scraper - INFO -   Already exists (ID 6432), checking for updates...
2026-07-24 13:53:36,003 - V2Scraper - INFO -   Existing points: 10
2026-07-24 13:53:37,980 - V2Scraper - INFO -   RSC: 19 places (10 total unique)
2026-07-24 13:53:38,198 - V2Scraper - INFO - Total extracted: 10 places
2026-07-24 13:53:38,198 - V2Scraper - INFO -   No new points or corrections needed
2026-07-24 13:53:38,198 - V2Scraper - INFO -   No updates needed
2026-07-24 13:53:39,199 - V2Scraper - INFO - 
[245/292] Journal With Witch (qlWdNgADWPSHvlOJbvED)
2026-07-24 13:53:39,199 - V2Scraper - INFO -   Already exists (ID 6433), checking for updates...
2026-07-24 13:53:39,200 - V2Scraper - INFO -   Existing points: 27
2026-07-24 13:53:42,457 - V2Scraper - INFO -   RSC: 51 places (27 total unique)
2026-07-24 13:53:42,662 - V2Scraper - INFO - Total extracted: 27 places
2026-07-24 13:53:42,662 - V2Scraper - INFO -   No new points or corrections needed
2026-07-24 13:53:42,662 - V2Scraper - INFO -   No updates needed
2026-07-24 13:53:43,664 - V2Scraper - INFO - 
[246/292] The Anthem Of The Heart (qyzxJ6190Ra8ypsZS2j8)
2026-07-24 13:53:43,664 - V2Scraper - INFO -   Already exists (ID 6434), checking for updates...
2026-07-24 13:53:43,665 - V2Scraper - INFO -   Existing points: 22
2026-07-24 13:53:46,125 - V2Scraper - INFO -   RSC: 43 places (22 total unique)
2026-07-24 13:53:46,339 - V2Scraper - INFO - Total extracted: 22 places
2026-07-24 13:53:46,339 - V2Scraper - INFO -   No new points or corrections needed
2026-07-24 13:53:46,339 - V2Scraper - INFO -   No updates needed
2026-07-24 13:53:47,340 - V2Scraper - INFO - 
[247/292] One Punch Man 3 (rC0dQzDQaWadoKRSENAl)
2026-07-24 13:53:47,340 - V2Scraper - INFO -   Already exists (ID 6435), checking for updates...
2026-07-24 13:53:47,341 - V2Scraper - INFO -   Existing points: 7
2026-07-24 13:53:51,189 - V2Scraper - INFO -   RSC: 13 places (7 total unique)
2026-07-24 13:53:51,391 - V2Scraper - INFO - Total extracted: 7 places
2026-07-24 13:53:51,391 - V2Scraper - INFO -   No new points or corrections needed
2026-07-24 13:53:51,391 - V2Scraper - INFO -   No updates needed
2026-07-24 13:53:52,392 - V2Scraper - INFO - 
[248/292] Todays Menu For The Emiya Family (rgtPM7QxaNfCUZQHchHW)
2026-07-24 13:53:52,393 - V2Scraper - INFO -   Already exists (ID 6436), checking for updates...
2026-07-24 13:53:52,393 - V2Scraper - INFO -   Existing points: 25
2026-07-24 13:53:58,112 - V2Scraper - INFO -   RSC: 50 places (25 total unique)
2026-07-24 13:53:58,328 - V2Scraper - INFO - Total extracted: 25 places
2026-07-24 13:53:58,329 - V2Scraper - INFO -   No new points or corrections needed
2026-07-24 13:53:58,329 - V2Scraper - INFO -   No updates needed
2026-07-24 13:53:59,329 - V2Scraper - INFO - 
[249/292] Re Creators (rv19SKFM4rWzGlXZszn4)
2026-07-24 13:53:59,330 - V2Scraper - INFO -   Already exists (ID 6437), checking for updates...
2026-07-24 13:53:59,330 - V2Scraper - INFO -   Existing points: 61
2026-07-24 13:54:01,270 - V2Scraper - INFO -   RSC: 86 places (61 total unique)
2026-07-24 13:54:01,478 - V2Scraper - INFO - Total extracted: 61 places
2026-07-24 13:54:01,478 - V2Scraper - INFO -   No new points or corrections needed
2026-07-24 13:54:01,478 - V2Scraper - INFO -   No updates needed
2026-07-24 13:54:02,479 - V2Scraper - INFO - 
[250/292] Uma Musume Pretty Derby (sUISPT4kapvVtcddq6yf)
2026-07-24 13:54:02,480 - V2Scraper - INFO -   Already exists (ID 6438), checking for updates...
2026-07-24 13:54:02,480 - V2Scraper - INFO -   Existing points: 24
2026-07-24 13:54:04,722 - V2Scraper - INFO -   RSC: 47 places (24 total unique)
2026-07-24 13:54:04,931 - V2Scraper - INFO - Total extracted: 24 places
2026-07-24 13:54:04,931 - V2Scraper - INFO -   No new points or corrections needed
2026-07-24 13:54:04,931 - V2Scraper - INFO -   No updates needed
2026-07-24 13:54:05,932 - V2Scraper - INFO - 
[251/292] Haikyu (sXgYeKOTfssj8ROxSbwR)
2026-07-24 13:54:05,932 - V2Scraper - INFO -   Already exists (ID 6439), checking for updates...
2026-07-24 13:54:05,933 - V2Scraper - INFO -   Existing points: 8
2026-07-24 13:54:08,275 - V2Scraper - INFO -   RSC: 16 places (8 total unique)
2026-07-24 13:54:08,476 - V2Scraper - INFO - Total extracted: 8 places
2026-07-24 13:54:08,476 - V2Scraper - INFO -   No new points or corrections needed
2026-07-24 13:54:08,476 - V2Scraper - INFO -   No updates needed
2026-07-24 13:54:09,477 - V2Scraper - INFO - 
[252/292] The Girl Who Leapt Through Time (seGnO0BqP0oOGxXN0gUK)
2026-07-24 13:54:09,477 - V2Scraper - INFO -   Already exists (ID 6440), checking for updates...
2026-07-24 13:54:09,478 - V2Scraper - INFO -   Existing points: 10
2026-07-24 13:54:12,405 - V2Scraper - INFO -   RSC: 20 places (10 total unique)
2026-07-24 13:54:12,599 - V2Scraper - INFO - Total extracted: 10 places
2026-07-24 13:54:12,599 - V2Scraper - INFO -   No new points or corrections needed
2026-07-24 13:54:12,599 - V2Scraper - INFO -   No updates needed
2026-07-24 13:54:13,600 - V2Scraper - INFO - 
[253/292] Grotesqqque (sly3eyzND9TZP0B7eZYL)
2026-07-24 13:54:13,601 - V2Scraper - INFO -   Already exists (ID 6915), checking for updates...
2026-07-24 13:54:13,601 - V2Scraper - INFO -   Existing points: 5
2026-07-24 13:54:15,658 - V2Scraper - INFO -   RSC: 15 places (5 total unique)
2026-07-24 13:54:15,860 - V2Scraper - INFO -   Posts API: 5 user-uploaded places
2026-07-24 13:54:15,861 - V2Scraper - INFO -   API: 5 user-uploaded places (5 total unique)
2026-07-24 13:54:15,861 - V2Scraper - INFO - Total extracted: 5 places
2026-07-24 13:54:15,861 - V2Scraper - INFO -   No new points or corrections needed
2026-07-24 13:54:15,861 - V2Scraper - INFO -   No updates needed
2026-07-24 13:54:16,862 - V2Scraper - INFO - 
[254/292] Haruhi 2006 (sqOvtyTGW57hQNbzoXIc)
2026-07-24 13:54:16,862 - V2Scraper - INFO -   Already exists (ID 6441), checking for updates...
2026-07-24 13:54:16,863 - V2Scraper - INFO -   Existing points: 38
2026-07-24 13:54:18,611 - V2Scraper - INFO -   RSC: 62 places (38 total unique)
2026-07-24 13:54:18,832 - V2Scraper - INFO - Total extracted: 38 places
2026-07-24 13:54:18,832 - V2Scraper - INFO -   No new points or corrections needed
2026-07-24 13:54:18,832 - V2Scraper - INFO -   No updates needed
2026-07-24 13:54:19,833 - V2Scraper - INFO - 
[255/292] The Ryuos Work Is Never Done (ssdRxaytUOXCnKw1pcuJ)
2026-07-24 13:54:19,834 - V2Scraper - INFO -   Already exists (ID 6442), checking for updates...
2026-07-24 13:54:19,834 - V2Scraper - INFO -   Existing points: 23
2026-07-24 13:54:22,081 - V2Scraper - INFO -   RSC: 45 places (23 total unique)
2026-07-24 13:54:22,273 - V2Scraper - INFO - Total extracted: 23 places
2026-07-24 13:54:22,273 - V2Scraper - INFO -   No new points or corrections needed
2026-07-24 13:54:22,273 - V2Scraper - INFO -   No updates needed
2026-07-24 13:54:23,274 - V2Scraper - INFO - 
[256/292] Makeine (tCBIn1QbnKWmGX9Qzqhb)
2026-07-24 13:54:23,275 - V2Scraper - INFO -   Already exists (ID 6443), checking for updates...
2026-07-24 13:54:23,276 - V2Scraper - INFO -   Existing points: 49
2026-07-24 13:54:25,693 - V2Scraper - INFO -   RSC: 74 places (49 total unique)
2026-07-24 13:54:25,898 - V2Scraper - INFO - Total extracted: 49 places
2026-07-24 13:54:25,899 - V2Scraper - INFO -   No new points or corrections needed
2026-07-24 13:54:25,899 - V2Scraper - INFO -   No updates needed
2026-07-24 13:54:26,900 - V2Scraper - INFO - 
[257/292] The Quintessential Quintuplets (tiMx5VfV5a62NIXHXaoK)
2026-07-24 13:54:26,900 - V2Scraper - INFO -   Already exists (ID 6444), checking for updates...
2026-07-24 13:54:26,900 - V2Scraper - INFO -   Existing points: 4
2026-07-24 13:54:28,765 - V2Scraper - INFO -   RSC: 8 places (4 total unique)
2026-07-24 13:54:28,960 - V2Scraper - INFO - Total extracted: 4 places
2026-07-24 13:54:28,960 - V2Scraper - INFO -   No new points or corrections needed
2026-07-24 13:54:28,960 - V2Scraper - INFO -   No updates needed
2026-07-24 13:54:29,961 - V2Scraper - INFO - 
[258/292] Otaku Elf (tidwKFuBkmHvw52kmMPD)
2026-07-24 13:54:29,961 - V2Scraper - INFO -   Already exists (ID 6445), checking for updates...
2026-07-24 13:54:29,962 - V2Scraper - INFO -   Existing points: 15
2026-07-24 13:54:32,073 - V2Scraper - INFO -   RSC: 29 places (15 total unique)
2026-07-24 13:54:32,280 - V2Scraper - INFO - Total extracted: 15 places
2026-07-24 13:54:32,280 - V2Scraper - INFO -   No new points or corrections needed
2026-07-24 13:54:32,280 - V2Scraper - INFO -   No updates needed
2026-07-24 13:54:33,281 - V2Scraper - INFO - 
[259/292] Rent A Girlfriend 4 (tqahwveOEhWxs1eBy14Q)
2026-07-24 13:54:33,282 - V2Scraper - INFO -   Already exists (ID 6446), checking for updates...
2026-07-24 13:54:33,282 - V2Scraper - INFO -   Existing points: 22
2026-07-24 13:54:35,477 - V2Scraper - INFO -   RSC: 43 places (22 total unique)
2026-07-24 13:54:35,674 - V2Scraper - INFO - Total extracted: 22 places
2026-07-24 13:54:35,675 - V2Scraper - INFO -   No new points or corrections needed
2026-07-24 13:54:35,675 - V2Scraper - INFO -   No updates needed
2026-07-24 13:54:36,676 - V2Scraper - INFO - 
[260/292] Sword Art Online Ii (txYgEfCLSykeTWemzp22)
2026-07-24 13:54:36,676 - V2Scraper - INFO -   Already exists (ID 6924), checking for updates...
2026-07-24 13:54:36,676 - V2Scraper - INFO -   Existing points: 14
2026-07-24 13:54:38,150 - V2Scraper - INFO -   RSC: 28 places (14 total unique)
2026-07-24 13:54:38,354 - V2Scraper - INFO - Total extracted: 14 places
2026-07-24 13:54:38,354 - V2Scraper - INFO -   No new points or corrections needed
2026-07-24 13:54:38,354 - V2Scraper - INFO -   No updates needed
2026-07-24 13:54:39,355 - V2Scraper - INFO - 
[261/292] I Want To Eat Your Pancreas (u8g1xEliRDcoyVAiIV4V)
2026-07-24 13:54:39,356 - V2Scraper - INFO -   Already exists (ID 6447), checking for updates...
2026-07-24 13:54:39,357 - V2Scraper - INFO -   Existing points: 18
2026-07-24 13:54:40,634 - V2Scraper - INFO -   RSC: 35 places (18 total unique)
2026-07-24 13:54:40,838 - V2Scraper - INFO - Total extracted: 18 places
2026-07-24 13:54:40,838 - V2Scraper - INFO -   No new points or corrections needed
2026-07-24 13:54:40,838 - V2Scraper - INFO -   No updates needed
2026-07-24 13:54:41,839 - V2Scraper - INFO - 
[262/292] Rascal Does Not Dream Of Bunny Girl Senpai (uNXQN8oaA3SNspSVoc2A)
2026-07-24 13:54:41,839 - V2Scraper - INFO -   Already exists (ID 6448), checking for updates...
2026-07-24 13:54:41,840 - V2Scraper - INFO -   Existing points: 56
2026-07-24 13:54:43,271 - V2Scraper - INFO -   RSC: 79 places (56 total unique)
2026-07-24 13:54:43,467 - V2Scraper - INFO - Total extracted: 56 places
2026-07-24 13:54:43,468 - V2Scraper - INFO -   No new points or corrections needed
2026-07-24 13:54:43,468 - V2Scraper - INFO -   No updates needed
2026-07-24 13:54:44,469 - V2Scraper - INFO - 
[263/292] Saekano (ud97bNQKguOJBycZicFP)
2026-07-24 13:54:44,469 - V2Scraper - INFO -   Already exists (ID 6449), checking for updates...
2026-07-24 13:54:44,470 - V2Scraper - INFO -   Existing points: 22
2026-07-24 13:54:46,155 - V2Scraper - INFO -   RSC: 43 places (22 total unique)
2026-07-24 13:54:46,410 - V2Scraper - INFO - Total extracted: 22 places
2026-07-24 13:54:46,411 - V2Scraper - INFO -   No new points or corrections needed
2026-07-24 13:54:46,411 - V2Scraper - INFO -   No updates needed
2026-07-24 13:54:47,412 - V2Scraper - INFO - 
[264/292] Yuru Camp (uhXFJjbIXDatAdC4MNHj)
2026-07-24 13:54:47,412 - V2Scraper - INFO -   Already exists (ID 6450), checking for updates...
2026-07-24 13:54:47,413 - V2Scraper - INFO -   Existing points: 52
2026-07-24 13:54:48,948 - V2Scraper - INFO -   RSC: 75 places (51 total unique)
2026-07-24 13:54:49,164 - V2Scraper - INFO - Total extracted: 51 places
2026-07-24 13:54:49,164 - V2Scraper - INFO -   No new points or corrections needed
2026-07-24 13:54:49,164 - V2Scraper - INFO -   No updates needed
2026-07-24 13:54:50,166 - V2Scraper - INFO - 
[265/292] Liz And The Blue Bird (umnTfj6nmpKaukejtrbT)
2026-07-24 13:54:50,166 - V2Scraper - INFO -   Already exists (ID 6451), checking for updates...
2026-07-24 13:54:50,166 - V2Scraper - INFO -   Existing points: 3
2026-07-24 13:54:51,454 - V2Scraper - INFO -   RSC: 6 places (3 total unique)
2026-07-24 13:54:51,673 - V2Scraper - INFO - Total extracted: 3 places
2026-07-24 13:54:51,674 - V2Scraper - INFO -   No new points or corrections needed
2026-07-24 13:54:51,674 - V2Scraper - INFO -   No updates needed
2026-07-24 13:54:52,675 - V2Scraper - INFO - 
[266/292] Roshidere (unGiOzgI5kK54nQCTxtm)
2026-07-24 13:54:52,675 - V2Scraper - INFO -   Already exists (ID 6452), checking for updates...
2026-07-24 13:54:52,676 - V2Scraper - INFO -   Existing points: 12
2026-07-24 13:54:54,099 - V2Scraper - INFO -   RSC: 24 places (12 total unique)
2026-07-24 13:54:54,294 - V2Scraper - INFO - Total extracted: 12 places
2026-07-24 13:54:54,294 - V2Scraper - INFO -   No new points or corrections needed
2026-07-24 13:54:54,294 - V2Scraper - INFO -   No updates needed
2026-07-24 13:54:55,295 - V2Scraper - INFO - 
[267/292] You Are Ms Servant (uxyUCyjBZrFMfOdbXCMN)
2026-07-24 13:54:55,295 - V2Scraper - INFO -   Already exists (ID 6453), checking for updates...
2026-07-24 13:54:55,296 - V2Scraper - INFO -   Existing points: 15
2026-07-24 13:54:56,813 - V2Scraper - INFO -   RSC: 30 places (15 total unique)
2026-07-24 13:54:57,032 - V2Scraper - INFO - Total extracted: 15 places
2026-07-24 13:54:57,032 - V2Scraper - INFO -   No new points or corrections needed
2026-07-24 13:54:57,032 - V2Scraper - INFO -   No updates needed
2026-07-24 13:54:58,033 - V2Scraper - INFO - 
[268/292] Saekano 2 (v79L8UZL37LfYiJ5fKEK)
2026-07-24 13:54:58,034 - V2Scraper - INFO -   Already exists (ID 6454), checking for updates...
2026-07-24 13:54:58,034 - V2Scraper - INFO -   Existing points: 26
2026-07-24 13:54:59,666 - V2Scraper - INFO -   RSC: 51 places (26 total unique)
2026-07-24 13:54:59,858 - V2Scraper - INFO - Total extracted: 26 places
2026-07-24 13:54:59,858 - V2Scraper - INFO -   No new points or corrections needed
2026-07-24 13:54:59,858 - V2Scraper - INFO -   No updates needed
2026-07-24 13:55:00,859 - V2Scraper - INFO - 
[269/292] Uma Musume Cinderella Gray 2 (vS5GOKe1V9av8Cxwd5bQ)
2026-07-24 13:55:00,859 - V2Scraper - INFO -   Already exists (ID 6455), checking for updates...
2026-07-24 13:55:00,860 - V2Scraper - INFO -   Existing points: 22
2026-07-24 13:55:02,516 - V2Scraper - INFO -   RSC: 43 places (22 total unique)
2026-07-24 13:55:02,720 - V2Scraper - INFO - Total extracted: 22 places
2026-07-24 13:55:02,720 - V2Scraper - INFO -   No new points or corrections needed
2026-07-24 13:55:02,720 - V2Scraper - INFO -   No updates needed
2026-07-24 13:55:03,721 - V2Scraper - INFO - 
[270/292] Watanare (w0UfKIA3nbV6f8vS4LYc)
2026-07-24 13:55:03,721 - V2Scraper - INFO -   Already exists (ID 6456), checking for updates...
2026-07-24 13:55:03,722 - V2Scraper - INFO -   Existing points: 41
2026-07-24 13:55:05,072 - V2Scraper - INFO -   RSC: 65 places (41 total unique)
2026-07-24 13:55:05,275 - V2Scraper - INFO - Total extracted: 41 places
2026-07-24 13:55:05,275 - V2Scraper - INFO -   No new points or corrections needed
2026-07-24 13:55:05,275 - V2Scraper - INFO -   No updates needed
2026-07-24 13:55:06,276 - V2Scraper - INFO - 
[271/292] Nippon Sangoku (w5KAbfUc7AIQc5Qv4hEM)
2026-07-24 13:55:06,276 - V2Scraper - INFO -   Already exists (ID 6457), checking for updates...
2026-07-24 13:55:06,277 - V2Scraper - INFO -   Existing points: 48
2026-07-24 13:55:07,571 - V2Scraper - INFO -   RSC: 71 places (48 total unique)
2026-07-24 13:55:07,776 - V2Scraper - INFO - Total extracted: 48 places
2026-07-24 13:55:07,776 - V2Scraper - INFO -   No new points or corrections needed
2026-07-24 13:55:07,776 - V2Scraper - INFO -   No updates needed
2026-07-24 13:55:08,778 - V2Scraper - INFO - 
[272/292] Dandadan (wGsUljsg7c7MbgdtzDJD)
2026-07-24 13:55:08,778 - V2Scraper - INFO -   Already exists (ID 6458), checking for updates...
2026-07-24 13:55:08,778 - V2Scraper - INFO -   Existing points: 6
2026-07-24 13:55:10,212 - V2Scraper - INFO -   RSC: 12 places (6 total unique)
2026-07-24 13:55:10,417 - V2Scraper - INFO - Total extracted: 6 places
2026-07-24 13:55:10,417 - V2Scraper - INFO -   No new points or corrections needed
2026-07-24 13:55:10,417 - V2Scraper - INFO -   No updates needed
2026-07-24 13:55:11,418 - V2Scraper - INFO - 
[273/292] Non Non Biyori Vacation (wJXvwG078NOgmusJqTU9)
2026-07-24 13:55:11,418 - V2Scraper - INFO -   Already exists (ID 6459), checking for updates...
2026-07-24 13:55:11,419 - V2Scraper - INFO -   Existing points: 18
2026-07-24 13:55:12,702 - V2Scraper - INFO -   RSC: 34 places (18 total unique)
2026-07-24 13:55:12,901 - V2Scraper - INFO - Total extracted: 18 places
2026-07-24 13:55:12,901 - V2Scraper - INFO -   No new points or corrections needed
2026-07-24 13:55:12,902 - V2Scraper - INFO -   No updates needed
2026-07-24 13:55:13,903 - V2Scraper - INFO - 
[274/292] Horimiya (wRJJ3i3avQIUeZ6PL6ej)
2026-07-24 13:55:13,903 - V2Scraper - INFO -   Already exists (ID 6461), checking for updates...
2026-07-24 13:55:13,973 - V2Scraper - INFO -   Existing points: 10
2026-07-24 13:55:15,154 - V2Scraper - INFO -   RSC: 20 places (10 total unique)
2026-07-24 13:55:15,359 - V2Scraper - INFO - Total extracted: 10 places
2026-07-24 13:55:15,359 - V2Scraper - INFO -   No new points or corrections needed
2026-07-24 13:55:15,359 - V2Scraper - INFO -   No updates needed
2026-07-24 13:55:16,360 - V2Scraper - INFO - 
[275/292] Yuru Camp Movie (wlQ8Ci60loTyVBZV9Xia)
2026-07-24 13:55:16,360 - V2Scraper - INFO -   Already exists (ID 6462), checking for updates...
2026-07-24 13:55:16,361 - V2Scraper - INFO -   Existing points: 34
2026-07-24 13:55:17,646 - V2Scraper - INFO -   RSC: 59 places (34 total unique)
2026-07-24 13:55:17,852 - V2Scraper - INFO - Total extracted: 34 places
2026-07-24 13:55:17,852 - V2Scraper - INFO -   No new points or corrections needed
2026-07-24 13:55:17,852 - V2Scraper - INFO -   No updates needed
2026-07-24 13:55:18,853 - V2Scraper - INFO - 
[276/292] Jujutsu Kaisen 0 (xYGIxEMWtc0UkKtWbp4R)
2026-07-24 13:55:18,853 - V2Scraper - INFO -   Already exists (ID 6463), checking for updates...
2026-07-24 13:55:18,854 - V2Scraper - INFO -   Existing points: 7
2026-07-24 13:55:20,121 - V2Scraper - INFO -   RSC: 13 places (7 total unique)
2026-07-24 13:55:20,319 - V2Scraper - INFO - Total extracted: 7 places
2026-07-24 13:55:20,319 - V2Scraper - INFO -   No new points or corrections needed
2026-07-24 13:55:20,319 - V2Scraper - INFO -   No updates needed
2026-07-24 13:55:21,320 - V2Scraper - INFO - 
[277/292] Takopis Original Sin (xfD3SAgNnScPXtkyEpGo)
2026-07-24 13:55:21,320 - V2Scraper - INFO -   Already exists (ID 6464), checking for updates...
2026-07-24 13:55:21,324 - V2Scraper - INFO -   Existing points: 12
2026-07-24 13:55:22,625 - V2Scraper - INFO -   RSC: 23 places (12 total unique)
2026-07-24 13:55:22,824 - V2Scraper - INFO - Total extracted: 12 places
2026-07-24 13:55:22,825 - V2Scraper - INFO -   No new points or corrections needed
2026-07-24 13:55:22,825 - V2Scraper - INFO -   No updates needed
2026-07-24 13:55:23,826 - V2Scraper - INFO - 
[278/292] Hajime No Ippo Rising (xixXlFp2hrN1lZJu7sSv)
2026-07-24 13:55:23,826 - V2Scraper - INFO -   Already exists (ID 6465), checking for updates...
2026-07-24 13:55:23,827 - V2Scraper - INFO -   Existing points: 9
2026-07-24 13:55:25,160 - V2Scraper - INFO -   RSC: 18 places (9 total unique)
2026-07-24 13:55:25,363 - V2Scraper - INFO - Total extracted: 9 places
2026-07-24 13:55:25,363 - V2Scraper - INFO -   No new points or corrections needed
2026-07-24 13:55:25,363 - V2Scraper - INFO -   No updates needed
2026-07-24 13:55:26,364 - V2Scraper - INFO - 
[279/292] A Sign Of Affection (xn1kUG4nAyilfSbaVrmj)
2026-07-24 13:55:26,364 - V2Scraper - INFO -   Already exists (ID 6466), checking for updates...
2026-07-24 13:55:26,365 - V2Scraper - INFO -   Existing points: 40
2026-07-24 13:55:27,605 - V2Scraper - INFO -   RSC: 65 places (40 total unique)
2026-07-24 13:55:27,803 - V2Scraper - INFO - Total extracted: 40 places
2026-07-24 13:55:27,804 - V2Scraper - INFO -   No new points or corrections needed
2026-07-24 13:55:27,804 - V2Scraper - INFO -   No updates needed
2026-07-24 13:55:28,805 - V2Scraper - INFO - 
[280/292] Nagatoro (xsfrhZD0r2q5twlEitmR)
2026-07-24 13:55:28,805 - V2Scraper - INFO -   Already exists (ID 6467), checking for updates...
2026-07-24 13:55:28,849 - V2Scraper - INFO -   Existing points: 16
2026-07-24 13:55:30,242 - V2Scraper - INFO -   RSC: 31 places (16 total unique)
2026-07-24 13:55:30,447 - V2Scraper - INFO - Total extracted: 16 places
2026-07-24 13:55:30,447 - V2Scraper - INFO -   No new points or corrections needed
2026-07-24 13:55:30,447 - V2Scraper - INFO -   No updates needed
2026-07-24 13:55:31,448 - V2Scraper - INFO - 
[281/292] Sanda (xxMcxs235e04PF89ZQGN)
2026-07-24 13:55:31,448 - V2Scraper - INFO -   Already exists (ID 6468), checking for updates...
2026-07-24 13:55:31,449 - V2Scraper - INFO -   Existing points: 4
2026-07-24 13:55:32,738 - V2Scraper - INFO -   RSC: 8 places (4 total unique)
2026-07-24 13:55:32,930 - V2Scraper - INFO - Total extracted: 4 places
2026-07-24 13:55:32,930 - V2Scraper - INFO -   No new points or corrections needed
2026-07-24 13:55:32,930 - V2Scraper - INFO -   No updates needed
2026-07-24 13:55:33,931 - V2Scraper - INFO - 
[282/292] One Punch Man (y0TAWlKFt6ENfgTZhPMB)
2026-07-24 13:55:33,931 - V2Scraper - INFO -   Already exists (ID 6469), checking for updates...
2026-07-24 13:55:33,932 - V2Scraper - INFO -   Existing points: 5
2026-07-24 13:55:35,316 - V2Scraper - INFO -   RSC: 10 places (5 total unique)
2026-07-24 13:55:35,517 - V2Scraper - INFO - Total extracted: 5 places
2026-07-24 13:55:35,517 - V2Scraper - INFO -   No new points or corrections needed
2026-07-24 13:55:35,517 - V2Scraper - INFO -   No updates needed
2026-07-24 13:55:36,518 - V2Scraper - INFO - 
[283/292] Okitsura (y5w1zYuadN3Ej0cGsH8F)
2026-07-24 13:55:36,518 - V2Scraper - INFO -   Already exists (ID 6470), checking for updates...
2026-07-24 13:55:36,519 - V2Scraper - INFO -   Existing points: 46
2026-07-24 13:55:38,015 - V2Scraper - INFO -   RSC: 71 places (46 total unique)
2026-07-24 13:55:38,214 - V2Scraper - INFO - Total extracted: 46 places
2026-07-24 13:55:38,215 - V2Scraper - INFO -   No new points or corrections needed
2026-07-24 13:55:38,215 - V2Scraper - INFO -   No updates needed
2026-07-24 13:55:39,216 - V2Scraper - INFO - 
[284/292] The Quintessential Quintuplets 2 (yB4LTU7fYemGl2JgldzA)
2026-07-24 13:55:39,216 - V2Scraper - INFO -   Already exists (ID 6471), checking for updates...
2026-07-24 13:55:39,217 - V2Scraper - INFO -   Existing points: 15
2026-07-24 13:55:40,501 - V2Scraper - INFO -   RSC: 30 places (15 total unique)
2026-07-24 13:55:40,700 - V2Scraper - INFO - Total extracted: 15 places
2026-07-24 13:55:40,700 - V2Scraper - INFO -   No new points or corrections needed
2026-07-24 13:55:40,700 - V2Scraper - INFO -   No updates needed
2026-07-24 13:55:41,701 - V2Scraper - INFO - 
[285/292] Teasing Master Takagi San The Movie (yqdSgvWKtN6FDr3vxm3H)
2026-07-24 13:55:41,701 - V2Scraper - INFO -   Already exists (ID 6472), checking for updates...
2026-07-24 13:55:41,702 - V2Scraper - INFO -   Existing points: 20
2026-07-24 13:55:43,473 - V2Scraper - INFO -   RSC: 39 places (20 total unique)
2026-07-24 13:55:43,671 - V2Scraper - INFO - Total extracted: 20 places
2026-07-24 13:55:43,672 - V2Scraper - INFO -   No new points or corrections needed
2026-07-24 13:55:43,672 - V2Scraper - INFO -   No updates needed
2026-07-24 13:55:44,673 - V2Scraper - INFO - 
[286/292] Heavenly Delusion (ywqTqT1hNKINvMHq5TZN)
2026-07-24 13:55:44,673 - V2Scraper - INFO -   Already exists (ID 6473), checking for updates...
2026-07-24 13:55:44,674 - V2Scraper - INFO -   Existing points: 30
2026-07-24 13:55:46,294 - V2Scraper - INFO -   RSC: 54 places (30 total unique)
2026-07-24 13:55:46,494 - V2Scraper - INFO - Total extracted: 30 places
2026-07-24 13:55:46,495 - V2Scraper - INFO -   No new points or corrections needed
2026-07-24 13:55:46,495 - V2Scraper - INFO -   No updates needed
2026-07-24 13:55:47,496 - V2Scraper - INFO - 
[287/292] Rascal Does Not Dream Of A Knapsack Kid (yxxkllavYoNKtdXw1Lez)
2026-07-24 13:55:47,496 - V2Scraper - INFO -   Already exists (ID 6474), checking for updates...
2026-07-24 13:55:47,497 - V2Scraper - INFO -   Existing points: 23
2026-07-24 13:55:49,054 - V2Scraper - INFO -   RSC: 44 places (23 total unique)
2026-07-24 13:55:49,254 - V2Scraper - INFO - Total extracted: 23 places
2026-07-24 13:55:49,254 - V2Scraper - INFO -   No new points or corrections needed
2026-07-24 13:55:49,254 - V2Scraper - INFO -   No updates needed
2026-07-24 13:55:50,255 - V2Scraper - INFO - 
[288/292] Ameku Md Doctor Detective (z30sfzlqpJpiCAeoUi8h)
2026-07-24 13:55:50,256 - V2Scraper - INFO -   Already exists (ID 6475), checking for updates...
2026-07-24 13:55:50,256 - V2Scraper - INFO -   Existing points: 8
2026-07-24 13:55:51,746 - V2Scraper - INFO -   RSC: 16 places (8 total unique)
2026-07-24 13:55:51,948 - V2Scraper - INFO - Total extracted: 8 places
2026-07-24 13:55:51,949 - V2Scraper - INFO -   No new points or corrections needed
2026-07-24 13:55:51,949 - V2Scraper - INFO -   No updates needed
2026-07-24 13:55:52,950 - V2Scraper - INFO - 
[289/292] Love Chunibyo Other Delusions (z7BgNrMdTaMbmYysRMBz)
2026-07-24 13:55:52,950 - V2Scraper - INFO -   Already exists (ID 6476), checking for updates...
2026-07-24 13:55:52,951 - V2Scraper - INFO -   Existing points: 46
2026-07-24 13:55:54,392 - V2Scraper - INFO -   RSC: 70 places (46 total unique)
2026-07-24 13:55:54,586 - V2Scraper - INFO - Total extracted: 46 places
2026-07-24 13:55:54,587 - V2Scraper - INFO -   No new points or corrections needed
2026-07-24 13:55:54,587 - V2Scraper - INFO -   No updates needed
2026-07-24 13:55:55,588 - V2Scraper - INFO - 
[290/292] Tokyo Ghoul (zWadHN3vlTLoK9u1PXoS)
2026-07-24 13:55:55,588 - V2Scraper - INFO -   Already exists (ID 6477), checking for updates...
2026-07-24 13:55:55,589 - V2Scraper - INFO -   Existing points: 10
2026-07-24 13:55:56,909 - V2Scraper - INFO -   RSC: 19 places (10 total unique)
2026-07-24 13:55:57,123 - V2Scraper - INFO - Total extracted: 10 places
2026-07-24 13:55:57,123 - V2Scraper - INFO -   No new points or corrections needed
2026-07-24 13:55:57,123 - V2Scraper - INFO -   No updates needed
2026-07-24 13:55:58,124 - V2Scraper - INFO - 
[291/292] Zombie Land Saga (zpeuh4ic4dDDneypMAZp)
2026-07-24 13:55:58,124 - V2Scraper - INFO -   Already exists (ID 6478), checking for updates...
2026-07-24 13:55:58,125 - V2Scraper - INFO -   Existing points: 21
2026-07-24 13:55:59,587 - V2Scraper - INFO -   RSC: 41 places (21 total unique)
2026-07-24 13:55:59,781 - V2Scraper - INFO - Total extracted: 21 places
2026-07-24 13:55:59,781 - V2Scraper - INFO -   No new points or corrections needed
2026-07-24 13:55:59,781 - V2Scraper - INFO -   No updates needed
2026-07-24 13:56:00,783 - V2Scraper - INFO - 
[292/292] Chainsmoker Cat (ztYqVosnEOhoNlPRvVCo)
2026-07-24 13:56:00,783 - V2Scraper - INFO -   Already exists (ID 6921), checking for updates...
2026-07-24 13:56:00,783 - V2Scraper - INFO -   Existing points: 1
2026-07-24 13:56:02,013 - V2Scraper - INFO -   RSC: 3 places (1 total unique)
2026-07-24 13:56:02,235 - V2Scraper - INFO -   Posts API: 1 user-uploaded places
2026-07-24 13:56:02,235 - V2Scraper - INFO -   API: 1 user-uploaded places (1 total unique)
2026-07-24 13:56:02,235 - V2Scraper - INFO - Total extracted: 1 places
2026-07-24 13:56:02,235 - V2Scraper - INFO -   No new points or corrections needed
2026-07-24 13:56:02,235 - V2Scraper - INFO -   No updates needed
2026-07-24 13:56:03,236 - V2Scraper - INFO - 
--- Fixing missing covers ---
2026-07-24 13:56:03,236 - V2Scraper - INFO - Scanning for missing covers (animepilgrimage mapped only)...
2026-07-24 13:56:03,241 - V2Scraper - INFO - Fixed 0 missing covers
2026-07-24 13:56:03,241 - V2Scraper - INFO - 
--- Fixing logo covers ---
2026-07-24 13:56:03,241 - V2Scraper - INFO - Scanning for logo covers...
2026-07-24 13:56:04,762 - V2Scraper - INFO - Fixed 0 logo covers
2026-07-24 13:56:04,762 - V2Scraper - INFO - 
--- Fixing zero-coordinate points ---
2026-07-24 13:56:04,763 - V2Scraper - INFO - Scanning for zero-coordinate points...
2026-07-24 13:56:05,023 - V2Scraper - INFO - Found 17 anime with zero-coordinate points
2026-07-24 13:56:05,023 - V2Scraper - INFO - Fetching anime list for URL mapping...
2026-07-24 13:56:05,023 - V2Scraper - INFO - Fetching anime list from sitemap.xml...
2026-07-24 13:56:05,978 - V2Scraper - INFO - Sitemap: 292 anime
2026-07-24 13:56:05,978 - V2Scraper - INFO - Found 292 anime
2026-07-24 13:56:05,978 - V2Scraper - INFO -   1. Days With My Stepsister (04krYkLnGxdyZnphVjQD)
2026-07-24 13:56:05,978 - V2Scraper - INFO -   2. Tonikawa (0AvGlAgPpCxpeHIuaJPN)
2026-07-24 13:56:05,978 - V2Scraper - INFO -   3. Girls Band Cry (0MKV87agZS5NoAaTX6B0)
2026-07-24 13:56:05,978 - V2Scraper - INFO -   4. Tokyo Revengers (0eav7fRw7FpJyEOwfQKl)
2026-07-24 13:56:05,978 - V2Scraper - INFO -   5. Jujutsu Kaisen 1 (0krqHxVPwJzgjw4B5AJN)
2026-07-24 13:56:05,978 - V2Scraper - INFO -   ... and 287 more
2026-07-24 13:56:05,979 - V2Scraper - INFO - Fixing: 无法访问此网站 (ID 5967)
2026-07-24 13:56:05,979 - V2Scraper - WARNING -   Could not find '无法访问此网站' on the new site
2026-07-24 13:56:05,979 - V2Scraper - INFO - Fixing: 違国日記 (ID 6133)
2026-07-24 13:56:05,979 - V2Scraper - WARNING -   Could not find '違国日記' on the new site
2026-07-24 13:56:05,979 - V2Scraper - INFO - Fixing: 日本三國 (ID 6182)
2026-07-24 13:56:05,979 - V2Scraper - WARNING -   Could not find '日本三國' on the new site
2026-07-24 13:56:05,979 - V2Scraper - INFO - Fixing: クラスで２番目に可愛い女の子と友だちになった (ID 6183)
2026-07-24 13:56:05,979 - V2Scraper - WARNING -   Could not find 'クラスで２番目に可愛い女の子と友だちになった' on the new site
2026-07-24 13:56:05,979 - V2Scraper - INFO - Fixing: ３月のライオン 第2シリーズ (ID 6184)
2026-07-24 13:56:05,979 - V2Scraper - WARNING -   Could not find '３月のライオン 第2シリーズ' on the new site
2026-07-24 13:56:05,979 - V2Scraper - INFO - Fixing: 呪術廻戦 死滅回遊 (ID 6186)
2026-07-24 13:56:05,979 - V2Scraper - WARNING -   Could not find '呪術廻戦 死滅回遊' on the new site
2026-07-24 13:56:05,979 - V2Scraper - INFO - Fixing: 【推しの子】第3期 (ID 6187)
2026-07-24 13:56:05,979 - V2Scraper - WARNING -   Could not find '【推しの子】第3期' on the new site
2026-07-24 13:56:05,979 - V2Scraper - INFO - Fixing: 多聞くん今どっち!? (ID 6188)
2026-07-24 13:56:05,979 - V2Scraper - WARNING -   Could not find '多聞くん今どっち!?' on the new site
2026-07-24 13:56:05,979 - V2Scraper - INFO - Fixing: 姫様“拷問”の時間です (ID 6189)
2026-07-24 13:56:05,979 - V2Scraper - WARNING -   Could not find '姫様“拷問”の時間です' on the new site
2026-07-24 13:56:05,979 - V2Scraper - INFO - Fixing: 呪術廻戦 2期 (ID 6190)
2026-07-24 13:56:05,979 - V2Scraper - WARNING -   Could not find '呪術廻戦 2期' on the new site
2026-07-24 13:56:05,979 - V2Scraper - INFO - Fixing: 彼女、お借りします 2期 (ID 6191)
2026-07-24 13:56:05,979 - V2Scraper - WARNING -   Could not find '彼女、お借りします 2期' on the new site
2026-07-24 13:56:05,979 - V2Scraper - INFO - Fixing: かぐや様は告らせたい ウルトラロマンティック (ID 6192)
2026-07-24 13:56:05,979 - V2Scraper - WARNING -   Could not find 'かぐや様は告らせたい ウルトラロマンティック' on the new site
2026-07-24 13:56:05,979 - V2Scraper - INFO - Fixing: ゾン100 ～ゾンビになるまでにしたい100のこと～ (ID 6193)
2026-07-24 13:56:05,980 - V2Scraper - WARNING -   Could not find 'ゾン100 ～ゾンビになるまでにしたい100のこと～' on the new site
2026-07-24 13:56:05,980 - V2Scraper - INFO - Fixing: 劇場版 呪術廻戦 0 (ID 6194)
2026-07-24 13:56:05,980 - V2Scraper - WARNING -   Could not find '劇場版 呪術廻戦 0' on the new site
2026-07-24 13:56:05,980 - V2Scraper - INFO - Fixing: 東京喰種 (ID 6195)
2026-07-24 13:56:05,980 - V2Scraper - WARNING -   Could not find '東京喰種' on the new site
2026-07-24 13:56:05,980 - V2Scraper - INFO - Fixing: 劇場版 ソードアート・オンライン オーディナル・スケール (ID 6196)
2026-07-24 13:56:05,980 - V2Scraper - WARNING -   Could not find '劇場版 ソードアート・オンライン オーディナル・スケール' on the new site
2026-07-24 13:56:05,980 - V2Scraper - INFO - Fixing: 氷の城壁 (ID 6197)
2026-07-24 13:56:05,980 - V2Scraper - WARNING -   Could not find '氷の城壁' on the new site
2026-07-24 13:56:05,980 - V2Scraper - INFO - Fixed 0 zero-coordinate points total
2026-07-24 13:56:05,995 - V2Scraper - INFO - 
--- Fixing invalid episode types ---
2026-07-24 13:56:05,995 - V2Scraper - INFO - Scanning for invalid episode types (TRAILER/OTHERS)...
2026-07-24 13:56:07,334 - V2Scraper - INFO - Fixed 0 invalid episode values
2026-07-24 13:56:07,334 - V2Scraper - INFO - 
--- Backfilling missing images ---
2026-07-24 13:56:07,334 - V2Scraper - INFO - Scanning for points with missing images...
2026-07-24 13:56:07,363 - V2Scraper - INFO -   ID 105: 1 missing images, but no anime_id
2026-07-24 13:56:07,364 - V2Scraper - INFO -   ID 106: 3 missing images, but no anime_id
2026-07-24 13:56:07,367 - V2Scraper - INFO -   ID 115: 1 missing images, but no anime_id
2026-07-24 13:56:07,367 - V2Scraper - INFO -   ID 116: 1 missing images, but no anime_id
2026-07-24 13:56:07,369 - V2Scraper - INFO -   ID 12: 21 missing images, but no anime_id
2026-07-24 13:56:07,370 - V2Scraper - INFO -   ID 121: 1 missing images, but no anime_id
2026-07-24 13:56:07,370 - V2Scraper - INFO -   ID 122: 1 missing images, but no anime_id
2026-07-24 13:56:07,371 - V2Scraper - INFO -   ID 125: 2 missing images, but no anime_id
2026-07-24 13:56:07,372 - V2Scraper - INFO -   ID 128: 1 missing images, but no anime_id
2026-07-24 13:56:07,373 - V2Scraper - INFO -   ID 129: 24 missing images, but no anime_id
2026-07-24 13:56:07,373 - V2Scraper - INFO -   ID 13: 2 missing images, but no anime_id
2026-07-24 13:56:07,374 - V2Scraper - INFO -   ID 134: 27 missing images, but no anime_id
2026-07-24 13:56:07,375 - V2Scraper - INFO -   ID 135: 2 missing images, but no anime_id
2026-07-24 13:56:07,376 - V2Scraper - INFO -   ID 14: 11 missing images, but no anime_id
2026-07-24 13:56:07,377 - V2Scraper - INFO -   ID 146: 20 missing images, but no anime_id
2026-07-24 13:56:07,378 - V2Scraper - INFO -   ID 148: 1 missing images, but no anime_id
2026-07-24 13:56:07,380 - V2Scraper - INFO -   ID 156: 28 missing images, but no anime_id
2026-07-24 13:56:07,380 - V2Scraper - INFO -   ID 158: 52 missing images, but no anime_id
2026-07-24 13:56:07,381 - V2Scraper - INFO -   ID 159: 3 missing images, but no anime_id
2026-07-24 13:56:07,382 - V2Scraper - INFO -   ID 163: 32 missing images, but no anime_id
2026-07-24 13:56:07,382 - V2Scraper - INFO -   ID 165: 6 missing images, but no anime_id
2026-07-24 13:56:07,383 - V2Scraper - INFO -   ID 169: 11 missing images, but no anime_id
2026-07-24 13:56:07,384 - V2Scraper - INFO -   ID 17: 3 missing images, but no anime_id
2026-07-24 13:56:07,384 - V2Scraper - INFO -   ID 171: 57 missing images, but no anime_id
2026-07-24 13:56:07,384 - V2Scraper - INFO -   ID 173: 4 missing images, but no anime_id
2026-07-24 13:56:07,385 - V2Scraper - INFO -   ID 174: 4 missing images, but no anime_id
2026-07-24 13:56:07,385 - V2Scraper - INFO -   ID 175: 1 missing images, but no anime_id
2026-07-24 13:56:07,386 - V2Scraper - INFO -   ID 178: 23 missing images, but no anime_id
2026-07-24 13:56:07,387 - V2Scraper - INFO -   ID 18: 2 missing images, but no anime_id
2026-07-24 13:56:07,387 - V2Scraper - INFO -   ID 180: 5 missing images, but no anime_id
2026-07-24 13:56:07,391 - V2Scraper - INFO -   ID 2: 3 missing images, but no anime_id
2026-07-24 13:56:07,391 - V2Scraper - INFO -   ID 20: 3 missing images, but no anime_id
2026-07-24 13:56:07,392 - V2Scraper - INFO -   ID 204: 1 missing images, but no anime_id
2026-07-24 13:56:07,394 - V2Scraper - INFO -   ID 21: 1 missing images, but no anime_id
2026-07-24 13:56:07,394 - V2Scraper - INFO -   ID 210: 14 missing images, but no anime_id
2026-07-24 13:56:07,395 - V2Scraper - INFO -   ID 214: 22 missing images, but no anime_id
2026-07-24 13:56:07,395 - V2Scraper - INFO -   ID 216: 5 missing images, but no anime_id
2026-07-24 13:56:07,396 - V2Scraper - INFO -   ID 217: 23 missing images, but no anime_id
2026-07-24 13:56:07,396 - V2Scraper - INFO -   ID 22: 5 missing images, but no anime_id
2026-07-24 13:56:07,396 - V2Scraper - INFO -   ID 220: 7 missing images, but no anime_id
2026-07-24 13:56:07,397 - V2Scraper - INFO -   ID 223: 34 missing images, but no anime_id
2026-07-24 13:56:07,398 - V2Scraper - INFO -   ID 225: 33 missing images, but no anime_id
2026-07-24 13:56:07,399 - V2Scraper - INFO -   ID 229: 8 missing images, but no anime_id
2026-07-24 13:56:07,399 - V2Scraper - INFO -   ID 230: 6 missing images, but no anime_id
2026-07-24 13:56:07,399 - V2Scraper - INFO -   ID 231: 5 missing images, but no anime_id
2026-07-24 13:56:07,400 - V2Scraper - INFO -   ID 234: 1 missing images, but no anime_id
2026-07-24 13:56:07,402 - V2Scraper - INFO -   ID 240: 21 missing images, but no anime_id
2026-07-24 13:56:07,403 - V2Scraper - INFO -   ID 244: 14 missing images, but no anime_id
2026-07-24 13:56:07,403 - V2Scraper - INFO -   ID 245: 22 missing images, but no anime_id
2026-07-24 13:56:07,404 - V2Scraper - INFO -   ID 248: 27 missing images, but no anime_id
2026-07-24 13:56:07,405 - V2Scraper - INFO -   ID 251: 28 missing images, but no anime_id
2026-07-24 13:56:07,405 - V2Scraper - INFO -   ID 252: 9 missing images, but no anime_id
2026-07-24 13:56:07,406 - V2Scraper - INFO -   ID 257: 23 missing images, but no anime_id
2026-07-24 13:56:07,406 - V2Scraper - INFO -   ID 258: 4 missing images, but no anime_id
2026-07-24 13:56:07,407 - V2Scraper - INFO -   ID 262: 3 missing images, but no anime_id
2026-07-24 13:56:07,408 - V2Scraper - INFO -   ID 263: 9 missing images, but no anime_id
2026-07-24 13:56:07,409 - V2Scraper - INFO -   ID 269: 34 missing images, but no anime_id
2026-07-24 13:56:07,409 - V2Scraper - INFO -   ID 27: 3 missing images, but no anime_id
2026-07-24 13:56:07,409 - V2Scraper - INFO -   ID 270: 5 missing images, but no anime_id
2026-07-24 13:56:07,410 - V2Scraper - INFO -   ID 274: 2 missing images, but no anime_id
2026-07-24 13:56:07,410 - V2Scraper - INFO -   ID 276: 1 missing images, but no anime_id
2026-07-24 13:56:07,411 - V2Scraper - INFO -   ID 278: 1 missing images, but no anime_id
2026-07-24 13:56:07,411 - V2Scraper - INFO -   ID 279: 8 missing images, but no anime_id
2026-07-24 13:56:07,412 - V2Scraper - INFO -   ID 288: 4 missing images, but no anime_id
2026-07-24 13:56:07,412 - V2Scraper - INFO -   ID 289: 80 missing images, but no anime_id
2026-07-24 13:56:07,412 - V2Scraper - INFO -   ID 290: 26 missing images, but no anime_id
2026-07-24 13:56:07,413 - V2Scraper - INFO -   ID 292: 3 missing images, but no anime_id
2026-07-24 13:56:07,413 - V2Scraper - INFO -   ID 295: 36 missing images, but no anime_id
2026-07-24 13:56:07,414 - V2Scraper - INFO -   ID 296: 5 missing images, but no anime_id
2026-07-24 13:56:07,415 - V2Scraper - INFO -   ID 3: 1 missing images, but no anime_id
2026-07-24 13:56:07,415 - V2Scraper - INFO -   ID 301: 1 missing images, but no anime_id
2026-07-24 13:56:07,416 - V2Scraper - INFO -   ID 307: 5 missing images, but no anime_id
2026-07-24 13:56:07,417 - V2Scraper - INFO -   ID 31: 4 missing images, but no anime_id
2026-07-24 13:56:07,418 - V2Scraper - INFO -   ID 313: 10 missing images, but no anime_id
2026-07-24 13:56:07,420 - V2Scraper - INFO -   ID 32: 8 missing images, but no anime_id
2026-07-24 13:56:07,421 - V2Scraper - INFO -   ID 325: 3 missing images, but no anime_id
2026-07-24 13:56:07,422 - V2Scraper - INFO -   ID 33: 2 missing images, but no anime_id
2026-07-24 13:56:07,423 - V2Scraper - INFO -   ID 332: 1 missing images, but no anime_id
2026-07-24 13:56:07,423 - V2Scraper - INFO -   ID 333: 7 missing images, but no anime_id
2026-07-24 13:56:07,424 - V2Scraper - INFO -   ID 339: 10 missing images, but no anime_id
2026-07-24 13:56:07,425 - V2Scraper - INFO -   ID 342: 9 missing images, but no anime_id
2026-07-24 13:56:07,426 - V2Scraper - INFO -   ID 345: 3 missing images, but no anime_id
2026-07-24 13:56:07,426 - V2Scraper - INFO -   ID 346: 1 missing images, but no anime_id
2026-07-24 13:56:07,427 - V2Scraper - INFO -   ID 35: 7 missing images, but no anime_id
2026-07-24 13:56:07,428 - V2Scraper - INFO -   ID 350: 65 missing images, but no anime_id
2026-07-24 13:56:07,428 - V2Scraper - INFO -   ID 352: 1 missing images, but no anime_id
2026-07-24 13:56:07,429 - V2Scraper - INFO -   ID 356: 2 missing images, but no anime_id
2026-07-24 13:56:07,429 - V2Scraper - INFO -   ID 357: 14 missing images, but no anime_id
2026-07-24 13:56:07,430 - V2Scraper - INFO -   ID 359: 4 missing images, but no anime_id
2026-07-24 13:56:07,432 - V2Scraper - INFO -   ID 367: 17 missing images, but no anime_id
2026-07-24 13:56:07,433 - V2Scraper - INFO -   ID 370: 2 missing images, but no anime_id
2026-07-24 13:56:07,433 - V2Scraper - INFO -   ID 371: 68 missing images, but no anime_id
2026-07-24 13:56:07,434 - V2Scraper - INFO -   ID 372: 3 missing images, but no anime_id
2026-07-24 13:56:07,434 - V2Scraper - INFO -   ID 375: 3 missing images, but no anime_id
2026-07-24 13:56:07,435 - V2Scraper - INFO -   ID 377: 1 missing images, but no anime_id
2026-07-24 13:56:07,436 - V2Scraper - INFO -   ID 380: 21 missing images, but no anime_id
2026-07-24 13:56:07,437 - V2Scraper - INFO -   ID 383: 2 missing images, but no anime_id
2026-07-24 13:56:07,437 - V2Scraper - INFO -   ID 385: 2 missing images, but no anime_id
2026-07-24 13:56:07,438 - V2Scraper - INFO -   ID 387: 1 missing images, but no anime_id
2026-07-24 13:56:07,440 - V2Scraper - INFO -   ID 393: 1 missing images, but no anime_id
2026-07-24 13:56:07,440 - V2Scraper - INFO -   ID 394: 1 missing images, but no anime_id
2026-07-24 13:56:07,441 - V2Scraper - INFO -   ID 398: 1 missing images, but no anime_id
2026-07-24 13:56:07,444 - V2Scraper - INFO -   ID 412: 15 missing images, but no anime_id
2026-07-24 13:56:07,446 - V2Scraper - INFO -   ID 419: 25 missing images, but no anime_id
2026-07-24 13:56:07,446 - V2Scraper - INFO -   ID 422: 3 missing images, but no anime_id
2026-07-24 13:56:07,447 - V2Scraper - INFO -   ID 424: 23 missing images, but no anime_id
2026-07-24 13:56:07,448 - V2Scraper - INFO -   ID 426: 1 missing images, but no anime_id
2026-07-24 13:56:07,449 - V2Scraper - INFO -   ID 432: 1 missing images, but no anime_id
2026-07-24 13:56:07,450 - V2Scraper - INFO -   ID 436: 5 missing images, but no anime_id
2026-07-24 13:56:07,450 - V2Scraper - INFO -   ID 439: 3 missing images, but no anime_id
2026-07-24 13:56:07,451 - V2Scraper - INFO -   ID 444: 7 missing images, but no anime_id
2026-07-24 13:56:07,451 - V2Scraper - INFO -   ID 445: 15 missing images, but no anime_id
2026-07-24 13:56:07,452 - V2Scraper - INFO -   ID 447: 2 missing images, but no anime_id
2026-07-24 13:56:07,452 - V2Scraper - INFO -   ID 448: 1 missing images, but no anime_id
2026-07-24 13:56:07,456 - V2Scraper - INFO -   ID 461: 1 missing images, but no anime_id
2026-07-24 13:56:07,457 - V2Scraper - INFO -   ID 463: 2 missing images, but no anime_id
2026-07-24 13:56:07,457 - V2Scraper - INFO -   ID 464: 4 missing images, but no anime_id
2026-07-24 13:56:07,457 - V2Scraper - INFO -   ID 465: 1 missing images, but no anime_id
2026-07-24 13:56:07,458 - V2Scraper - INFO -   ID 467: 6 missing images, but no anime_id
2026-07-24 13:56:07,458 - V2Scraper - INFO -   ID 469: 3 missing images, but no anime_id
2026-07-24 13:56:07,459 - V2Scraper - INFO -   ID 470: 1 missing images, but no anime_id
2026-07-24 13:56:07,460 - V2Scraper - INFO -   ID 473: 1 missing images, but no anime_id
2026-07-24 13:56:07,460 - V2Scraper - INFO -   ID 474: 1 missing images, but no anime_id
2026-07-24 13:56:07,460 - V2Scraper - INFO -   ID 475: 6 missing images, but no anime_id
2026-07-24 13:56:07,461 - V2Scraper - INFO -   ID 477: 1 missing images, but no anime_id
2026-07-24 13:56:07,464 - V2Scraper - INFO -   ID 49: 1 missing images, but no anime_id
2026-07-24 13:56:07,464 - V2Scraper - INFO -   ID 494: 1 missing images, but no anime_id
2026-07-24 13:56:07,466 - V2Scraper - INFO -   ID 50: 3 missing images, but no anime_id
2026-07-24 13:56:07,466 - V2Scraper - INFO -   ID 503: 4 missing images, but no anime_id
2026-07-24 13:56:07,470 - V2Scraper - INFO -   ID 513: 4 missing images, but no anime_id
2026-07-24 13:56:07,470 - V2Scraper - INFO -   ID 514: 11 missing images, but no anime_id
2026-07-24 13:56:07,472 - V2Scraper - INFO -   ID 519: 1 missing images, but no anime_id
2026-07-24 13:56:07,473 - V2Scraper - INFO -   ID 521: 2 missing images, but no anime_id
2026-07-24 13:56:07,474 - V2Scraper - INFO -   ID 524: 1 missing images, but no anime_id
2026-07-24 13:56:07,477 - V2Scraper - INFO -   ID 535: 1 missing images, but no anime_id
2026-07-24 13:56:07,478 - V2Scraper - INFO -   ID 538: 7 missing images, but no anime_id
2026-07-24 13:56:07,479 - V2Scraper - INFO -   ID 539: 6 missing images, but no anime_id
2026-07-24 13:56:07,479 - V2Scraper - INFO -   ID 54: 1 missing images, but no anime_id
2026-07-24 13:56:07,479 - V2Scraper - INFO -   ID 540: 1 missing images, but no anime_id
2026-07-24 13:56:07,480 - V2Scraper - INFO -   ID 542: 7 missing images, but no anime_id
2026-07-24 13:56:07,480 - V2Scraper - INFO -   ID 543: 2 missing images, but no anime_id
2026-07-24 13:56:07,481 - V2Scraper - INFO -   ID 546: 1 missing images, but no anime_id
2026-07-24 13:56:07,482 - V2Scraper - INFO -   ID 549: 1 missing images, but no anime_id
2026-07-24 13:56:07,484 - V2Scraper - INFO -   ID 556: 3 missing images, but no anime_id
2026-07-24 13:56:07,484 - V2Scraper - INFO -   ID 557: 11 missing images, but no anime_id
2026-07-24 13:56:07,485 - V2Scraper - INFO -   ID 561: 63 missing images, but no anime_id
2026-07-24 13:56:07,486 - V2Scraper - INFO -   ID 564: 2 missing images, but no anime_id
2026-07-24 13:56:07,486 - V2Scraper - INFO -   ID 565: 148 missing images, but no anime_id
2026-07-24 13:56:07,488 - V2Scraper - INFO -   ID 573: 3 missing images, but no anime_id
2026-07-24 13:56:07,495 - V2Scraper - INFO -   ID 595: 1 missing images, but no anime_id
2026-07-24 13:56:07,496 - V2Scraper - INFO -   ID 5967: 2 missing images, but no anime_id
2026-07-24 13:56:07,497 - V2Scraper - INFO -   ID 5990: 1 missing images, but no anime_id
2026-07-24 13:56:07,498 - V2Scraper - INFO -   ID 5996: 1 missing images, but no anime_id
2026-07-24 13:56:07,498 - V2Scraper - INFO -   ID 5997: 1 missing images, but no anime_id
2026-07-24 13:56:07,498 - V2Scraper - INFO -   ID 6002: 2 missing images, but no anime_id
2026-07-24 13:56:07,499 - V2Scraper - INFO -   ID 601: 1 missing images, but no anime_id
2026-07-24 13:56:07,500 - V2Scraper - INFO -   ID 604: 1 missing images, but no anime_id
2026-07-24 13:56:07,501 - V2Scraper - INFO -   ID 6055: 3 missing images, but no anime_id
2026-07-24 13:56:07,501 - V2Scraper - INFO -   ID 6057: 4 missing images, but no anime_id
2026-07-24 13:56:07,502 - V2Scraper - INFO -   ID 6058: 99 missing images, but no anime_id
2026-07-24 13:56:07,502 - V2Scraper - INFO -   ID 6060: 6 missing images, but no anime_id
2026-07-24 13:56:07,503 - V2Scraper - INFO -   ID 6066: 1 missing images, but no anime_id
2026-07-24 13:56:07,503 - V2Scraper - INFO -   ID 6067: 29 missing images, but no anime_id
2026-07-24 13:56:07,504 - V2Scraper - INFO -   ID 6090: 6 missing images, but no anime_id
2026-07-24 13:56:07,505 - V2Scraper - INFO -   ID 6116: 1 missing images, but no anime_id
2026-07-24 13:56:07,506 - V2Scraper - INFO -   ID 6131: 29 missing images, but no anime_id
2026-07-24 13:56:07,506 - V2Scraper - INFO -   ID 6133: 13 missing images, but no anime_id
2026-07-24 13:56:07,507 - V2Scraper - INFO -   ID 6152: 1 missing images, but no anime_id
2026-07-24 13:56:07,508 - V2Scraper - INFO -   ID 6178: 35 missing images, but no anime_id
2026-07-24 13:56:07,508 - V2Scraper - INFO -   ID 6179: 3 missing images, but no anime_id
2026-07-24 13:56:07,509 - V2Scraper - INFO -   ID 620: 2 missing images, but no anime_id
2026-07-24 13:56:07,510 - V2Scraper - INFO -   ID 6200: 1 missing images (anime_id=0MKV87agZS5NoAaTX6B0)
2026-07-24 13:56:09,622 - V2Scraper - INFO -   RSC: 115 places (90 total unique)
2026-07-24 13:56:09,834 - V2Scraper - INFO -   Posts API: 1 user-uploaded places
2026-07-24 13:56:09,835 - V2Scraper - INFO -   API: 1 user-uploaded places (90 total unique)
2026-07-24 13:56:09,835 - V2Scraper - INFO - Total extracted: 90 places
2026-07-24 13:56:11,840 - V2Scraper - INFO -   ID 625: 4 missing images, but no anime_id
2026-07-24 13:56:11,844 - V2Scraper - INFO -   ID 626: 3 missing images, but no anime_id
2026-07-24 13:56:11,845 - V2Scraper - INFO -   ID 6265: 3 missing images (anime_id=F5gBooqJ1oVepAqEaLBS)
2026-07-24 13:56:13,844 - V2Scraper - INFO -   RSC: 53 places (28 total unique)
2026-07-24 13:56:14,051 - V2Scraper - INFO - Total extracted: 28 places
2026-07-24 13:56:16,055 - V2Scraper - INFO -   ID 627: 1 missing images, but no anime_id
2026-07-24 13:56:16,057 - V2Scraper - INFO -   ID 6300: 1 missing images (anime_id=OaKLJatdGQqtkk4SZWdB)
2026-07-24 13:56:17,990 - V2Scraper - INFO -   RSC: 50 places (26 total unique)
2026-07-24 13:56:18,199 - V2Scraper - INFO - Total extracted: 26 places
2026-07-24 13:56:20,202 - V2Scraper - INFO -   ID 631: 4 missing images, but no anime_id
2026-07-24 13:56:20,205 - V2Scraper - INFO -   ID 635: 1 missing images, but no anime_id
2026-07-24 13:56:20,205 - V2Scraper - INFO -   ID 6357: 1 missing images (anime_id=ZqtTUmgvqV5KPwgxSndw)
2026-07-24 13:56:22,444 - V2Scraper - INFO -   RSC: 42 places (21 total unique)
2026-07-24 13:56:22,650 - V2Scraper - INFO -   Posts API: 1 user-uploaded places
2026-07-24 13:56:22,650 - V2Scraper - INFO -   API: 1 user-uploaded places (21 total unique)
2026-07-24 13:56:22,650 - V2Scraper - INFO - Total extracted: 21 places
2026-07-24 13:56:24,652 - V2Scraper - INFO -   ID 637: 1 missing images, but no anime_id
2026-07-24 13:56:24,657 - V2Scraper - INFO -   ID 645: 2 missing images, but no anime_id
2026-07-24 13:56:24,657 - V2Scraper - INFO -   ID 6457: 1 missing images (anime_id=w5KAbfUc7AIQc5Qv4hEM)
2026-07-24 13:56:26,540 - V2Scraper - INFO -   RSC: 71 places (48 total unique)
2026-07-24 13:56:26,761 - V2Scraper - INFO - Total extracted: 48 places
2026-07-24 13:56:28,765 - V2Scraper - INFO -   ID 6488: 1 missing images, but no anime_id
2026-07-24 13:56:28,765 - V2Scraper - INFO -   ID 6489: 1 missing images, but no anime_id
2026-07-24 13:56:28,766 - V2Scraper - INFO -   ID 6492: 5 missing images, but no anime_id
2026-07-24 13:56:28,766 - V2Scraper - INFO -   ID 6493: 2 missing images, but no anime_id
2026-07-24 13:56:28,766 - V2Scraper - INFO -   ID 6494: 4 missing images, but no anime_id
2026-07-24 13:56:28,766 - V2Scraper - INFO -   ID 6495: 2 missing images, but no anime_id
2026-07-24 13:56:28,766 - V2Scraper - INFO -   ID 6497: 1 missing images, but no anime_id
2026-07-24 13:56:28,766 - V2Scraper - INFO -   ID 650: 27 missing images, but no anime_id
2026-07-24 13:56:28,766 - V2Scraper - INFO -   ID 6501: 2 missing images, but no anime_id
2026-07-24 13:56:28,766 - V2Scraper - INFO -   ID 6505: 1 missing images, but no anime_id
2026-07-24 13:56:28,766 - V2Scraper - INFO -   ID 6506: 1 missing images, but no anime_id
2026-07-24 13:56:28,766 - V2Scraper - INFO -   ID 6507: 1 missing images, but no anime_id
2026-07-24 13:56:28,767 - V2Scraper - INFO -   ID 6510: 1 missing images, but no anime_id
2026-07-24 13:56:28,767 - V2Scraper - INFO -   ID 6512: 1 missing images, but no anime_id
2026-07-24 13:56:28,767 - V2Scraper - INFO -   ID 6513: 1 missing images, but no anime_id
2026-07-24 13:56:28,767 - V2Scraper - INFO -   ID 6515: 1 missing images, but no anime_id
2026-07-24 13:56:28,767 - V2Scraper - INFO -   ID 6516: 2 missing images, but no anime_id
2026-07-24 13:56:28,767 - V2Scraper - INFO -   ID 6518: 2 missing images, but no anime_id
2026-07-24 13:56:28,767 - V2Scraper - INFO -   ID 6519: 1 missing images, but no anime_id
2026-07-24 13:56:28,767 - V2Scraper - INFO -   ID 6520: 1 missing images, but no anime_id
2026-07-24 13:56:28,767 - V2Scraper - INFO -   ID 6521: 1 missing images, but no anime_id
2026-07-24 13:56:28,767 - V2Scraper - INFO -   ID 6522: 2 missing images, but no anime_id
2026-07-24 13:56:28,767 - V2Scraper - INFO -   ID 6523: 2 missing images, but no anime_id
2026-07-24 13:56:28,767 - V2Scraper - INFO -   ID 6527: 1 missing images, but no anime_id
2026-07-24 13:56:28,768 - V2Scraper - INFO -   ID 6528: 2 missing images, but no anime_id
2026-07-24 13:56:28,768 - V2Scraper - INFO -   ID 653: 5 missing images, but no anime_id
2026-07-24 13:56:28,768 - V2Scraper - INFO -   ID 6542: 3 missing images, but no anime_id
2026-07-24 13:56:28,768 - V2Scraper - INFO -   ID 6543: 14 missing images, but no anime_id
2026-07-24 13:56:28,771 - V2Scraper - INFO -   ID 6548: 195 missing images, but no anime_id
2026-07-24 13:56:28,772 - V2Scraper - INFO -   ID 6553: 2 missing images, but no anime_id
2026-07-24 13:56:28,773 - V2Scraper - INFO -   ID 6565: 47 missing images, but no anime_id
2026-07-24 13:56:28,773 - V2Scraper - INFO -   ID 657: 2 missing images, but no anime_id
2026-07-24 13:56:28,774 - V2Scraper - INFO -   ID 6575: 7 missing images, but no anime_id
2026-07-24 13:56:28,775 - V2Scraper - INFO -   ID 6589: 1 missing images, but no anime_id
2026-07-24 13:56:28,775 - V2Scraper - INFO -   ID 6590: 1 missing images, but no anime_id
2026-07-24 13:56:28,775 - V2Scraper - INFO -   ID 6591: 5 missing images, but no anime_id
2026-07-24 13:56:28,775 - V2Scraper - INFO -   ID 6592: 1 missing images, but no anime_id
2026-07-24 13:56:28,775 - V2Scraper - INFO -   ID 6595: 1 missing images, but no anime_id
2026-07-24 13:56:28,776 - V2Scraper - INFO -   ID 66: 153 missing images, but no anime_id
2026-07-24 13:56:28,777 - V2Scraper - INFO -   ID 6605: 1 missing images, but no anime_id
2026-07-24 13:56:28,777 - V2Scraper - INFO -   ID 6607: 13 missing images, but no anime_id
2026-07-24 13:56:28,777 - V2Scraper - INFO -   ID 661: 60 missing images, but no anime_id
2026-07-24 13:56:28,778 - V2Scraper - INFO -   ID 6614: 23 missing images, but no anime_id
2026-07-24 13:56:28,778 - V2Scraper - INFO -   ID 6621: 27 missing images, but no anime_id
2026-07-24 13:56:28,780 - V2Scraper - INFO -   ID 6629: 7 missing images, but no anime_id
2026-07-24 13:56:28,780 - V2Scraper - INFO -   ID 6630: 9 missing images, but no anime_id
2026-07-24 13:56:28,780 - V2Scraper - INFO -   ID 6637: 88 missing images, but no anime_id
2026-07-24 13:56:28,783 - V2Scraper - INFO -   ID 667: 1 missing images, but no anime_id
2026-07-24 13:56:28,784 - V2Scraper - INFO -   ID 6672: 1 missing images, but no anime_id
2026-07-24 13:56:28,784 - V2Scraper - INFO -   ID 6673: 36 missing images, but no anime_id
2026-07-24 13:56:28,785 - V2Scraper - INFO -   ID 6694: 19 missing images, but no anime_id
2026-07-24 13:56:28,786 - V2Scraper - INFO -   ID 6700: 6 missing images, but no anime_id
2026-07-24 13:56:28,786 - V2Scraper - INFO -   ID 6705: 2 missing images, but no anime_id
2026-07-24 13:56:28,787 - V2Scraper - INFO -   ID 6711: 1 missing images, but no anime_id
2026-07-24 13:56:28,788 - V2Scraper - INFO -   ID 6713: 23 missing images, but no anime_id
2026-07-24 13:56:28,788 - V2Scraper - INFO -   ID 6717: 10 missing images, but no anime_id
2026-07-24 13:56:28,788 - V2Scraper - INFO -   ID 6722: 42 missing images, but no anime_id
2026-07-24 13:56:28,789 - V2Scraper - INFO -   ID 6724: 4 missing images, but no anime_id
2026-07-24 13:56:28,789 - V2Scraper - INFO -   ID 6729: 2 missing images, but no anime_id
2026-07-24 13:56:28,789 - V2Scraper - INFO -   ID 6732: 5 missing images, but no anime_id
2026-07-24 13:56:28,789 - V2Scraper - INFO -   ID 6737: 13 missing images, but no anime_id
2026-07-24 13:56:28,789 - V2Scraper - INFO -   ID 6738: 7 missing images, but no anime_id
2026-07-24 13:56:28,790 - V2Scraper - INFO -   ID 6757: 2 missing images, but no anime_id
2026-07-24 13:56:28,790 - V2Scraper - INFO -   ID 6760: 21 missing images, but no anime_id
2026-07-24 13:56:28,791 - V2Scraper - INFO -   ID 6773: 4 missing images, but no anime_id
2026-07-24 13:56:28,791 - V2Scraper - INFO -   ID 6783: 2 missing images, but no anime_id
2026-07-24 13:56:28,792 - V2Scraper - INFO -   ID 6793: 1 missing images, but no anime_id
2026-07-24 13:56:28,792 - V2Scraper - INFO -   ID 6798: 5 missing images (anime_id=Dts24mB9vQ2lpeOlu0sm)
2026-07-24 13:56:30,616 - V2Scraper - INFO -   RSC: 13 places (6 total unique)
2026-07-24 13:56:30,820 - V2Scraper - INFO -   Posts API: 1 user-uploaded places
2026-07-24 13:56:30,820 - V2Scraper - INFO -   API: 1 user-uploaded places (6 total unique)
2026-07-24 13:56:30,820 - V2Scraper - INFO - Total extracted: 6 places
2026-07-24 13:56:32,822 - V2Scraper - INFO -   ID 68: 2 missing images, but no anime_id
2026-07-24 13:56:32,823 - V2Scraper - INFO -   ID 6800: 1 missing images, but no anime_id
2026-07-24 13:56:32,823 - V2Scraper - INFO -   ID 6803: 1 missing images, but no anime_id
2026-07-24 13:56:32,824 - V2Scraper - INFO -   ID 6812: 7 missing images, but no anime_id
2026-07-24 13:56:32,824 - V2Scraper - INFO -   ID 6813: 11 missing images, but no anime_id
2026-07-24 13:56:32,824 - V2Scraper - INFO -   ID 6814: 13 missing images, but no anime_id
2026-07-24 13:56:32,824 - V2Scraper - INFO -   ID 6815: 36 missing images, but no anime_id
2026-07-24 13:56:32,825 - V2Scraper - INFO -   ID 6826: 1 missing images, but no anime_id
2026-07-24 13:56:32,825 - V2Scraper - INFO -   ID 6832: 2 missing images, but no anime_id
2026-07-24 13:56:32,825 - V2Scraper - INFO -   ID 6839: 8 missing images (anime_id=Q5sGWTURXZRsHIhzUbAH)
2026-07-24 13:56:34,706 - V2Scraper - INFO -   RSC: 18 places (9 total unique)
2026-07-24 13:56:34,929 - V2Scraper - INFO -   Posts API: 1 user-uploaded places
2026-07-24 13:56:34,930 - V2Scraper - INFO -   API: 1 user-uploaded places (9 total unique)
2026-07-24 13:56:34,930 - V2Scraper - INFO - Total extracted: 9 places
2026-07-24 13:56:36,932 - V2Scraper - INFO -   ID 684: 2 missing images, but no anime_id
2026-07-24 13:56:36,933 - V2Scraper - INFO -   ID 6844: 43 missing images, but no anime_id
2026-07-24 13:56:36,933 - V2Scraper - INFO -   ID 6845: 12 missing images, but no anime_id
2026-07-24 13:56:36,933 - V2Scraper - INFO -   ID 6846: 17 missing images, but no anime_id
2026-07-24 13:56:36,933 - V2Scraper - INFO -   ID 6847: 6 missing images, but no anime_id
2026-07-24 13:56:36,933 - V2Scraper - INFO -   ID 6848: 5 missing images, but no anime_id
2026-07-24 13:56:36,933 - V2Scraper - INFO -   ID 6849: 17 missing images, but no anime_id
2026-07-24 13:56:36,933 - V2Scraper - INFO -   ID 6850: 6 missing images, but no anime_id
2026-07-24 13:56:36,933 - V2Scraper - INFO -   ID 6851: 14 missing images, but no anime_id
2026-07-24 13:56:36,934 - V2Scraper - INFO -   ID 6852: 14 missing images, but no anime_id
2026-07-24 13:56:36,934 - V2Scraper - INFO -   ID 6853: 12 missing images, but no anime_id
2026-07-24 13:56:36,934 - V2Scraper - INFO -   ID 6854: 12 missing images, but no anime_id
2026-07-24 13:56:36,934 - V2Scraper - INFO -   ID 6855: 33 missing images, but no anime_id
2026-07-24 13:56:36,934 - V2Scraper - INFO -   ID 6856: 10 missing images, but no anime_id
2026-07-24 13:56:36,934 - V2Scraper - INFO -   ID 6857: 43 missing images, but no anime_id
2026-07-24 13:56:36,934 - V2Scraper - INFO -   ID 6858: 6 missing images, but no anime_id
2026-07-24 13:56:36,934 - V2Scraper - INFO -   ID 6859: 14 missing images, but no anime_id
2026-07-24 13:56:36,934 - V2Scraper - INFO -   ID 6860: 8 missing images, but no anime_id
2026-07-24 13:56:36,934 - V2Scraper - INFO -   ID 6861: 7 missing images, but no anime_id
2026-07-24 13:56:36,935 - V2Scraper - INFO -   ID 6862: 4 missing images, but no anime_id
2026-07-24 13:56:36,935 - V2Scraper - INFO -   ID 6863: 2 missing images, but no anime_id
2026-07-24 13:56:36,935 - V2Scraper - INFO -   ID 6864: 3 missing images, but no anime_id
2026-07-24 13:56:36,935 - V2Scraper - INFO -   ID 6865: 2 missing images, but no anime_id
2026-07-24 13:56:36,935 - V2Scraper - INFO -   ID 6866: 1 missing images, but no anime_id
2026-07-24 13:56:36,935 - V2Scraper - INFO -   ID 6867: 6 missing images, but no anime_id
2026-07-24 13:56:36,935 - V2Scraper - INFO -   ID 6868: 5 missing images, but no anime_id
2026-07-24 13:56:36,935 - V2Scraper - INFO -   ID 6869: 1 missing images, but no anime_id
2026-07-24 13:56:36,935 - V2Scraper - INFO -   ID 6870: 5 missing images, but no anime_id
2026-07-24 13:56:36,935 - V2Scraper - INFO -   ID 6871: 4 missing images, but no anime_id
2026-07-24 13:56:36,935 - V2Scraper - INFO -   ID 6872: 4 missing images, but no anime_id
2026-07-24 13:56:36,935 - V2Scraper - INFO -   ID 6873: 15 missing images, but no anime_id
2026-07-24 13:56:36,935 - V2Scraper - INFO -   ID 6874: 3 missing images, but no anime_id
2026-07-24 13:56:36,935 - V2Scraper - INFO -   ID 6875: 1 missing images, but no anime_id
2026-07-24 13:56:36,935 - V2Scraper - INFO -   ID 6876: 5 missing images, but no anime_id
2026-07-24 13:56:36,936 - V2Scraper - INFO -   ID 6877: 5 missing images, but no anime_id
2026-07-24 13:56:36,936 - V2Scraper - INFO -   ID 6878: 2 missing images, but no anime_id
2026-07-24 13:56:36,936 - V2Scraper - INFO -   ID 6879: 10 missing images, but no anime_id
2026-07-24 13:56:36,936 - V2Scraper - INFO -   ID 6880: 1 missing images, but no anime_id
2026-07-24 13:56:36,936 - V2Scraper - INFO -   ID 6881: 14 missing images, but no anime_id
2026-07-24 13:56:36,936 - V2Scraper - INFO -   ID 6882: 28 missing images, but no anime_id
2026-07-24 13:56:36,936 - V2Scraper - INFO -   ID 6883: 2 missing images, but no anime_id
2026-07-24 13:56:36,936 - V2Scraper - INFO -   ID 6884: 3 missing images, but no anime_id
2026-07-24 13:56:36,936 - V2Scraper - INFO -   ID 6885: 4 missing images, but no anime_id
2026-07-24 13:56:36,936 - V2Scraper - INFO -   ID 6886: 6 missing images, but no anime_id
2026-07-24 13:56:36,936 - V2Scraper - INFO -   ID 6887: 8 missing images, but no anime_id
2026-07-24 13:56:36,937 - V2Scraper - INFO -   ID 6888: 4 missing images, but no anime_id
2026-07-24 13:56:36,937 - V2Scraper - INFO -   ID 6889: 37 missing images, but no anime_id
2026-07-24 13:56:36,937 - V2Scraper - INFO -   ID 6890: 9 missing images, but no anime_id
2026-07-24 13:56:36,937 - V2Scraper - INFO -   ID 6891: 9 missing images, but no anime_id
2026-07-24 13:56:36,937 - V2Scraper - INFO -   ID 6892: 10 missing images, but no anime_id
2026-07-24 13:56:36,937 - V2Scraper - INFO -   ID 6893: 10 missing images, but no anime_id
2026-07-24 13:56:36,937 - V2Scraper - INFO -   ID 6894: 14 missing images, but no anime_id
2026-07-24 13:56:36,937 - V2Scraper - INFO -   ID 6895: 42 missing images, but no anime_id
2026-07-24 13:56:36,937 - V2Scraper - INFO -   ID 6896: 47 missing images, but no anime_id
2026-07-24 13:56:36,937 - V2Scraper - INFO -   ID 6897: 15 missing images, but no anime_id
2026-07-24 13:56:36,937 - V2Scraper - INFO -   ID 6898: 7 missing images, but no anime_id
2026-07-24 13:56:36,938 - V2Scraper - INFO -   ID 6899: 80 missing images, but no anime_id
2026-07-24 13:56:36,938 - V2Scraper - INFO -   ID 69: 1 missing images, but no anime_id
2026-07-24 13:56:36,938 - V2Scraper - INFO -   ID 6900: 1 missing images, but no anime_id
2026-07-24 13:56:36,938 - V2Scraper - INFO -   ID 6901: 2 missing images, but no anime_id
2026-07-24 13:56:36,938 - V2Scraper - INFO -   ID 6902: 15 missing images, but no anime_id
2026-07-24 13:56:36,938 - V2Scraper - INFO -   ID 6903: 18 missing images, but no anime_id
2026-07-24 13:56:36,938 - V2Scraper - INFO -   ID 6904: 60 missing images, but no anime_id
2026-07-24 13:56:36,939 - V2Scraper - INFO -   ID 6905: 5 missing images, but no anime_id
2026-07-24 13:56:36,939 - V2Scraper - INFO -   ID 6906: 52 missing images, but no anime_id
2026-07-24 13:56:36,939 - V2Scraper - INFO -   ID 6907: 5 missing images, but no anime_id
2026-07-24 13:56:36,939 - V2Scraper - INFO -   ID 6908: 6 missing images, but no anime_id
2026-07-24 13:56:36,939 - V2Scraper - INFO -   ID 6909: 2 missing images, but no anime_id
2026-07-24 13:56:36,939 - V2Scraper - INFO -   ID 6910: 5 missing images, but no anime_id
2026-07-24 13:56:36,939 - V2Scraper - INFO -   ID 6911: 35 missing images, but no anime_id
2026-07-24 13:56:36,940 - V2Scraper - INFO -   ID 6912: 62 missing images, but no anime_id
2026-07-24 13:56:36,940 - V2Scraper - INFO -   ID 6913: 3 missing images, but no anime_id
2026-07-24 13:56:36,940 - V2Scraper - INFO -   ID 6920: 3 missing images (anime_id=fNMHHPGHtnQ928juROn7)
2026-07-24 13:56:38,692 - V2Scraper - INFO -   RSC: 9 places (3 total unique)
2026-07-24 13:56:38,899 - V2Scraper - INFO -   Posts API: 3 user-uploaded places
2026-07-24 13:56:38,899 - V2Scraper - INFO -   API: 3 user-uploaded places (3 total unique)
2026-07-24 13:56:38,899 - V2Scraper - INFO - Total extracted: 3 places
2026-07-24 13:56:40,901 - V2Scraper - INFO -   ID 6921: 1 missing images (anime_id=ztYqVosnEOhoNlPRvVCo)
2026-07-24 13:56:42,734 - V2Scraper - INFO -   RSC: 3 places (1 total unique)
2026-07-24 13:56:42,948 - V2Scraper - INFO -   Posts API: 1 user-uploaded places
2026-07-24 13:56:42,948 - V2Scraper - INFO -   API: 1 user-uploaded places (1 total unique)
2026-07-24 13:56:42,948 - V2Scraper - INFO - Total extracted: 1 places
2026-07-24 13:56:44,951 - V2Scraper - INFO -   ID 6923: 3 missing images (anime_id=RLvmUUdAaqEDbvILfPsq)
2026-07-24 13:56:46,784 - V2Scraper - INFO -   RSC: 6 places (3 total unique)
2026-07-24 13:56:47,021 - V2Scraper - INFO - Total extracted: 3 places
2026-07-24 13:56:49,024 - V2Scraper - INFO -   ID 6924: 10 missing images (anime_id=txYgEfCLSykeTWemzp22)
2026-07-24 13:56:50,916 - V2Scraper - INFO -   RSC: 28 places (14 total unique)
2026-07-24 13:56:51,142 - V2Scraper - INFO - Total extracted: 14 places
2026-07-24 13:56:53,145 - V2Scraper - INFO -   ID 6925: 5 missing images (anime_id=7qKvxoZi4qfqT9hPApwM)
2026-07-24 13:56:54,967 - V2Scraper - INFO -   RSC: 17 places (7 total unique)
2026-07-24 13:56:55,172 - V2Scraper - INFO -   Posts API: 7 user-uploaded places
2026-07-24 13:56:55,172 - V2Scraper - INFO -   API: 7 user-uploaded places (7 total unique)
2026-07-24 13:56:55,172 - V2Scraper - INFO - Total extracted: 7 places
2026-07-24 13:56:57,175 - V2Scraper - INFO -   ID 6929: 1 missing images, but no anime_id
2026-07-24 13:56:57,175 - V2Scraper - INFO -   ID 6932: 1 missing images (anime_id=KxxurNxXiTegfvduCkyC)
2026-07-24 13:56:59,026 - V2Scraper - INFO -   RSC: 2 places (1 total unique)
2026-07-24 13:56:59,233 - V2Scraper - INFO - Total extracted: 1 places
2026-07-24 13:57:01,236 - V2Scraper - INFO -   ID 704: 7 missing images, but no anime_id
2026-07-24 13:57:01,237 - V2Scraper - INFO -   ID 71: 3 missing images, but no anime_id
2026-07-24 13:57:01,237 - V2Scraper - INFO -   ID 710: 17 missing images, but no anime_id
2026-07-24 13:57:01,238 - V2Scraper - INFO -   ID 73: 1 missing images, but no anime_id
2026-07-24 13:57:01,238 - V2Scraper - INFO -   ID 733: 30 missing images, but no anime_id
2026-07-24 13:57:01,239 - V2Scraper - INFO -   ID 741: 1 missing images, but no anime_id
2026-07-24 13:57:01,239 - V2Scraper - INFO -   ID 75: 3 missing images, but no anime_id
2026-07-24 13:57:01,241 - V2Scraper - INFO -   ID 753: 1 missing images, but no anime_id
2026-07-24 13:57:01,241 - V2Scraper - INFO -   ID 756: 6 missing images, but no anime_id
2026-07-24 13:57:01,241 - V2Scraper - INFO -   ID 757: 1 missing images, but no anime_id
2026-07-24 13:57:01,242 - V2Scraper - INFO -   ID 77: 5 missing images, but no anime_id
2026-07-24 13:57:01,242 - V2Scraper - INFO -   ID 778: 7 missing images, but no anime_id
2026-07-24 13:57:01,243 - V2Scraper - INFO -   ID 784: 5 missing images, but no anime_id
2026-07-24 13:57:01,243 - V2Scraper - INFO -   ID 79: 5 missing images, but no anime_id
2026-07-24 13:57:01,245 - V2Scraper - INFO -   ID 797: 4 missing images, but no anime_id
2026-07-24 13:57:01,246 - V2Scraper - INFO -   ID 809: 1 missing images, but no anime_id
2026-07-24 13:57:01,246 - V2Scraper - INFO -   ID 81: 52 missing images, but no anime_id
2026-07-24 13:57:01,247 - V2Scraper - INFO -   ID 816: 17 missing images, but no anime_id
2026-07-24 13:57:01,248 - V2Scraper - INFO -   ID 83: 6 missing images, but no anime_id
2026-07-24 13:57:01,250 - V2Scraper - INFO -   ID 834: 3 missing images, but no anime_id
2026-07-24 13:57:01,251 - V2Scraper - INFO -   ID 836: 13 missing images, but no anime_id
2026-07-24 13:57:01,251 - V2Scraper - INFO -   ID 844: 2 missing images, but no anime_id
2026-07-24 13:57:01,251 - V2Scraper - INFO -   ID 846: 15 missing images, but no anime_id
2026-07-24 13:57:01,252 - V2Scraper - INFO -   ID 851: 2 missing images, but no anime_id
2026-07-24 13:57:01,252 - V2Scraper - INFO -   ID 854: 1 missing images, but no anime_id
2026-07-24 13:57:01,254 - V2Scraper - INFO -   ID 872: 2 missing images, but no anime_id
2026-07-24 13:57:01,257 - V2Scraper - INFO -   ID 878: 1 missing images, but no anime_id
2026-07-24 13:57:01,257 - V2Scraper - INFO -   ID 881: 3 missing images, but no anime_id
2026-07-24 13:57:01,258 - V2Scraper - INFO -   ID 887: 2 missing images, but no anime_id
2026-07-24 13:57:01,258 - V2Scraper - INFO -   ID 89: 52 missing images, but no anime_id
2026-07-24 13:57:01,260 - V2Scraper - INFO -   ID 9: 13 missing images, but no anime_id
2026-07-24 13:57:01,262 - V2Scraper - INFO -   ID 912: 1 missing images, but no anime_id
2026-07-24 13:57:01,262 - V2Scraper - INFO -   ID 920: 16 missing images, but no anime_id
2026-07-24 13:57:01,262 - V2Scraper - INFO -   ID 924: 27 missing images, but no anime_id
2026-07-24 13:57:01,264 - V2Scraper - INFO -   ID 94: 11 missing images, but no anime_id
2026-07-24 13:57:01,265 - V2Scraper - INFO -   ID 944: 1 missing images, but no anime_id
2026-07-24 13:57:01,268 - V2Scraper - INFO -   ID 99: 52 missing images, but no anime_id
2026-07-24 13:57:01,270 - V2Scraper - INFO - Backfilled 0 images across 0 anime
2026-07-25 13:21:17,882 - V2Scraper - INFO - ============================================================
2026-07-25 13:21:17,882 - V2Scraper - INFO - Anime Pilgrimage V2 Scraper - Starting
2026-07-25 13:21:17,882 - V2Scraper - INFO - ============================================================
2026-07-25 13:21:17,882 - V2Scraper - INFO - Fetching anime list from sitemap.xml...
2026-07-25 13:21:18,886 - V2Scraper - INFO - Sitemap: 292 anime
2026-07-25 13:21:18,886 - V2Scraper - INFO - Found 292 anime
2026-07-25 13:21:18,886 - V2Scraper - INFO -   1. Days With My Stepsister (04krYkLnGxdyZnphVjQD)
2026-07-25 13:21:18,886 - V2Scraper - INFO -   2. Tonikawa (0AvGlAgPpCxpeHIuaJPN)
2026-07-25 13:21:18,886 - V2Scraper - INFO -   3. Girls Band Cry (0MKV87agZS5NoAaTX6B0)
2026-07-25 13:21:18,886 - V2Scraper - INFO -   4. Tokyo Revengers (0eav7fRw7FpJyEOwfQKl)
2026-07-25 13:21:18,886 - V2Scraper - INFO -   5. Jujutsu Kaisen 1 (0krqHxVPwJzgjw4B5AJN)
2026-07-25 13:21:18,886 - V2Scraper - INFO -   ... and 287 more
2026-07-25 13:21:18,886 - V2Scraper - INFO - Will scrape 292 anime
2026-07-25 13:21:18,932 - V2Scraper - INFO - 
[1/292] Days With My Stepsister (04krYkLnGxdyZnphVjQD)
2026-07-25 13:21:18,933 - V2Scraper - INFO -   Already exists (ID 6198), checking for updates...
2026-07-25 13:21:18,933 - V2Scraper - INFO -   Existing points: 21
2026-07-25 13:21:20,441 - V2Scraper - INFO -   RSC: 40 places (21 total unique)
2026-07-25 13:21:20,787 - V2Scraper - INFO - Total extracted: 21 places
2026-07-25 13:21:20,787 - V2Scraper - INFO -   No new points or corrections needed
2026-07-25 13:21:20,787 - V2Scraper - INFO -   No updates needed
2026-07-25 13:21:21,788 - V2Scraper - INFO - 
[2/292] Tonikawa (0AvGlAgPpCxpeHIuaJPN)
2026-07-25 13:21:21,788 - V2Scraper - INFO -   Already exists (ID 6199), checking for updates...
2026-07-25 13:21:21,789 - V2Scraper - INFO -   Existing points: 7
2026-07-25 13:21:23,069 - V2Scraper - INFO -   RSC: 14 places (7 total unique)
2026-07-25 13:21:23,281 - V2Scraper - INFO - Total extracted: 7 places
2026-07-25 13:21:23,281 - V2Scraper - INFO -   No new points or corrections needed
2026-07-25 13:21:23,282 - V2Scraper - INFO -   No updates needed
2026-07-25 13:21:24,283 - V2Scraper - INFO - 
[3/292] Girls Band Cry (0MKV87agZS5NoAaTX6B0)
2026-07-25 13:21:24,283 - V2Scraper - INFO -   Already exists (ID 6200), checking for updates...
2026-07-25 13:21:24,284 - V2Scraper - INFO -   Existing points: 92
2026-07-25 13:21:25,544 - V2Scraper - INFO -   RSC: 117 places (92 total unique)
2026-07-25 13:21:25,772 - V2Scraper - INFO -   Posts API: 1 user-uploaded places
2026-07-25 13:21:25,772 - V2Scraper - INFO -   API: 1 user-uploaded places (92 total unique)
2026-07-25 13:21:25,772 - V2Scraper - INFO - Total extracted: 92 places
2026-07-25 13:21:26,099 - V2Scraper - INFO -   Downloaded missing image for point "Torichosuji Station"
2026-07-25 13:21:26,099 - V2Scraper - INFO -   Corrected 1 existing point issues
2026-07-25 13:21:28,344 - V2Scraper - INFO -   ✅ 1 corrected
2026-07-25 13:21:29,345 - V2Scraper - INFO - 
[4/292] Tokyo Revengers (0eav7fRw7FpJyEOwfQKl)
2026-07-25 13:21:29,345 - V2Scraper - INFO -   Already exists (ID 6201), checking for updates...
2026-07-25 13:21:29,346 - V2Scraper - INFO -   Existing points: 26
2026-07-25 13:21:30,638 - V2Scraper - INFO -   RSC: 52 places (26 total unique)
2026-07-25 13:21:30,859 - V2Scraper - INFO -   Posts API: 1 user-uploaded places
2026-07-25 13:21:30,859 - V2Scraper - INFO -   API: 1 user-uploaded places (26 total unique)
2026-07-25 13:21:30,859 - V2Scraper - INFO - Total extracted: 26 places
2026-07-25 13:21:30,859 - V2Scraper - INFO -   No new points or corrections needed
2026-07-25 13:21:30,859 - V2Scraper - INFO -   No updates needed
2026-07-25 13:21:31,861 - V2Scraper - INFO - 
[5/292] Jujutsu Kaisen 1 (0krqHxVPwJzgjw4B5AJN)
2026-07-25 13:21:31,861 - V2Scraper - INFO -   Already exists (ID 6202), checking for updates...
2026-07-25 13:21:31,861 - V2Scraper - INFO -   Existing points: 36
2026-07-25 13:21:33,116 - V2Scraper - INFO -   RSC: 59 places (35 total unique)
2026-07-25 13:21:33,335 - V2Scraper - INFO - Total extracted: 35 places
2026-07-25 13:21:33,335 - V2Scraper - INFO -   No new points or corrections needed
2026-07-25 13:21:33,335 - V2Scraper - INFO -   No updates needed
2026-07-25 13:21:34,336 - V2Scraper - INFO - 
[6/292] Kaguya Sama S1 (0xrJOK7da7qvAXCrTTJ6)
2026-07-25 13:21:34,337 - V2Scraper - INFO -   Already exists (ID 6203), checking for updates...
2026-07-25 13:21:34,337 - V2Scraper - INFO -   Existing points: 15
2026-07-25 13:21:35,529 - V2Scraper - INFO -   RSC: 29 places (15 total unique)
2026-07-25 13:21:35,759 - V2Scraper - INFO - Total extracted: 15 places
2026-07-25 13:21:35,759 - V2Scraper - INFO -   No new points or corrections needed
2026-07-25 13:21:35,760 - V2Scraper - INFO -   No updates needed
2026-07-25 13:21:36,761 - V2Scraper - INFO - 
[7/292] Wonder Egg Priority (1IcHGFHi8jBaDrG3fSQo)
2026-07-25 13:21:36,761 - V2Scraper - INFO -   Already exists (ID 6204), checking for updates...
2026-07-25 13:21:36,761 - V2Scraper - INFO -   Existing points: 39
2026-07-25 13:21:38,267 - V2Scraper - INFO -   RSC: 64 places (39 total unique)
2026-07-25 13:21:38,476 - V2Scraper - INFO - Total extracted: 39 places
2026-07-25 13:21:38,477 - V2Scraper - INFO -   No new points or corrections needed
2026-07-25 13:21:38,477 - V2Scraper - INFO -   No updates needed
2026-07-25 13:21:39,478 - V2Scraper - INFO - 
[8/292] Mashle 2 (1M3MAFU6v1pvBnx8HHEq)
2026-07-25 13:21:39,478 - V2Scraper - INFO -   Already exists (ID 6205), checking for updates...
2026-07-25 13:21:39,479 - V2Scraper - INFO -   Existing points: 8
2026-07-25 13:21:40,721 - V2Scraper - INFO -   RSC: 16 places (8 total unique)
2026-07-25 13:21:40,956 - V2Scraper - INFO - Total extracted: 8 places
2026-07-25 13:21:40,957 - V2Scraper - INFO -   No new points or corrections needed
2026-07-25 13:21:40,957 - V2Scraper - INFO -   No updates needed
2026-07-25 13:21:41,958 - V2Scraper - INFO - 
[9/292] Sound Euphonium Ensemble Contest Arc (1Y4ZSYLqASYfeZRC4q26)
2026-07-25 13:21:41,958 - V2Scraper - INFO -   Already exists (ID 6206), checking for updates...
2026-07-25 13:21:41,959 - V2Scraper - INFO -   Existing points: 4
2026-07-25 13:21:43,188 - V2Scraper - INFO -   RSC: 8 places (4 total unique)
2026-07-25 13:21:43,397 - V2Scraper - INFO - Total extracted: 4 places
2026-07-25 13:21:43,398 - V2Scraper - INFO -   No new points or corrections needed
2026-07-25 13:21:43,398 - V2Scraper - INFO -   No updates needed
2026-07-25 13:21:44,399 - V2Scraper - INFO - 
[10/292] The Day I Became A God (2Qn88kmQZgyF4hkwvH9V)
2026-07-25 13:21:44,399 - V2Scraper - INFO -   Already exists (ID 6207), checking for updates...
2026-07-25 13:21:44,400 - V2Scraper - INFO -   Existing points: 53
2026-07-25 13:21:46,169 - V2Scraper - INFO -   RSC: 78 places (53 total unique)
2026-07-25 13:21:46,390 - V2Scraper - INFO - Total extracted: 53 places
2026-07-25 13:21:46,391 - V2Scraper - INFO -   No new points or corrections needed
2026-07-25 13:21:46,391 - V2Scraper - INFO -   No updates needed
2026-07-25 13:21:47,392 - V2Scraper - INFO - 
[11/292] Blue Orchestra (2fnFUFrnX38hq4LyHjQ9)
2026-07-25 13:21:47,392 - V2Scraper - INFO -   Already exists (ID 6208), checking for updates...
2026-07-25 13:21:47,393 - V2Scraper - INFO -   Existing points: 39
2026-07-25 13:21:48,698 - V2Scraper - INFO -   RSC: 64 places (39 total unique)
2026-07-25 13:21:48,912 - V2Scraper - INFO - Total extracted: 39 places
2026-07-25 13:21:48,912 - V2Scraper - INFO -   No new points or corrections needed
2026-07-25 13:21:48,912 - V2Scraper - INFO -   No updates needed
2026-07-25 13:21:49,914 - V2Scraper - INFO - 
[12/292] Ssss Dynazenon (2jBMuj47DmkLyXspvbb3)
2026-07-25 13:21:49,914 - V2Scraper - INFO -   Already exists (ID 6209), checking for updates...
2026-07-25 13:21:49,914 - V2Scraper - INFO -   Existing points: 18
2026-07-25 13:21:51,189 - V2Scraper - INFO -   RSC: 35 places (18 total unique)
2026-07-25 13:21:51,421 - V2Scraper - INFO - Total extracted: 18 places
2026-07-25 13:21:51,421 - V2Scraper - INFO -   No new points or corrections needed
2026-07-25 13:21:51,421 - V2Scraper - INFO -   No updates needed
2026-07-25 13:21:52,422 - V2Scraper - INFO - 
[13/292] New Game (3aCI73vQcF1oy3bw17Fl)
2026-07-25 13:21:52,422 - V2Scraper - INFO -   Already exists (ID 6210), checking for updates...
2026-07-25 13:21:52,423 - V2Scraper - INFO -   Existing points: 26
2026-07-25 13:21:53,681 - V2Scraper - INFO -   RSC: 50 places (26 total unique)
2026-07-25 13:21:53,897 - V2Scraper - INFO - Total extracted: 26 places
2026-07-25 13:21:53,898 - V2Scraper - INFO -   No new points or corrections needed
2026-07-25 13:21:53,898 - V2Scraper - INFO -   No updates needed
2026-07-25 13:21:54,899 - V2Scraper - INFO - 
[14/292] Amagami Sister (41qdCtiQIC4yNwpe8kWk)
2026-07-25 13:21:54,899 - V2Scraper - INFO -   Already exists (ID 6211), checking for updates...
2026-07-25 13:21:54,900 - V2Scraper - INFO -   Existing points: 49
2026-07-25 13:21:56,177 - V2Scraper - INFO -   RSC: 74 places (49 total unique)
2026-07-25 13:21:56,390 - V2Scraper - INFO - Total extracted: 49 places
2026-07-25 13:21:56,391 - V2Scraper - INFO -   No new points or corrections needed
2026-07-25 13:21:56,391 - V2Scraper - INFO -   No updates needed
2026-07-25 13:21:57,392 - V2Scraper - INFO - 
[15/292] Blue Period (4Dfm522fI1VWDj56dqkN)
2026-07-25 13:21:57,392 - V2Scraper - INFO -   Already exists (ID 6212), checking for updates...
2026-07-25 13:21:57,393 - V2Scraper - INFO -   Existing points: 18
2026-07-25 13:21:58,705 - V2Scraper - INFO -   RSC: 36 places (18 total unique)
2026-07-25 13:21:58,922 - V2Scraper - INFO - Total extracted: 18 places
2026-07-25 13:21:58,922 - V2Scraper - INFO -   No new points or corrections needed
2026-07-25 13:21:58,922 - V2Scraper - INFO -   No updates needed
2026-07-25 13:21:59,924 - V2Scraper - INFO - 
[16/292] Onimai (4aS0VtqJxde7q4nVBDYT)
2026-07-25 13:21:59,924 - V2Scraper - INFO -   Already exists (ID 6213), checking for updates...
2026-07-25 13:21:59,924 - V2Scraper - INFO -   Existing points: 8
2026-07-25 13:22:01,206 - V2Scraper - INFO -   RSC: 16 places (8 total unique)
2026-07-25 13:22:01,443 - V2Scraper - INFO - Total extracted: 8 places
2026-07-25 13:22:01,443 - V2Scraper - INFO -   No new points or corrections needed
2026-07-25 13:22:01,444 - V2Scraper - INFO -   No updates needed
2026-07-25 13:22:02,445 - V2Scraper - INFO - 
[17/292] Dagashi Kashi 2 (4h4wxGAFDIAIb7Aip05j)
2026-07-25 13:22:02,445 - V2Scraper - INFO -   Already exists (ID 6214), checking for updates...
2026-07-25 13:22:02,446 - V2Scraper - INFO -   Existing points: 5
2026-07-25 13:22:03,714 - V2Scraper - INFO -   RSC: 10 places (5 total unique)
2026-07-25 13:22:03,939 - V2Scraper - INFO - Total extracted: 5 places
2026-07-25 13:22:03,939 - V2Scraper - INFO -   No new points or corrections needed
2026-07-25 13:22:03,939 - V2Scraper - INFO -   No updates needed
2026-07-25 13:22:04,941 - V2Scraper - INFO - 
[18/292] Rent A Girlfriend (4qj55JHEmZFWloUisn7T)
2026-07-25 13:22:04,941 - V2Scraper - INFO -   Already exists (ID 6215), checking for updates...
2026-07-25 13:22:04,941 - V2Scraper - INFO -   Existing points: 15
2026-07-25 13:22:06,137 - V2Scraper - INFO -   RSC: 30 places (15 total unique)
2026-07-25 13:22:06,361 - V2Scraper - INFO - Total extracted: 15 places
2026-07-25 13:22:06,361 - V2Scraper - INFO -   No new points or corrections needed
2026-07-25 13:22:06,361 - V2Scraper - INFO -   No updates needed
2026-07-25 13:22:07,362 - V2Scraper - INFO - 
[19/292] Lucky Star (4xqBX6umqSEPcn2i8zGp)
2026-07-25 13:22:07,362 - V2Scraper - INFO -   Already exists (ID 6216), checking for updates...
2026-07-25 13:22:07,363 - V2Scraper - INFO -   Existing points: 55
2026-07-25 13:22:08,636 - V2Scraper - INFO -   RSC: 79 places (55 total unique)
2026-07-25 13:22:08,867 - V2Scraper - INFO - Total extracted: 55 places
2026-07-25 13:22:08,867 - V2Scraper - INFO -   No new points or corrections needed
2026-07-25 13:22:08,867 - V2Scraper - INFO -   No updates needed
2026-07-25 13:22:09,868 - V2Scraper - INFO - 
[20/292] Uma Musume Cinderella Gray (5Um0pl2wIvUA1sxLucet)
2026-07-25 13:22:09,869 - V2Scraper - INFO -   Already exists (ID 6217), checking for updates...
2026-07-25 13:22:09,869 - V2Scraper - INFO -   Existing points: 47
2026-07-25 13:22:11,297 - V2Scraper - INFO -   RSC: 70 places (46 total unique)
2026-07-25 13:22:11,522 - V2Scraper - INFO - Total extracted: 46 places
2026-07-25 13:22:11,522 - V2Scraper - INFO -   No new points or corrections needed
2026-07-25 13:22:11,522 - V2Scraper - INFO -   No updates needed
2026-07-25 13:22:12,524 - V2Scraper - INFO - 
[21/292] Insomniacs After School (5WCOHcONptTxTxp5aVEN)
2026-07-25 13:22:12,524 - V2Scraper - INFO -   Already exists (ID 6218), checking for updates...
2026-07-25 13:22:12,525 - V2Scraper - INFO -   Existing points: 26
2026-07-25 13:22:13,766 - V2Scraper - INFO -   RSC: 49 places (26 total unique)
2026-07-25 13:22:13,980 - V2Scraper - INFO - Total extracted: 26 places
2026-07-25 13:22:13,980 - V2Scraper - INFO -   No new points or corrections needed
2026-07-25 13:22:13,980 - V2Scraper - INFO -   No updates needed
2026-07-25 13:22:14,981 - V2Scraper - INFO - 
[22/292] Oregairu Snafu 3 (5vE1eznAXty26eatfkUr)
2026-07-25 13:22:14,981 - V2Scraper - INFO -   Already exists (ID 6219), checking for updates...
2026-07-25 13:22:14,982 - V2Scraper - INFO -   Existing points: 30
2026-07-25 13:22:16,180 - V2Scraper - INFO -   RSC: 54 places (30 total unique)
2026-07-25 13:22:16,406 - V2Scraper - INFO - Total extracted: 30 places
2026-07-25 13:22:16,406 - V2Scraper - INFO -   No new points or corrections needed
2026-07-25 13:22:16,406 - V2Scraper - INFO -   No updates needed
2026-07-25 13:22:17,407 - V2Scraper - INFO - 
[23/292] Love Live Sunshine (6N67DR42EcjHOgapUH3I)
2026-07-25 13:22:17,408 - V2Scraper - INFO -   Already exists (ID 6220), checking for updates...
2026-07-25 13:22:17,409 - V2Scraper - INFO -   Existing points: 84
2026-07-25 13:22:18,658 - V2Scraper - INFO -   RSC: 108 places (83 total unique)
2026-07-25 13:22:18,888 - V2Scraper - INFO - Total extracted: 83 places
2026-07-25 13:22:18,889 - V2Scraper - INFO -   No new points or corrections needed
2026-07-25 13:22:18,889 - V2Scraper - INFO -   No updates needed
2026-07-25 13:22:19,890 - V2Scraper - INFO - 
[24/292] Yuri On Ice (6cTFY0N0Tckm3bOHJzxT)
2026-07-25 13:22:19,890 - V2Scraper - INFO -   Already exists (ID 6221), checking for updates...
2026-07-25 13:22:19,891 - V2Scraper - INFO -   Existing points: 21
2026-07-25 13:22:21,124 - V2Scraper - INFO -   RSC: 41 places (21 total unique)
2026-07-25 13:22:21,344 - V2Scraper - INFO - Total extracted: 21 places
2026-07-25 13:22:21,344 - V2Scraper - INFO -   No new points or corrections needed
2026-07-25 13:22:21,344 - V2Scraper - INFO -   No updates needed
2026-07-25 13:22:22,345 - V2Scraper - INFO - 
[25/292] Whisper Of The Heart (6l6BPuRhgYMBB6cZQmYY)
2026-07-25 13:22:22,345 - V2Scraper - INFO -   Already exists (ID 6222), checking for updates...
2026-07-25 13:22:22,346 - V2Scraper - INFO -   Existing points: 8
2026-07-25 13:22:23,624 - V2Scraper - INFO -   RSC: 15 places (8 total unique)
2026-07-25 13:22:23,879 - V2Scraper - INFO - Total extracted: 8 places
2026-07-25 13:22:23,879 - V2Scraper - INFO -   No new points or corrections needed
2026-07-25 13:22:23,879 - V2Scraper - INFO -   No updates needed
2026-07-25 13:22:24,880 - V2Scraper - INFO - 
[26/292] Death Note (6tJB3K9VJZUzMkqcnP70)
2026-07-25 13:22:24,880 - V2Scraper - INFO -   Already exists (ID 6223), checking for updates...
2026-07-25 13:22:24,881 - V2Scraper - INFO -   Existing points: 24
2026-07-25 13:22:26,335 - V2Scraper - INFO -   RSC: 47 places (24 total unique)
2026-07-25 13:22:26,689 - V2Scraper - INFO - Total extracted: 24 places
2026-07-25 13:22:26,690 - V2Scraper - INFO -   No new points or corrections needed
2026-07-25 13:22:26,690 - V2Scraper - INFO -   No updates needed
2026-07-25 13:22:27,691 - V2Scraper - INFO - 
[27/292] Grand Blue Dreaming 2 (71R457ymVP7fNC5zV87p)
2026-07-25 13:22:27,691 - V2Scraper - INFO -   Already exists (ID 6224), checking for updates...
2026-07-25 13:22:27,692 - V2Scraper - INFO -   Existing points: 4
2026-07-25 13:22:29,058 - V2Scraper - INFO -   RSC: 8 places (4 total unique)
2026-07-25 13:22:29,272 - V2Scraper - INFO - Total extracted: 4 places
2026-07-25 13:22:29,272 - V2Scraper - INFO -   No new points or corrections needed
2026-07-25 13:22:29,272 - V2Scraper - INFO -   No updates needed
2026-07-25 13:22:30,273 - V2Scraper - INFO - 
[28/292] Natsumes Book Of Friends (78Sd6GOolITNMHjhXe7G)
2026-07-25 13:22:30,274 - V2Scraper - INFO -   Already exists (ID 6225), checking for updates...
2026-07-25 13:22:30,274 - V2Scraper - INFO -   Existing points: 13
2026-07-25 13:22:31,603 - V2Scraper - INFO -   RSC: 26 places (13 total unique)
2026-07-25 13:22:31,815 - V2Scraper - INFO - Total extracted: 13 places
2026-07-25 13:22:31,815 - V2Scraper - INFO -   No new points or corrections needed
2026-07-25 13:22:31,815 - V2Scraper - INFO -   No updates needed
2026-07-25 13:22:32,816 - V2Scraper - INFO - 
[29/292] Fate Stay Night Unlimited Blade Works (7Mb8EsEXGlzHao3g6w6M)
2026-07-25 13:22:32,816 - V2Scraper - INFO -   Already exists (ID 6226), checking for updates...
2026-07-25 13:22:32,817 - V2Scraper - INFO -   Existing points: 14
2026-07-25 13:22:34,012 - V2Scraper - INFO -   RSC: 28 places (14 total unique)
2026-07-25 13:22:34,232 - V2Scraper - INFO - Total extracted: 14 places
2026-07-25 13:22:34,232 - V2Scraper - INFO -   No new points or corrections needed
2026-07-25 13:22:34,233 - V2Scraper - INFO -   No updates needed
2026-07-25 13:22:35,234 - V2Scraper - INFO - 
[30/292] Dropout Idol Fruit Tart (7X8GwlsO7iyhgQXDGEcI)
2026-07-25 13:22:35,234 - V2Scraper - INFO -   Already exists (ID 6227), checking for updates...
2026-07-25 13:22:35,234 - V2Scraper - INFO -   Existing points: 9
2026-07-25 13:22:36,428 - V2Scraper - INFO -   RSC: 17 places (9 total unique)
2026-07-25 13:22:36,644 - V2Scraper - INFO - Total extracted: 9 places
2026-07-25 13:22:36,644 - V2Scraper - INFO -   No new points or corrections needed
2026-07-25 13:22:36,644 - V2Scraper - INFO -   No updates needed
2026-07-25 13:22:37,645 - V2Scraper - INFO - 
[31/292] Hokkaido Gals Are Super Adorable (7hci6sBMlfGq4sAIW9hp)
2026-07-25 13:22:37,645 - V2Scraper - INFO -   Already exists (ID 6228), checking for updates...
2026-07-25 13:22:37,646 - V2Scraper - INFO -   Existing points: 20
2026-07-25 13:22:38,899 - V2Scraper - INFO -   RSC: 40 places (20 total unique)
2026-07-25 13:22:39,127 - V2Scraper - INFO - Total extracted: 20 places
2026-07-25 13:22:39,128 - V2Scraper - INFO -   No new points or corrections needed
2026-07-25 13:22:39,128 - V2Scraper - INFO -   No updates needed
2026-07-25 13:22:40,129 - V2Scraper - INFO - 
[32/292] Fireworks 2017 (7i2GVSJGLkEIJoAzrntM)
2026-07-25 13:22:40,129 - V2Scraper - INFO -   Already exists (ID 6229), checking for updates...
2026-07-25 13:22:40,130 - V2Scraper - INFO -   Existing points: 7
2026-07-25 13:22:41,408 - V2Scraper - INFO -   RSC: 14 places (7 total unique)
2026-07-25 13:22:41,626 - V2Scraper - INFO - Total extracted: 7 places
2026-07-25 13:22:41,626 - V2Scraper - INFO -   No new points or corrections needed
2026-07-25 13:22:41,627 - V2Scraper - INFO -   No updates needed
2026-07-25 13:22:42,628 - V2Scraper - INFO - 
[33/292] Tis Time For Torture Princess (7nPtaNBDbDFBWRVv9dvm)
2026-07-25 13:22:42,628 - V2Scraper - INFO -   Already exists (ID 6230), checking for updates...
2026-07-25 13:22:42,629 - V2Scraper - INFO -   Existing points: 3
2026-07-25 13:22:43,848 - V2Scraper - INFO -   RSC: 6 places (3 total unique)
2026-07-25 13:22:44,071 - V2Scraper - INFO - Total extracted: 3 places
2026-07-25 13:22:44,071 - V2Scraper - INFO -   No new points or corrections needed
2026-07-25 13:22:44,071 - V2Scraper - INFO -   No updates needed
2026-07-25 13:22:45,072 - V2Scraper - INFO - 
[34/292] Date A Live (7qKvxoZi4qfqT9hPApwM)
2026-07-25 13:22:45,072 - V2Scraper - INFO -   Already exists (ID 6925), checking for updates...
2026-07-25 13:22:45,073 - V2Scraper - INFO -   Existing points: 7
2026-07-25 13:22:46,326 - V2Scraper - INFO -   RSC: 17 places (7 total unique)
2026-07-25 13:22:46,545 - V2Scraper - INFO -   Posts API: 7 user-uploaded places
2026-07-25 13:22:46,546 - V2Scraper - INFO -   API: 7 user-uploaded places (7 total unique)
2026-07-25 13:22:46,546 - V2Scraper - INFO - Total extracted: 7 places
2026-07-25 13:22:46,546 - V2Scraper - INFO -   No new points or corrections needed
2026-07-25 13:22:46,546 - V2Scraper - INFO -   No updates needed
2026-07-25 13:22:47,547 - V2Scraper - INFO - 
[35/292] Tari Tari (7uy92cNLDMaXLxP9kiLy)
2026-07-25 13:22:47,547 - V2Scraper - INFO -   Already exists (ID 6231), checking for updates...
2026-07-25 13:22:47,548 - V2Scraper - INFO -   Existing points: 50
2026-07-25 13:22:48,884 - V2Scraper - INFO -   RSC: 74 places (49 total unique)
2026-07-25 13:22:49,107 - V2Scraper - INFO - Total extracted: 49 places
2026-07-25 13:22:49,108 - V2Scraper - INFO -   No new points or corrections needed
2026-07-25 13:22:49,108 - V2Scraper - INFO -   No updates needed
2026-07-25 13:22:50,109 - V2Scraper - INFO - 
[36/292] Steel Ball Run Jojo S Bizarre Adventure 1St Stage (81Yt30qQuWyUxR3evZkx)
2026-07-25 13:22:50,109 - V2Scraper - INFO -   Already exists (ID 6232), checking for updates...
2026-07-25 13:22:50,110 - V2Scraper - INFO -   Existing points: 1
2026-07-25 13:22:51,116 - V2Scraper - INFO -   RSC: 3 places (1 total unique)
2026-07-25 13:22:51,331 - V2Scraper - INFO -   Posts API: 1 user-uploaded places
2026-07-25 13:22:51,331 - V2Scraper - INFO -   API: 1 user-uploaded places (1 total unique)
2026-07-25 13:22:51,331 - V2Scraper - INFO - Total extracted: 1 places
2026-07-25 13:22:51,331 - V2Scraper - INFO -   No new points or corrections needed
2026-07-25 13:22:51,331 - V2Scraper - INFO -   No updates needed
2026-07-25 13:22:52,332 - V2Scraper - INFO - 
[37/292] Hanasaku Iroha (85RF5tAgykz6goUkarZI)
2026-07-25 13:22:52,332 - V2Scraper - INFO -   Already exists (ID 6233), checking for updates...
2026-07-25 13:22:52,333 - V2Scraper - INFO -   Existing points: 48
2026-07-25 13:22:53,653 - V2Scraper - INFO -   RSC: 73 places (48 total unique)
2026-07-25 13:22:53,871 - V2Scraper - INFO - Total extracted: 48 places
2026-07-25 13:22:53,872 - V2Scraper - INFO -   No new points or corrections needed
2026-07-25 13:22:53,872 - V2Scraper - INFO -   No updates needed
2026-07-25 13:22:54,873 - V2Scraper - INFO - 
[38/292] Apocalypse Hotel (85SdTr9RvljF5f8N0BZ6)
2026-07-25 13:22:54,873 - V2Scraper - INFO -   Already exists (ID 6234), checking for updates...
2026-07-25 13:22:54,874 - V2Scraper - INFO -   Existing points: 47
2026-07-25 13:22:56,151 - V2Scraper - INFO -   RSC: 71 places (46 total unique)
2026-07-25 13:22:56,378 - V2Scraper - INFO - Total extracted: 46 places
2026-07-25 13:22:56,378 - V2Scraper - INFO -   No new points or corrections needed
2026-07-25 13:22:56,378 - V2Scraper - INFO -   No updates needed
2026-07-25 13:22:57,380 - V2Scraper - INFO - 
[39/292] The Fragrant Flower Blooms With Dignity (8qH4apWLfIBDT1mUOPKG)
2026-07-25 13:22:57,380 - V2Scraper - INFO -   Already exists (ID 6235), checking for updates...
2026-07-25 13:22:57,380 - V2Scraper - INFO -   Existing points: 40
2026-07-25 13:22:58,761 - V2Scraper - INFO -   RSC: 64 places (40 total unique)
2026-07-25 13:22:58,981 - V2Scraper - INFO - Total extracted: 40 places
2026-07-25 13:22:58,981 - V2Scraper - INFO -   No new points or corrections needed
2026-07-25 13:22:58,981 - V2Scraper - INFO -   No updates needed
2026-07-25 13:22:59,982 - V2Scraper - INFO - 
[40/292] Zatsutabi That S Journey (8zT7IvWSfgzbUGZLUFkL)
2026-07-25 13:22:59,983 - V2Scraper - INFO -   Already exists (ID 6236), checking for updates...
2026-07-25 13:22:59,984 - V2Scraper - INFO -   Existing points: 38
2026-07-25 13:23:01,251 - V2Scraper - INFO -   RSC: 90 places (38 total unique)
2026-07-25 13:23:01,469 - V2Scraper - INFO -   Posts API: 38 user-uploaded places
2026-07-25 13:23:01,470 - V2Scraper - INFO -   API: 38 user-uploaded places (38 total unique)
2026-07-25 13:23:01,470 - V2Scraper - INFO - Total extracted: 38 places
2026-07-25 13:23:01,470 - V2Scraper - INFO -   No new points or corrections needed
2026-07-25 13:23:01,470 - V2Scraper - INFO -   No updates needed
2026-07-25 13:23:02,471 - V2Scraper - INFO - 
[41/292] Sound Euphonium Our Promise A Brand New Day (97Fqg7Hq6Y4AIjA1WvNb)
2026-07-25 13:23:02,472 - V2Scraper - INFO -   Already exists (ID 6237), checking for updates...
2026-07-25 13:23:02,472 - V2Scraper - INFO -   Existing points: 26
2026-07-25 13:23:03,770 - V2Scraper - INFO -   RSC: 50 places (26 total unique)
2026-07-25 13:23:03,983 - V2Scraper - INFO - Total extracted: 26 places
2026-07-25 13:23:03,984 - V2Scraper - INFO -   No new points or corrections needed
2026-07-25 13:23:03,984 - V2Scraper - INFO -   No updates needed
2026-07-25 13:23:04,985 - V2Scraper - INFO - 
[42/292] Love Chunibyo Other Delusions Take On Me (9CrfdTfoKGhoPGvKXh4M)
2026-07-25 13:23:04,985 - V2Scraper - INFO -   Already exists (ID 6238), checking for updates...
2026-07-25 13:23:04,986 - V2Scraper - INFO -   Existing points: 67
2026-07-25 13:23:06,317 - V2Scraper - INFO -   RSC: 92 places (67 total unique)
2026-07-25 13:23:06,543 - V2Scraper - INFO - Total extracted: 67 places
2026-07-25 13:23:06,543 - V2Scraper - INFO -   No new points or corrections needed
2026-07-25 13:23:06,543 - V2Scraper - INFO -   No updates needed
2026-07-25 13:23:07,545 - V2Scraper - INFO - 
[43/292] Blue Box (9ZIN8PmoDf4FEvUSDUQB)
2026-07-25 13:23:07,545 - V2Scraper - INFO -   Already exists (ID 6239), checking for updates...
2026-07-25 13:23:07,545 - V2Scraper - INFO -   Existing points: 30
2026-07-25 13:23:08,898 - V2Scraper - INFO -   RSC: 54 places (30 total unique)
2026-07-25 13:23:09,116 - V2Scraper - INFO - Total extracted: 30 places
2026-07-25 13:23:09,117 - V2Scraper - INFO -   No new points or corrections needed
2026-07-25 13:23:09,117 - V2Scraper - INFO -   No updates needed
2026-07-25 13:23:10,118 - V2Scraper - INFO - 
[44/292] The Angel Next Door Spoils Me Rotten 2 (9gKVtw8iZrRzIo45GXAF)
2026-07-25 13:23:10,118 - V2Scraper - INFO -   Already exists (ID 6240), checking for updates...
2026-07-25 13:23:10,119 - V2Scraper - INFO -   Existing points: 11
2026-07-25 13:23:11,347 - V2Scraper - INFO -   RSC: 22 places (11 total unique)
2026-07-25 13:23:11,559 - V2Scraper - INFO - Total extracted: 11 places
2026-07-25 13:23:11,559 - V2Scraper - INFO -   No new points or corrections needed
2026-07-25 13:23:11,559 - V2Scraper - INFO -   No updates needed
2026-07-25 13:23:12,560 - V2Scraper - INFO - 
[45/292] Bang Dream (A3z4LwVo0l6qQmaYFKdg)
2026-07-25 13:23:12,561 - V2Scraper - INFO -   Already exists (ID 6241), checking for updates...
2026-07-25 13:23:12,561 - V2Scraper - INFO -   Existing points: 18
2026-07-25 13:23:13,822 - V2Scraper - INFO -   RSC: 36 places (18 total unique)
2026-07-25 13:23:14,046 - V2Scraper - INFO - Total extracted: 18 places
2026-07-25 13:23:14,046 - V2Scraper - INFO -   No new points or corrections needed
2026-07-25 13:23:14,047 - V2Scraper - INFO -   No updates needed
2026-07-25 13:23:15,048 - V2Scraper - INFO - 
[46/292] Dead Dead Demons Dededede Destruction (ABylpzTMQoHclWbCQHSw)
2026-07-25 13:23:15,048 - V2Scraper - INFO -   Already exists (ID 6242), checking for updates...
2026-07-25 13:23:15,049 - V2Scraper - INFO -   Existing points: 40
2026-07-25 13:23:16,245 - V2Scraper - INFO -   RSC: 65 places (40 total unique)
2026-07-25 13:23:16,462 - V2Scraper - INFO - Total extracted: 40 places
2026-07-25 13:23:16,462 - V2Scraper - INFO -   No new points or corrections needed
2026-07-25 13:23:16,462 - V2Scraper - INFO -   No updates needed
2026-07-25 13:23:17,463 - V2Scraper - INFO - 
[47/292] Dandadan 2 (AE4iiD5ynf1anVhFRnw0)
2026-07-25 13:23:17,463 - V2Scraper - INFO -   Already exists (ID 6243), checking for updates...
2026-07-25 13:23:17,464 - V2Scraper - INFO -   Existing points: 5
2026-07-25 13:23:18,643 - V2Scraper - INFO -   RSC: 10 places (5 total unique)
2026-07-25 13:23:18,864 - V2Scraper - INFO - Total extracted: 5 places
2026-07-25 13:23:18,865 - V2Scraper - INFO -   No new points or corrections needed
2026-07-25 13:23:18,865 - V2Scraper - INFO -   No updates needed
2026-07-25 13:23:19,866 - V2Scraper - INFO - 
[48/292] Lycoris Recoil (AHmlbLlbnRJDHFAJLTAQ)
2026-07-25 13:23:19,866 - V2Scraper - INFO -   Already exists (ID 6244), checking for updates...
2026-07-25 13:23:19,867 - V2Scraper - INFO -   Existing points: 52
2026-07-25 13:23:21,107 - V2Scraper - INFO -   RSC: 76 places (51 total unique)
2026-07-25 13:23:21,322 - V2Scraper - INFO - Total extracted: 51 places
2026-07-25 13:23:21,323 - V2Scraper - INFO -   No new points or corrections needed
2026-07-25 13:23:21,323 - V2Scraper - INFO -   No updates needed
2026-07-25 13:23:22,324 - V2Scraper - INFO - 
[49/292] Gridman Universe (AZXMWk8QzkQdJm86FJUl)
2026-07-25 13:23:22,324 - V2Scraper - INFO -   Already exists (ID 6245), checking for updates...
2026-07-25 13:23:22,325 - V2Scraper - INFO -   Existing points: 8
2026-07-25 13:23:23,533 - V2Scraper - INFO -   RSC: 15 places (8 total unique)
2026-07-25 13:23:23,751 - V2Scraper - INFO - Total extracted: 8 places
2026-07-25 13:23:23,751 - V2Scraper - INFO -   No new points or corrections needed
2026-07-25 13:23:23,751 - V2Scraper - INFO -   No updates needed
2026-07-25 13:23:24,752 - V2Scraper - INFO - 
[50/292] Evangelion 3 1 Thrice Upon A Time (Abq0KH3lFo26R6IyQUh1)
2026-07-25 13:23:24,752 - V2Scraper - INFO -   Already exists (ID 6246), checking for updates...
2026-07-25 13:23:24,753 - V2Scraper - INFO -   Existing points: 3
2026-07-25 13:23:25,994 - V2Scraper - INFO -   RSC: 6 places (3 total unique)
2026-07-25 13:23:26,206 - V2Scraper - INFO - Total extracted: 3 places
2026-07-25 13:23:26,207 - V2Scraper - INFO -   No new points or corrections needed
2026-07-25 13:23:26,207 - V2Scraper - INFO -   No updates needed
2026-07-25 13:23:27,208 - V2Scraper - INFO - 
[51/292] The Garden Of Words (ApvypIptXMAXCVFBuk9C)
2026-07-25 13:23:27,208 - V2Scraper - INFO -   Already exists (ID 6247), checking for updates...
2026-07-25 13:23:27,209 - V2Scraper - INFO -   Existing points: 14
2026-07-25 13:23:28,430 - V2Scraper - INFO -   RSC: 28 places (14 total unique)
2026-07-25 13:23:28,652 - V2Scraper - INFO - Total extracted: 14 places
2026-07-25 13:23:28,652 - V2Scraper - INFO -   No new points or corrections needed
2026-07-25 13:23:28,652 - V2Scraper - INFO -   No updates needed
2026-07-25 13:23:29,653 - V2Scraper - INFO - 
[52/292] Turkey (AxyoCcQwwFmQNp75ST6m)
2026-07-25 13:23:29,653 - V2Scraper - INFO -   Already exists (ID 6248), checking for updates...
2026-07-25 13:23:29,654 - V2Scraper - INFO -   Existing points: 25
2026-07-25 13:23:30,980 - V2Scraper - INFO -   RSC: 50 places (25 total unique)
2026-07-25 13:23:31,197 - V2Scraper - INFO - Total extracted: 25 places
2026-07-25 13:23:31,198 - V2Scraper - INFO -   No new points or corrections needed
2026-07-25 13:23:31,198 - V2Scraper - INFO -   No updates needed
2026-07-25 13:23:32,199 - V2Scraper - INFO - 
[53/292] Clannad After Story (B5XOehobDg2MxWl3RHGH)
2026-07-25 13:23:32,199 - V2Scraper - INFO -   Already exists (ID 6931), checking for updates...
2026-07-25 13:23:32,200 - V2Scraper - INFO -   Existing points: 1
2026-07-25 13:23:33,167 - V2Scraper - INFO -   RSC: 1 places (1 total unique)
2026-07-25 13:23:33,396 - V2Scraper - INFO -   Posts API: 1 user-uploaded places
2026-07-25 13:23:33,396 - V2Scraper - INFO -   API: 1 user-uploaded places (1 total unique)
2026-07-25 13:23:33,396 - V2Scraper - INFO - Total extracted: 1 places
2026-07-25 13:23:33,397 - V2Scraper - INFO -   No new points or corrections needed
2026-07-25 13:23:33,397 - V2Scraper - INFO -   No updates needed
2026-07-25 13:23:34,398 - V2Scraper - INFO - 
[54/292] Golden Kamuy (BAaQbAhyA2wlhHJvqvGi)
2026-07-25 13:23:34,398 - V2Scraper - INFO -   Already exists (ID 6249), checking for updates...
2026-07-25 13:23:34,399 - V2Scraper - INFO -   Existing points: 8
2026-07-25 13:23:35,576 - V2Scraper - INFO -   RSC: 15 places (8 total unique)
2026-07-25 13:23:35,806 - V2Scraper - INFO - Total extracted: 8 places
2026-07-25 13:23:35,806 - V2Scraper - INFO -   No new points or corrections needed
2026-07-25 13:23:35,807 - V2Scraper - INFO -   No updates needed
2026-07-25 13:23:36,808 - V2Scraper - INFO - 
[55/292] March Comes In Like A Lion 2 (BSEWzX7gx8CG93Q9jxkg)
2026-07-25 13:23:36,808 - V2Scraper - INFO -   Already exists (ID 6250), checking for updates...
2026-07-25 13:23:36,809 - V2Scraper - INFO -   Existing points: 54
2026-07-25 13:23:38,057 - V2Scraper - INFO -   RSC: 79 places (54 total unique)
2026-07-25 13:23:38,271 - V2Scraper - INFO - Total extracted: 54 places
2026-07-25 13:23:38,272 - V2Scraper - INFO -   No new points or corrections needed
2026-07-25 13:23:38,272 - V2Scraper - INFO -   No updates needed
2026-07-25 13:23:39,273 - V2Scraper - INFO - 
[56/292] The Summer Hikaru Died (BbOGxPV5ltaIJGgljwj5)
2026-07-25 13:23:39,273 - V2Scraper - INFO -   Already exists (ID 6251), checking for updates...
2026-07-25 13:23:39,274 - V2Scraper - INFO -   Existing points: 28
2026-07-25 13:23:40,491 - V2Scraper - INFO -   RSC: 53 places (28 total unique)
2026-07-25 13:23:40,703 - V2Scraper - INFO - Total extracted: 28 places
2026-07-25 13:23:40,703 - V2Scraper - INFO -   No new points or corrections needed
2026-07-25 13:23:40,704 - V2Scraper - INFO -   No updates needed
2026-07-25 13:23:41,705 - V2Scraper - INFO - 
[57/292] Bungo Stray Dogs 2 (BrwQNQDWky56Fnmdpz09)
2026-07-25 13:23:41,705 - V2Scraper - INFO -   Already exists (ID 6252), checking for updates...
2026-07-25 13:23:41,706 - V2Scraper - INFO -   Existing points: 25
2026-07-25 13:23:43,102 - V2Scraper - INFO -   RSC: 49 places (25 total unique)
2026-07-25 13:23:43,314 - V2Scraper - INFO - Total extracted: 25 places
2026-07-25 13:23:43,315 - V2Scraper - INFO -   No new points or corrections needed
2026-07-25 13:23:43,315 - V2Scraper - INFO -   No updates needed
2026-07-25 13:23:44,316 - V2Scraper - INFO - 
[58/292] Uncle From Another World (ChNY4S1HnwsoVA8BIxa0)
2026-07-25 13:23:44,316 - V2Scraper - INFO -   Already exists (ID 6253), checking for updates...
2026-07-25 13:23:44,317 - V2Scraper - INFO -   Existing points: 3
2026-07-25 13:23:45,542 - V2Scraper - INFO -   RSC: 6 places (3 total unique)
2026-07-25 13:23:45,759 - V2Scraper - INFO - Total extracted: 3 places
2026-07-25 13:23:45,759 - V2Scraper - INFO -   No new points or corrections needed
2026-07-25 13:23:45,759 - V2Scraper - INFO -   No updates needed
2026-07-25 13:23:46,760 - V2Scraper - INFO - 
[59/292] Oreimo (D2Udeh1YIJW348yYv9Tl)
2026-07-25 13:23:46,760 - V2Scraper - INFO -   Already exists (ID 6254), checking for updates...
2026-07-25 13:23:46,761 - V2Scraper - INFO -   Existing points: 39
2026-07-25 13:23:48,007 - V2Scraper - INFO -   RSC: 62 places (39 total unique)
2026-07-25 13:23:48,219 - V2Scraper - INFO - Total extracted: 39 places
2026-07-25 13:23:48,219 - V2Scraper - INFO -   No new points or corrections needed
2026-07-25 13:23:48,219 - V2Scraper - INFO -   No updates needed
2026-07-25 13:23:49,220 - V2Scraper - INFO - 
[60/292] Oregairu Snafu (DBdW9GogqQh4X5Jz5YJ1)
2026-07-25 13:23:49,221 - V2Scraper - INFO -   Already exists (ID 6255), checking for updates...
2026-07-25 13:23:49,221 - V2Scraper - INFO -   Existing points: 16
2026-07-25 13:23:50,460 - V2Scraper - INFO -   RSC: 32 places (16 total unique)
2026-07-25 13:23:50,684 - V2Scraper - INFO - Total extracted: 16 places
2026-07-25 13:23:50,685 - V2Scraper - INFO -   No new points or corrections needed
2026-07-25 13:23:50,685 - V2Scraper - INFO -   No updates needed
2026-07-25 13:23:51,686 - V2Scraper - INFO - 
[61/292] Flying Witch (DJqlB9ZQhbhKlMlUyBOb)
2026-07-25 13:23:51,686 - V2Scraper - INFO -   Already exists (ID 6256), checking for updates...
2026-07-25 13:23:51,687 - V2Scraper - INFO -   Existing points: 36
2026-07-25 13:23:53,315 - V2Scraper - INFO -   RSC: 61 places (36 total unique)
2026-07-25 13:23:53,527 - V2Scraper - INFO - Total extracted: 36 places
2026-07-25 13:23:53,527 - V2Scraper - INFO -   No new points or corrections needed
2026-07-25 13:23:53,527 - V2Scraper - INFO -   No updates needed
2026-07-25 13:23:54,528 - V2Scraper - INFO - 
[62/292] Yofukashi No Uta 2 (DOBudmYUGamzQcwLtadk)
2026-07-25 13:23:54,529 - V2Scraper - INFO -   Already exists (ID 6257), checking for updates...
2026-07-25 13:23:54,529 - V2Scraper - INFO -   Existing points: 47
2026-07-25 13:23:55,804 - V2Scraper - INFO -   RSC: 72 places (47 total unique)
2026-07-25 13:23:56,014 - V2Scraper - INFO - Total extracted: 47 places
2026-07-25 13:23:56,015 - V2Scraper - INFO -   No new points or corrections needed
2026-07-25 13:23:56,015 - V2Scraper - INFO -   No updates needed
2026-07-25 13:23:57,016 - V2Scraper - INFO - 
[63/292] Beyond The Boundary (DYG61cbESPhK3vp1Zs1D)
2026-07-25 13:23:57,016 - V2Scraper - INFO -   Already exists (ID 6258), checking for updates...
2026-07-25 13:23:57,017 - V2Scraper - INFO -   Existing points: 53
2026-07-25 13:23:58,312 - V2Scraper - INFO -   RSC: 76 places (52 total unique)
2026-07-25 13:23:58,528 - V2Scraper - INFO - Total extracted: 52 places
2026-07-25 13:23:58,528 - V2Scraper - INFO -   No new points or corrections needed
2026-07-25 13:23:58,528 - V2Scraper - INFO -   No updates needed
2026-07-25 13:23:59,529 - V2Scraper - INFO - 
[64/292] March Comes In Like A Lion (Db9UkC3dvNtEle8hAoB9)
2026-07-25 13:23:59,530 - V2Scraper - INFO -   Already exists (ID 6259), checking for updates...
2026-07-25 13:23:59,530 - V2Scraper - INFO -   Existing points: 63
2026-07-25 13:24:00,799 - V2Scraper - INFO -   RSC: 87 places (63 total unique)
2026-07-25 13:24:01,011 - V2Scraper - INFO - Total extracted: 63 places
2026-07-25 13:24:01,011 - V2Scraper - INFO -   No new points or corrections needed
2026-07-25 13:24:01,011 - V2Scraper - INFO -   No updates needed
2026-07-25 13:24:02,012 - V2Scraper - INFO - 
[65/292] Blue Archive (Dmm38vQWI8Dn0oNd1P5v)
2026-07-25 13:24:02,013 - V2Scraper - INFO -   Already exists (ID 6260), checking for updates...
2026-07-25 13:24:02,013 - V2Scraper - INFO -   Existing points: 12
2026-07-25 13:24:03,435 - V2Scraper - INFO -   RSC: 23 places (12 total unique)
2026-07-25 13:24:03,649 - V2Scraper - INFO - Total extracted: 12 places
2026-07-25 13:24:03,649 - V2Scraper - INFO -   No new points or corrections needed
2026-07-25 13:24:03,649 - V2Scraper - INFO -   No updates needed
2026-07-25 13:24:04,650 - V2Scraper - INFO - 
[66/292] You And I Are Polar Opposites Season 2 (Dts24mB9vQ2lpeOlu0sm)
2026-07-25 13:24:04,651 - V2Scraper - INFO -   Already exists (ID 6798), checking for updates...
2026-07-25 13:24:04,651 - V2Scraper - INFO -   Existing points: 6
2026-07-25 13:24:05,859 - V2Scraper - INFO -   RSC: 13 places (6 total unique)
2026-07-25 13:24:06,089 - V2Scraper - INFO -   Posts API: 1 user-uploaded places
2026-07-25 13:24:06,089 - V2Scraper - INFO -   API: 1 user-uploaded places (6 total unique)
2026-07-25 13:24:06,089 - V2Scraper - INFO - Total extracted: 6 places
2026-07-25 13:24:06,089 - V2Scraper - INFO -   No new points or corrections needed
2026-07-25 13:24:06,089 - V2Scraper - INFO -   No updates needed
2026-07-25 13:24:07,091 - V2Scraper - INFO - 
[67/292] Honey Lemon Soda (EBgnvTrAN9hUEHZPOFpi)
2026-07-25 13:24:07,091 - V2Scraper - INFO -   Already exists (ID 6261), checking for updates...
2026-07-25 13:24:07,092 - V2Scraper - INFO -   Existing points: 24
2026-07-25 13:24:08,403 - V2Scraper - INFO -   RSC: 47 places (24 total unique)
2026-07-25 13:24:08,621 - V2Scraper - INFO - Total extracted: 24 places
2026-07-25 13:24:08,621 - V2Scraper - INFO -   No new points or corrections needed
2026-07-25 13:24:08,621 - V2Scraper - INFO -   No updates needed
2026-07-25 13:24:09,622 - V2Scraper - INFO - 
[68/292] Love Live Superstar (EGvIebIxQ4ZkuYcNWpoQ)
2026-07-25 13:24:09,622 - V2Scraper - INFO -   Already exists (ID 6262), checking for updates...
2026-07-25 13:24:09,623 - V2Scraper - INFO -   Existing points: 69
2026-07-25 13:24:10,908 - V2Scraper - INFO -   RSC: 91 places (67 total unique)
2026-07-25 13:24:11,126 - V2Scraper - INFO - Total extracted: 67 places
2026-07-25 13:24:11,127 - V2Scraper - INFO -   No new points or corrections needed
2026-07-25 13:24:11,127 - V2Scraper - INFO -   No updates needed
2026-07-25 13:24:12,128 - V2Scraper - INFO - 
[69/292] Hyouka (EOXrs8aYwsclgT0TcA91)
2026-07-25 13:24:12,128 - V2Scraper - INFO -   Already exists (ID 6263), checking for updates...
2026-07-25 13:24:12,129 - V2Scraper - INFO -   Existing points: 52
2026-07-25 13:24:13,354 - V2Scraper - INFO -   RSC: 76 places (51 total unique)
2026-07-25 13:24:13,559 - V2Scraper - INFO - Total extracted: 51 places
2026-07-25 13:24:13,560 - V2Scraper - INFO -   No new points or corrections needed
2026-07-25 13:24:13,560 - V2Scraper - INFO -   No updates needed
2026-07-25 13:24:14,561 - V2Scraper - INFO - 
[70/292] Yofukashi No Uta (Elw6prO9MD1CCudCkxzj)
2026-07-25 13:24:14,561 - V2Scraper - INFO -   Already exists (ID 6264), checking for updates...
2026-07-25 13:24:14,562 - V2Scraper - INFO -   Existing points: 52
2026-07-25 13:24:15,760 - V2Scraper - INFO -   RSC: 75 places (51 total unique)
2026-07-25 13:24:15,976 - V2Scraper - INFO - Total extracted: 51 places
2026-07-25 13:24:15,977 - V2Scraper - INFO -   No new points or corrections needed
2026-07-25 13:24:15,977 - V2Scraper - INFO -   No updates needed
2026-07-25 13:24:16,978 - V2Scraper - INFO - 
[71/292] Akane Banashi (F5gBooqJ1oVepAqEaLBS)
2026-07-25 13:24:16,978 - V2Scraper - INFO -   Already exists (ID 6265), checking for updates...
2026-07-25 13:24:16,979 - V2Scraper - INFO -   Existing points: 27
2026-07-25 13:24:18,179 - V2Scraper - INFO -   RSC: 52 places (28 total unique)
2026-07-25 13:24:18,391 - V2Scraper - INFO - Total extracted: 28 places
2026-07-25 13:24:18,391 - V2Scraper - INFO -   No new points or corrections needed
2026-07-25 13:24:18,391 - V2Scraper - INFO -   No updates needed
2026-07-25 13:24:19,392 - V2Scraper - INFO - 
[72/292] Horimiya The Missing Pieces (FFkjtVIIFwWbSPpJJgjp)
2026-07-25 13:24:19,392 - V2Scraper - INFO -   Already exists (ID 6266), checking for updates...
2026-07-25 13:24:19,393 - V2Scraper - INFO -   Existing points: 16
2026-07-25 13:24:20,794 - V2Scraper - INFO -   RSC: 30 places (16 total unique)
2026-07-25 13:24:21,022 - V2Scraper - INFO - Total extracted: 16 places
2026-07-25 13:24:21,022 - V2Scraper - INFO -   No new points or corrections needed
2026-07-25 13:24:21,022 - V2Scraper - INFO -   No updates needed
2026-07-25 13:24:22,023 - V2Scraper - INFO - 
[73/292] Belle 2021 (FO7hxjRqpUKQEKF7wpux)
2026-07-25 13:24:22,023 - V2Scraper - INFO -   Already exists (ID 6267), checking for updates...
2026-07-25 13:24:22,024 - V2Scraper - INFO -   Existing points: 14
2026-07-25 13:24:23,213 - V2Scraper - INFO -   RSC: 28 places (14 total unique)
2026-07-25 13:24:23,428 - V2Scraper - INFO -   Posts API: 1 user-uploaded places
2026-07-25 13:24:23,428 - V2Scraper - INFO -   API: 1 user-uploaded places (14 total unique)
2026-07-25 13:24:23,428 - V2Scraper - INFO - Total extracted: 14 places
2026-07-25 13:24:23,429 - V2Scraper - INFO -   No new points or corrections needed
2026-07-25 13:24:23,429 - V2Scraper - INFO -   No updates needed
2026-07-25 13:24:24,430 - V2Scraper - INFO - 
[74/292] Fate Stay Night Heavens Feel (Frbo1DB6JLFhe7MROo4i)
2026-07-25 13:24:24,430 - V2Scraper - INFO -   Already exists (ID 6268), checking for updates...
2026-07-25 13:24:24,430 - V2Scraper - INFO -   Existing points: 19
2026-07-25 13:24:25,866 - V2Scraper - INFO -   RSC: 38 places (19 total unique)
2026-07-25 13:24:26,078 - V2Scraper - INFO - Total extracted: 19 places
2026-07-25 13:24:26,079 - V2Scraper - INFO -   No new points or corrections needed
2026-07-25 13:24:26,079 - V2Scraper - INFO -   No updates needed
2026-07-25 13:24:27,080 - V2Scraper - INFO - 
[75/292] Durarara (GAQtt96ISTksBTjpxgCk)
2026-07-25 13:24:27,080 - V2Scraper - INFO -   Already exists (ID 6269), checking for updates...
2026-07-25 13:24:27,081 - V2Scraper - INFO -   Existing points: 52
2026-07-25 13:24:28,286 - V2Scraper - INFO -   RSC: 77 places (52 total unique)
2026-07-25 13:24:28,499 - V2Scraper - INFO - Total extracted: 52 places
2026-07-25 13:24:28,499 - V2Scraper - INFO -   No new points or corrections needed
2026-07-25 13:24:28,499 - V2Scraper - INFO -   No updates needed
2026-07-25 13:24:29,500 - V2Scraper - INFO - 
[76/292] Deaimon (GGK68mRHW4OPU8cFrqZJ)
2026-07-25 13:24:29,501 - V2Scraper - INFO -   Already exists (ID 6270), checking for updates...
2026-07-25 13:24:29,501 - V2Scraper - INFO -   Existing points: 40
2026-07-25 13:24:30,833 - V2Scraper - INFO -   RSC: 63 places (38 total unique)
2026-07-25 13:24:31,047 - V2Scraper - INFO - Total extracted: 38 places
2026-07-25 13:24:31,048 - V2Scraper - INFO -   No new points or corrections needed
2026-07-25 13:24:31,048 - V2Scraper - INFO -   No updates needed
2026-07-25 13:24:32,049 - V2Scraper - INFO - 
[77/292] Golden Time (GSbk5qoSrQuK0ngo3dZ5)
2026-07-25 13:24:32,049 - V2Scraper - INFO -   Already exists (ID 6271), checking for updates...
2026-07-25 13:24:32,050 - V2Scraper - INFO -   Existing points: 40
2026-07-25 13:24:33,299 - V2Scraper - INFO -   RSC: 63 places (40 total unique)
2026-07-25 13:24:33,514 - V2Scraper - INFO - Total extracted: 40 places
2026-07-25 13:24:33,515 - V2Scraper - INFO -   No new points or corrections needed
2026-07-25 13:24:33,515 - V2Scraper - INFO -   No updates needed
2026-07-25 13:24:34,516 - V2Scraper - INFO - 
[78/292] Summer Wars (GZaJ97LjywZ1fdsyQbmn)
2026-07-25 13:24:34,516 - V2Scraper - INFO -   Already exists (ID 6272), checking for updates...
2026-07-25 13:24:34,517 - V2Scraper - INFO -   Existing points: 5
2026-07-25 13:24:35,756 - V2Scraper - INFO -   RSC: 10 places (5 total unique)
2026-07-25 13:24:35,966 - V2Scraper - INFO - Total extracted: 5 places
2026-07-25 13:24:35,967 - V2Scraper - INFO -   No new points or corrections needed
2026-07-25 13:24:35,967 - V2Scraper - INFO -   No updates needed
2026-07-25 13:24:36,968 - V2Scraper - INFO - 
[79/292] K On 2 (Gpu7jpmS4b1ZQAtwyAkO)
2026-07-25 13:24:36,968 - V2Scraper - INFO -   Already exists (ID 6273), checking for updates...
2026-07-25 13:24:36,969 - V2Scraper - INFO -   Existing points: 52
2026-07-25 13:24:38,204 - V2Scraper - INFO -   RSC: 77 places (52 total unique)
2026-07-25 13:24:38,457 - V2Scraper - INFO - Total extracted: 52 places
2026-07-25 13:24:38,458 - V2Scraper - INFO -   No new points or corrections needed
2026-07-25 13:24:38,458 - V2Scraper - INFO -   No updates needed
2026-07-25 13:24:39,459 - V2Scraper - INFO - 
[80/292] Another (GvZRe6RQu5McETXnr5eT)
2026-07-25 13:24:39,459 - V2Scraper - INFO -   Already exists (ID 6274), checking for updates...
2026-07-25 13:24:39,460 - V2Scraper - INFO -   Existing points: 10
2026-07-25 13:24:40,634 - V2Scraper - INFO -   RSC: 19 places (10 total unique)
2026-07-25 13:24:40,857 - V2Scraper - INFO - Total extracted: 10 places
2026-07-25 13:24:40,857 - V2Scraper - INFO -   No new points or corrections needed
2026-07-25 13:24:40,857 - V2Scraper - INFO -   No updates needed
2026-07-25 13:24:41,859 - V2Scraper - INFO - 
[81/292] Kaiju No8 2 (H0Kp9SKcNRbV2Z7CoAE5)
2026-07-25 13:24:41,859 - V2Scraper - INFO -   Already exists (ID 6275), checking for updates...
2026-07-25 13:24:41,859 - V2Scraper - INFO -   Existing points: 28
2026-07-25 13:24:43,121 - V2Scraper - INFO -   RSC: 53 places (28 total unique)
2026-07-25 13:24:43,338 - V2Scraper - INFO - Total extracted: 28 places
2026-07-25 13:24:43,338 - V2Scraper - INFO -   No new points or corrections needed
2026-07-25 13:24:43,338 - V2Scraper - INFO -   No updates needed
2026-07-25 13:24:44,339 - V2Scraper - INFO - 
[82/292] Sound Euphonium (HImqnRta69y0Y3Fapb8E)
2026-07-25 13:24:44,339 - V2Scraper - INFO -   Already exists (ID 6276), checking for updates...
2026-07-25 13:24:44,340 - V2Scraper - INFO -   Existing points: 29
2026-07-25 13:24:45,657 - V2Scraper - INFO -   RSC: 54 places (29 total unique)
2026-07-25 13:24:45,872 - V2Scraper - INFO - Total extracted: 29 places
2026-07-25 13:24:45,872 - V2Scraper - INFO -   No new points or corrections needed
2026-07-25 13:24:45,872 - V2Scraper - INFO -   No updates needed
2026-07-25 13:24:46,873 - V2Scraper - INFO - 
[83/292] Persona 5 The Animation (HiZmwfyeRVKgeXXv2605)
2026-07-25 13:24:46,874 - V2Scraper - INFO -   Already exists (ID 6277), checking for updates...
2026-07-25 13:24:46,874 - V2Scraper - INFO -   Existing points: 11
2026-07-25 13:24:48,163 - V2Scraper - INFO -   RSC: 22 places (11 total unique)
2026-07-25 13:24:48,376 - V2Scraper - INFO - Total extracted: 11 places
2026-07-25 13:24:48,376 - V2Scraper - INFO -   No new points or corrections needed
2026-07-25 13:24:48,376 - V2Scraper - INFO -   No updates needed
2026-07-25 13:24:49,377 - V2Scraper - INFO - 
[84/292] Botan Kamiina Fully Blossoms When Drunk (HzSYskmZll63CrQoqUsU)
2026-07-25 13:24:49,377 - V2Scraper - INFO -   Already exists (ID 6278), checking for updates...
2026-07-25 13:24:49,379 - V2Scraper - INFO -   Existing points: 139
2026-07-25 13:24:50,877 - V2Scraper - INFO -   RSC: 163 places (137 total unique)
2026-07-25 13:24:51,096 - V2Scraper - INFO -   Posts API: 1 user-uploaded places
2026-07-25 13:24:51,096 - V2Scraper - INFO -   API: 1 user-uploaded places (137 total unique)
2026-07-25 13:24:51,097 - V2Scraper - INFO - Total extracted: 137 places
2026-07-25 13:24:51,098 - V2Scraper - INFO -   No new points or corrections needed
2026-07-25 13:24:51,098 - V2Scraper - INFO -   No updates needed
2026-07-25 13:24:52,099 - V2Scraper - INFO - 
[85/292] Narenare (Ififqm0dAhXtiSEM5BN0)
2026-07-25 13:24:52,099 - V2Scraper - INFO -   Already exists (ID 6279), checking for updates...
2026-07-25 13:24:52,100 - V2Scraper - INFO -   Existing points: 32
2026-07-25 13:24:53,354 - V2Scraper - INFO -   RSC: 56 places (32 total unique)
2026-07-25 13:24:53,570 - V2Scraper - INFO - Total extracted: 32 places
2026-07-25 13:24:53,571 - V2Scraper - INFO -   No new points or corrections needed
2026-07-25 13:24:53,571 - V2Scraper - INFO -   No updates needed
2026-07-25 13:24:54,572 - V2Scraper - INFO - 
[86/292] Teasing Master Takagi San 3 (IrgbISlZnKp368pmKXQD)
2026-07-25 13:24:54,572 - V2Scraper - INFO -   Already exists (ID 6280), checking for updates...
2026-07-25 13:24:54,573 - V2Scraper - INFO -   Existing points: 24
2026-07-25 13:24:55,804 - V2Scraper - INFO -   RSC: 47 places (24 total unique)
2026-07-25 13:24:56,011 - V2Scraper - INFO - Total extracted: 24 places
2026-07-25 13:24:56,012 - V2Scraper - INFO -   No new points or corrections needed
2026-07-25 13:24:56,012 - V2Scraper - INFO -   No updates needed
2026-07-25 13:24:57,013 - V2Scraper - INFO - 
[87/292] Steins Gate 0 (JUq18FMhazRy8b5gPpNo)
2026-07-25 13:24:57,013 - V2Scraper - INFO -   Already exists (ID 6281), checking for updates...
2026-07-25 13:24:57,014 - V2Scraper - INFO -   Existing points: 50
2026-07-25 13:24:58,349 - V2Scraper - INFO -   RSC: 73 places (50 total unique)
2026-07-25 13:24:58,568 - V2Scraper - INFO - Total extracted: 50 places
2026-07-25 13:24:58,568 - V2Scraper - INFO -   No new points or corrections needed
2026-07-25 13:24:58,569 - V2Scraper - INFO -   No updates needed
2026-07-25 13:24:59,570 - V2Scraper - INFO - 
[88/292] The Disappearance Of Haruhi Suzumiya (JxWl9bqFjbsqZDpaa3Gx)
2026-07-25 13:24:59,570 - V2Scraper - INFO -   Already exists (ID 6282), checking for updates...
2026-07-25 13:24:59,571 - V2Scraper - INFO -   Existing points: 30
2026-07-25 13:25:00,794 - V2Scraper - INFO -   RSC: 54 places (30 total unique)
2026-07-25 13:25:01,022 - V2Scraper - INFO - Total extracted: 30 places
2026-07-25 13:25:01,022 - V2Scraper - INFO -   No new points or corrections needed
2026-07-25 13:25:01,022 - V2Scraper - INFO -   No updates needed
2026-07-25 13:25:02,024 - V2Scraper - INFO - 
[89/292] Medalist (K4PtV2A6cX0Rol3DDh04)
2026-07-25 13:25:02,024 - V2Scraper - INFO -   Already exists (ID 6283), checking for updates...
2026-07-25 13:25:02,024 - V2Scraper - INFO -   Existing points: 16
2026-07-25 13:25:03,247 - V2Scraper - INFO -   RSC: 32 places (16 total unique)
2026-07-25 13:25:03,466 - V2Scraper - INFO - Total extracted: 16 places
2026-07-25 13:25:03,466 - V2Scraper - INFO -   No new points or corrections needed
2026-07-25 13:25:03,466 - V2Scraper - INFO -   No updates needed
2026-07-25 13:25:04,467 - V2Scraper - INFO - 
[90/292] Yuruyuri Summer Vacation (KHL2EcBmiHS2xQGNpVB4)
2026-07-25 13:25:04,467 - V2Scraper - INFO -   Already exists (ID 6284), checking for updates...
2026-07-25 13:25:04,468 - V2Scraper - INFO -   Existing points: 25
2026-07-25 13:25:05,692 - V2Scraper - INFO -   RSC: 50 places (25 total unique)
2026-07-25 13:25:05,921 - V2Scraper - INFO - Total extracted: 25 places
2026-07-25 13:25:05,921 - V2Scraper - INFO -   No new points or corrections needed
2026-07-25 13:25:05,921 - V2Scraper - INFO -   No updates needed
2026-07-25 13:25:06,923 - V2Scraper - INFO - 
[91/292] Lil Miss Vampire Cant Suck Right (KMJWdpqzaXrslclIT0kX)
2026-07-25 13:25:06,923 - V2Scraper - INFO -   Already exists (ID 6285), checking for updates...
2026-07-25 13:25:06,923 - V2Scraper - INFO -   Existing points: 2
2026-07-25 13:25:08,133 - V2Scraper - INFO -   RSC: 4 places (2 total unique)
2026-07-25 13:25:08,345 - V2Scraper - INFO - Total extracted: 2 places
2026-07-25 13:25:08,345 - V2Scraper - INFO -   No new points or corrections needed
2026-07-25 13:25:08,345 - V2Scraper - INFO -   No updates needed
2026-07-25 13:25:09,346 - V2Scraper - INFO - 
[92/292] Tsurune (KMZrhSusXhCwzvMuRW3M)
2026-07-25 13:25:09,346 - V2Scraper - INFO -   Already exists (ID 6286), checking for updates...
2026-07-25 13:25:09,347 - V2Scraper - INFO -   Existing points: 23
2026-07-25 13:25:10,603 - V2Scraper - INFO -   RSC: 46 places (23 total unique)
2026-07-25 13:25:10,878 - V2Scraper - INFO - Total extracted: 23 places
2026-07-25 13:25:10,878 - V2Scraper - INFO -   No new points or corrections needed
2026-07-25 13:25:10,878 - V2Scraper - INFO -   No updates needed
2026-07-25 13:25:11,879 - V2Scraper - INFO - 
[93/292] Kaguya Sama Love Is War Stairway To Adulthood (KxnQIESyd0vWQKYMCCJp)
2026-07-25 13:25:11,879 - V2Scraper - INFO -   Already exists (ID 6287), checking for updates...
2026-07-25 13:25:11,880 - V2Scraper - INFO -   Existing points: 4
2026-07-25 13:25:13,266 - V2Scraper - INFO -   RSC: 8 places (4 total unique)
2026-07-25 13:25:13,502 - V2Scraper - INFO - Total extracted: 4 places
2026-07-25 13:25:13,502 - V2Scraper - INFO -   No new points or corrections needed
2026-07-25 13:25:13,502 - V2Scraper - INFO -   No updates needed
2026-07-25 13:25:14,503 - V2Scraper - INFO - 
[94/292] Kaiju Girl Caramelise (KxxurNxXiTegfvduCkyC)
2026-07-25 13:25:14,503 - V2Scraper - INFO -   Already exists (ID 6932), checking for updates...
2026-07-25 13:25:14,504 - V2Scraper - INFO -   Existing points: 1
2026-07-25 13:25:15,727 - V2Scraper - INFO -   RSC: 2 places (1 total unique)
2026-07-25 13:25:15,951 - V2Scraper - INFO - Total extracted: 1 places
2026-07-25 13:25:15,951 - V2Scraper - INFO -   No new points or corrections needed
2026-07-25 13:25:15,952 - V2Scraper - INFO -   No updates needed
2026-07-25 13:25:16,953 - V2Scraper - INFO - 
[95/292] Shoshimin 2 (L82oXIYdIOrCncmowQ2V)
2026-07-25 13:25:16,953 - V2Scraper - INFO -   Already exists (ID 6288), checking for updates...
2026-07-25 13:25:16,954 - V2Scraper - INFO -   Existing points: 65
2026-07-25 13:25:18,156 - V2Scraper - INFO -   RSC: 90 places (65 total unique)
2026-07-25 13:25:18,371 - V2Scraper - INFO - Total extracted: 65 places
2026-07-25 13:25:18,371 - V2Scraper - INFO -   No new points or corrections needed
2026-07-25 13:25:18,372 - V2Scraper - INFO -   No updates needed
2026-07-25 13:25:19,373 - V2Scraper - INFO - 
[96/292] My Dress Up Darling 2 (L8UKLK889intHfnNZ9oE)
2026-07-25 13:25:19,373 - V2Scraper - INFO -   Already exists (ID 6289), checking for updates...
2026-07-25 13:25:19,374 - V2Scraper - INFO -   Existing points: 42
2026-07-25 13:25:20,685 - V2Scraper - INFO -   RSC: 66 places (41 total unique)
2026-07-25 13:25:20,903 - V2Scraper - INFO - Total extracted: 41 places
2026-07-25 13:25:20,903 - V2Scraper - INFO -   No new points or corrections needed
2026-07-25 13:25:20,903 - V2Scraper - INFO -   No updates needed
2026-07-25 13:25:21,905 - V2Scraper - INFO - 
[97/292] Dusk Beyond The End Of The World (LRAmMCCVn4JZPWGhvTdP)
2026-07-25 13:25:21,905 - V2Scraper - INFO -   Already exists (ID 6290), checking for updates...
2026-07-25 13:25:21,905 - V2Scraper - INFO -   Existing points: 28
2026-07-25 13:25:23,190 - V2Scraper - INFO -   RSC: 53 places (28 total unique)
2026-07-25 13:25:23,424 - V2Scraper - INFO - Total extracted: 28 places
2026-07-25 13:25:23,424 - V2Scraper - INFO -   No new points or corrections needed
2026-07-25 13:25:23,424 - V2Scraper - INFO -   No updates needed
2026-07-25 13:25:24,425 - V2Scraper - INFO - 
[98/292] Yuru Camp 2 (LlBHLckVd9QI0vUhjMJZ)
2026-07-25 13:25:24,426 - V2Scraper - INFO -   Already exists (ID 6291), checking for updates...
2026-07-25 13:25:24,427 - V2Scraper - INFO -   Existing points: 144
2026-07-25 13:25:25,755 - V2Scraper - INFO -   RSC: 168 places (144 total unique)
2026-07-25 13:25:25,965 - V2Scraper - INFO - Total extracted: 144 places
2026-07-25 13:25:25,966 - V2Scraper - INFO -   No new points or corrections needed
2026-07-25 13:25:25,966 - V2Scraper - INFO -   No updates needed
2026-07-25 13:25:26,967 - V2Scraper - INFO - 
[99/292] Chitose Ramune (NQAcuOMJmD4wesKzWtdK)
2026-07-25 13:25:26,968 - V2Scraper - INFO -   Already exists (ID 6292), checking for updates...
2026-07-25 13:25:26,968 - V2Scraper - INFO -   Existing points: 41
2026-07-25 13:25:28,190 - V2Scraper - INFO -   RSC: 66 places (41 total unique)
2026-07-25 13:25:28,423 - V2Scraper - INFO - Total extracted: 41 places
2026-07-25 13:25:28,424 - V2Scraper - INFO -   No new points or corrections needed
2026-07-25 13:25:28,424 - V2Scraper - INFO -   No updates needed
2026-07-25 13:25:29,425 - V2Scraper - INFO - 
[100/292] Ssss Gridman (NShwiqg4RQ8jwlAKDWds)
2026-07-25 13:25:29,425 - V2Scraper - INFO -   Already exists (ID 6293), checking for updates...
2026-07-25 13:25:29,426 - V2Scraper - INFO -   Existing points: 15
2026-07-25 13:25:30,667 - V2Scraper - INFO -   RSC: 30 places (15 total unique)
2026-07-25 13:25:30,874 - V2Scraper - INFO - Total extracted: 15 places
2026-07-25 13:25:30,874 - V2Scraper - INFO -   No new points or corrections needed
2026-07-25 13:25:30,874 - V2Scraper - INFO -   No updates needed
2026-07-25 13:25:31,876 - V2Scraper - INFO - 
[101/292] Weathering With You (NpEZnChVAaNhV5wOpnTr)
2026-07-25 13:25:31,876 - V2Scraper - INFO -   Already exists (ID 6294), checking for updates...
2026-07-25 13:25:31,877 - V2Scraper - INFO -   Existing points: 51
2026-07-25 13:25:33,117 - V2Scraper - INFO -   RSC: 74 places (51 total unique)
2026-07-25 13:25:33,344 - V2Scraper - INFO -   Posts API: 1 user-uploaded places
2026-07-25 13:25:33,344 - V2Scraper - INFO -   API: 1 user-uploaded places (51 total unique)
2026-07-25 13:25:33,344 - V2Scraper - INFO - Total extracted: 51 places
2026-07-25 13:25:33,345 - V2Scraper - INFO -   No new points or corrections needed
2026-07-25 13:25:33,345 - V2Scraper - INFO -   No updates needed
2026-07-25 13:25:34,346 - V2Scraper - INFO - 
[102/292] One Punch Man 2 (Npz9VOt5R5Nshl8YcBar)
2026-07-25 13:25:34,346 - V2Scraper - INFO -   Already exists (ID 6295), checking for updates...
2026-07-25 13:25:34,347 - V2Scraper - INFO -   Existing points: 12
2026-07-25 13:25:35,769 - V2Scraper - INFO -   RSC: 24 places (12 total unique)
2026-07-25 13:25:35,974 - V2Scraper - INFO - Total extracted: 12 places
2026-07-25 13:25:35,975 - V2Scraper - INFO -   No new points or corrections needed
2026-07-25 13:25:35,975 - V2Scraper - INFO -   No updates needed
2026-07-25 13:25:36,976 - V2Scraper - INFO - 
[103/292] Komi Cant Communicate (NudLgt4nu08ywcI9EayS)
2026-07-25 13:25:36,976 - V2Scraper - INFO -   Already exists (ID 6296), checking for updates...
2026-07-25 13:25:36,977 - V2Scraper - INFO -   Existing points: 4
2026-07-25 13:25:38,165 - V2Scraper - INFO -   RSC: 8 places (4 total unique)
2026-07-25 13:25:38,379 - V2Scraper - INFO - Total extracted: 4 places
2026-07-25 13:25:38,379 - V2Scraper - INFO -   No new points or corrections needed
2026-07-25 13:25:38,379 - V2Scraper - INFO -   No updates needed
2026-07-25 13:25:39,380 - V2Scraper - INFO - 
[104/292] Tamako Market (O787XPKQvn9bJ0uEM197)
2026-07-25 13:25:39,381 - V2Scraper - INFO -   Already exists (ID 6297), checking for updates...
2026-07-25 13:25:39,381 - V2Scraper - INFO -   Existing points: 41
2026-07-25 13:25:40,765 - V2Scraper - INFO -   RSC: 63 places (41 total unique)
2026-07-25 13:25:41,013 - V2Scraper - INFO - Total extracted: 41 places
2026-07-25 13:25:41,014 - V2Scraper - INFO -   No new points or corrections needed
2026-07-25 13:25:41,014 - V2Scraper - INFO -   No updates needed
2026-07-25 13:25:42,015 - V2Scraper - INFO - 
[105/292] 365 Days To The Wedding (OAHs4S1CXAlmcCbu520H)
2026-07-25 13:25:42,015 - V2Scraper - INFO -   Already exists (ID 6298), checking for updates...
2026-07-25 13:25:42,016 - V2Scraper - INFO -   Existing points: 48
2026-07-25 13:25:43,366 - V2Scraper - INFO -   RSC: 70 places (46 total unique)
2026-07-25 13:25:43,582 - V2Scraper - INFO - Total extracted: 46 places
2026-07-25 13:25:43,582 - V2Scraper - INFO -   No new points or corrections needed
2026-07-25 13:25:43,582 - V2Scraper - INFO -   No updates needed
2026-07-25 13:25:44,584 - V2Scraper - INFO - 
[106/292] Summer Pockets (OZ6C0hvndlfhdIAf7sIa)
2026-07-25 13:25:44,584 - V2Scraper - INFO -   Already exists (ID 6299), checking for updates...
2026-07-25 13:25:44,585 - V2Scraper - INFO -   Existing points: 65
2026-07-25 13:25:46,049 - V2Scraper - INFO -   RSC: 90 places (65 total unique)
2026-07-25 13:25:46,275 - V2Scraper - INFO - Total extracted: 65 places
2026-07-25 13:25:46,275 - V2Scraper - INFO -   No new points or corrections needed
2026-07-25 13:25:46,275 - V2Scraper - INFO -   No updates needed
2026-07-25 13:25:47,277 - V2Scraper - INFO - 
[107/292] I Made Friends With The Second Prettiest Girl In My Class (OaKLJatdGQqtkk4SZWdB)
2026-07-25 13:25:47,277 - V2Scraper - INFO -   Already exists (ID 6300), checking for updates...
2026-07-25 13:25:47,278 - V2Scraper - INFO -   Existing points: 26
2026-07-25 13:25:48,479 - V2Scraper - INFO -   RSC: 50 places (26 total unique)
2026-07-25 13:25:48,690 - V2Scraper - INFO - Total extracted: 26 places
2026-07-25 13:25:48,690 - V2Scraper - INFO -   No new points or corrections needed
2026-07-25 13:25:48,691 - V2Scraper - INFO -   No updates needed
2026-07-25 13:25:49,692 - V2Scraper - INFO - 
[108/292] Bleach Memories Of Nobody (PKagB1hxt8p8a39k8MVY)
2026-07-25 13:25:49,692 - V2Scraper - INFO -   Already exists (ID 6301), checking for updates...
2026-07-25 13:25:49,693 - V2Scraper - INFO -   Existing points: 10
2026-07-25 13:25:50,899 - V2Scraper - INFO -   RSC: 20 places (10 total unique)
2026-07-25 13:25:51,114 - V2Scraper - INFO - Total extracted: 10 places
2026-07-25 13:25:51,114 - V2Scraper - INFO -   No new points or corrections needed
2026-07-25 13:25:51,115 - V2Scraper - INFO -   No updates needed
2026-07-25 13:25:52,116 - V2Scraper - INFO - 
[109/292] Tamako Love Story (PMFHkoPU1pObVfazDppZ)
2026-07-25 13:25:52,116 - V2Scraper - INFO -   Already exists (ID 6302), checking for updates...
2026-07-25 13:25:52,117 - V2Scraper - INFO -   Existing points: 29
2026-07-25 13:25:53,340 - V2Scraper - INFO -   RSC: 52 places (29 total unique)
2026-07-25 13:25:53,552 - V2Scraper - INFO - Total extracted: 29 places
2026-07-25 13:25:53,553 - V2Scraper - INFO -   No new points or corrections needed
2026-07-25 13:25:53,553 - V2Scraper - INFO -   No updates needed
2026-07-25 13:25:54,554 - V2Scraper - INFO - 
[110/292] Re Zero 2 (PY8lyzbzxH7yFNe0z1kg)
2026-07-25 13:25:54,554 - V2Scraper - INFO -   Already exists (ID 6303), checking for updates...
2026-07-25 13:25:54,555 - V2Scraper - INFO -   Existing points: 7
2026-07-25 13:25:55,965 - V2Scraper - INFO -   RSC: 14 places (7 total unique)
2026-07-25 13:25:56,183 - V2Scraper - INFO - Total extracted: 7 places
2026-07-25 13:25:56,184 - V2Scraper - INFO -   No new points or corrections needed
2026-07-25 13:25:56,184 - V2Scraper - INFO -   No updates needed
2026-07-25 13:25:57,185 - V2Scraper - INFO - 
[111/292] Goodbye Lara (Q5sGWTURXZRsHIhzUbAH)
2026-07-25 13:25:57,185 - V2Scraper - INFO -   Already exists (ID 6839), checking for updates...
2026-07-25 13:25:57,186 - V2Scraper - INFO -   Existing points: 9
2026-07-25 13:25:58,459 - V2Scraper - INFO -   RSC: 19 places (9 total unique)
2026-07-25 13:25:58,680 - V2Scraper - INFO -   Posts API: 1 user-uploaded places
2026-07-25 13:25:58,680 - V2Scraper - INFO -   API: 1 user-uploaded places (9 total unique)
2026-07-25 13:25:58,680 - V2Scraper - INFO - Total extracted: 9 places
2026-07-25 13:25:58,680 - V2Scraper - INFO -   No new points or corrections needed
2026-07-25 13:25:58,680 - V2Scraper - INFO -   No updates needed
2026-07-25 13:25:59,682 - V2Scraper - INFO - 
[112/292] Shoshimin (QG989BWllZZQ1ZeuErVx)
2026-07-25 13:25:59,682 - V2Scraper - INFO -   Already exists (ID 6304), checking for updates...
2026-07-25 13:25:59,683 - V2Scraper - INFO -   Existing points: 58
2026-07-25 13:26:00,914 - V2Scraper - INFO -   RSC: 80 places (58 total unique)
2026-07-25 13:26:01,124 - V2Scraper - INFO - Total extracted: 58 places
2026-07-25 13:26:01,125 - V2Scraper - INFO -   No new points or corrections needed
2026-07-25 13:26:01,125 - V2Scraper - INFO -   No updates needed
2026-07-25 13:26:02,126 - V2Scraper - INFO - 
[113/292] Slow Loop (QZEqu5MPWKCjeIQD0ChT)
2026-07-25 13:26:02,126 - V2Scraper - INFO -   Already exists (ID 6305), checking for updates...
2026-07-25 13:26:02,127 - V2Scraper - INFO -   Existing points: 32
2026-07-25 13:26:03,478 - V2Scraper - INFO -   RSC: 56 places (31 total unique)
2026-07-25 13:26:03,700 - V2Scraper - INFO - Total extracted: 31 places
2026-07-25 13:26:03,701 - V2Scraper - INFO -   No new points or corrections needed
2026-07-25 13:26:03,701 - V2Scraper - INFO -   No updates needed
2026-07-25 13:26:04,702 - V2Scraper - INFO - 
[114/292] Oregairu Snafu 2 (QdSz4uvUO8xtPQ2YnNCH)
2026-07-25 13:26:04,702 - V2Scraper - INFO -   Already exists (ID 6306), checking for updates...
2026-07-25 13:26:04,703 - V2Scraper - INFO -   Existing points: 62
2026-07-25 13:26:06,061 - V2Scraper - INFO -   RSC: 86 places (62 total unique)
2026-07-25 13:26:06,279 - V2Scraper - INFO - Total extracted: 62 places
2026-07-25 13:26:06,280 - V2Scraper - INFO -   No new points or corrections needed
2026-07-25 13:26:06,280 - V2Scraper - INFO -   No updates needed
2026-07-25 13:26:07,281 - V2Scraper - INFO - 
[115/292] Wash It All Away (QqXeEHTDBJy8XPLbqrrn)
2026-07-25 13:26:07,281 - V2Scraper - INFO -   Already exists (ID 6307), checking for updates...
2026-07-25 13:26:07,282 - V2Scraper - INFO -   Existing points: 71
2026-07-25 13:26:08,549 - V2Scraper - INFO -   RSC: 95 places (71 total unique)
2026-07-25 13:26:08,778 - V2Scraper - INFO - Total extracted: 71 places
2026-07-25 13:26:08,779 - V2Scraper - INFO -   No new points or corrections needed
2026-07-25 13:26:08,779 - V2Scraper - INFO -   No updates needed
2026-07-25 13:26:09,781 - V2Scraper - INFO - 
[116/292] Yuruyuri Summer Vacation Plus (R5O9FmDqJMUVD5L3zIo8)
2026-07-25 13:26:09,781 - V2Scraper - INFO -   Already exists (ID 6308), checking for updates...
2026-07-25 13:26:09,781 - V2Scraper - INFO -   Existing points: 8
2026-07-25 13:26:10,998 - V2Scraper - INFO -   RSC: 15 places (8 total unique)
2026-07-25 13:26:11,212 - V2Scraper - INFO - Total extracted: 8 places
2026-07-25 13:26:11,212 - V2Scraper - INFO -   No new points or corrections needed
2026-07-25 13:26:11,212 - V2Scraper - INFO -   No updates needed
2026-07-25 13:26:12,213 - V2Scraper - INFO - 
[117/292] Initial D Legend 2 (RLpqKpn3ABpw8arWkpWc)
2026-07-25 13:26:12,214 - V2Scraper - INFO -   Already exists (ID 6309), checking for updates...
2026-07-25 13:26:12,214 - V2Scraper - INFO -   Existing points: 22
2026-07-25 13:26:13,465 - V2Scraper - INFO -   RSC: 42 places (22 total unique)
2026-07-25 13:26:13,686 - V2Scraper - INFO - Total extracted: 22 places
2026-07-25 13:26:13,687 - V2Scraper - INFO -   No new points or corrections needed
2026-07-25 13:26:13,687 - V2Scraper - INFO -   No updates needed
2026-07-25 13:26:14,688 - V2Scraper - INFO - 
[118/292] Sword Art Online (RLvmUUdAaqEDbvILfPsq)
2026-07-25 13:26:14,688 - V2Scraper - INFO -   Already exists (ID 6923), checking for updates...
2026-07-25 13:26:14,689 - V2Scraper - INFO -   Existing points: 3
2026-07-25 13:26:15,916 - V2Scraper - INFO -   RSC: 6 places (3 total unique)
2026-07-25 13:26:16,123 - V2Scraper - INFO - Total extracted: 3 places
2026-07-25 13:26:16,124 - V2Scraper - INFO -   No new points or corrections needed
2026-07-25 13:26:16,124 - V2Scraper - INFO -   No updates needed
2026-07-25 13:26:17,125 - V2Scraper - INFO - 
[119/292] The Angel Next Door Spoils Me Rotten (RPnFHigPkhOePBI3ZpP7)
2026-07-25 13:26:17,125 - V2Scraper - INFO -   Already exists (ID 6310), checking for updates...
2026-07-25 13:26:17,126 - V2Scraper - INFO -   Existing points: 8
2026-07-25 13:26:18,336 - V2Scraper - INFO -   RSC: 16 places (8 total unique)
2026-07-25 13:26:18,559 - V2Scraper - INFO - Total extracted: 8 places
2026-07-25 13:26:18,559 - V2Scraper - INFO -   No new points or corrections needed
2026-07-25 13:26:18,559 - V2Scraper - INFO -   No updates needed
2026-07-25 13:26:19,561 - V2Scraper - INFO - 
[120/292] Iroduku (RawAH4VbfP7uT0pSXQv9)
2026-07-25 13:26:19,561 - V2Scraper - INFO -   Already exists (ID 6311), checking for updates...
2026-07-25 13:26:19,562 - V2Scraper - INFO -   Existing points: 76
2026-07-25 13:26:20,765 - V2Scraper - INFO -   RSC: 99 places (75 total unique)
2026-07-25 13:26:20,985 - V2Scraper - INFO - Total extracted: 75 places
2026-07-25 13:26:20,986 - V2Scraper - INFO -   No new points or corrections needed
2026-07-25 13:26:20,986 - V2Scraper - INFO -   No updates needed
2026-07-25 13:26:21,987 - V2Scraper - INFO - 
[121/292] Ride Your Wave (RdB9u0ObLQdFxMYl4nUx)
2026-07-25 13:26:21,988 - V2Scraper - INFO -   Already exists (ID 6312), checking for updates...
2026-07-25 13:26:21,988 - V2Scraper - INFO -   Existing points: 15
2026-07-25 13:26:23,425 - V2Scraper - INFO -   RSC: 29 places (15 total unique)
2026-07-25 13:26:23,646 - V2Scraper - INFO - Total extracted: 15 places
2026-07-25 13:26:23,646 - V2Scraper - INFO -   No new points or corrections needed
2026-07-25 13:26:23,646 - V2Scraper - INFO -   No updates needed
2026-07-25 13:26:24,648 - V2Scraper - INFO - 
[122/292] Anohana (S2Ck9BmF9DceONFuYdu2)
2026-07-25 13:26:24,648 - V2Scraper - INFO -   Already exists (ID 6313), checking for updates...
2026-07-25 13:26:24,648 - V2Scraper - INFO -   Existing points: 36
2026-07-25 13:26:25,912 - V2Scraper - INFO -   RSC: 61 places (36 total unique)
2026-07-25 13:26:26,163 - V2Scraper - INFO - Total extracted: 36 places
2026-07-25 13:26:26,163 - V2Scraper - INFO -   No new points or corrections needed
2026-07-25 13:26:26,163 - V2Scraper - INFO -   No updates needed
2026-07-25 13:26:27,165 - V2Scraper - INFO - 
[123/292] Star Detective Precure (SLJtXMvLjJFxkt3cKtRL)
2026-07-25 13:26:27,165 - V2Scraper - INFO -   Already exists (ID 6314), checking for updates...
2026-07-25 13:26:27,166 - V2Scraper - INFO -   Existing points: 6
2026-07-25 13:26:28,379 - V2Scraper - INFO -   RSC: 18 places (6 total unique)
2026-07-25 13:26:28,609 - V2Scraper - INFO -   Posts API: 6 user-uploaded places
2026-07-25 13:26:28,609 - V2Scraper - INFO -   API: 6 user-uploaded places (6 total unique)
2026-07-25 13:26:28,609 - V2Scraper - INFO - Total extracted: 6 places
2026-07-25 13:26:28,609 - V2Scraper - INFO -   No new points or corrections needed
2026-07-25 13:26:28,609 - V2Scraper - INFO -   No updates needed
2026-07-25 13:26:29,611 - V2Scraper - INFO - 
[124/292] Erased (SZ4J7oV1NGtk9EIFlZCO)
2026-07-25 13:26:29,611 - V2Scraper - INFO -   Already exists (ID 6315), checking for updates...
2026-07-25 13:26:29,612 - V2Scraper - INFO -   Existing points: 22
2026-07-25 13:26:30,945 - V2Scraper - INFO -   RSC: 43 places (22 total unique)
2026-07-25 13:26:31,165 - V2Scraper - INFO - Total extracted: 22 places
2026-07-25 13:26:31,165 - V2Scraper - INFO -   No new points or corrections needed
2026-07-25 13:26:31,165 - V2Scraper - INFO -   No updates needed
2026-07-25 13:26:32,167 - V2Scraper - INFO - 
[125/292] The Place Promised In Our Early Days (SvV7FwjDoS2tJiVqx4NA)
2026-07-25 13:26:32,167 - V2Scraper - INFO -   Already exists (ID 6316), checking for updates...
2026-07-25 13:26:32,167 - V2Scraper - INFO -   Existing points: 13
2026-07-25 13:26:33,440 - V2Scraper - INFO -   RSC: 26 places (13 total unique)
2026-07-25 13:26:33,652 - V2Scraper - INFO - Total extracted: 13 places
2026-07-25 13:26:33,652 - V2Scraper - INFO -   No new points or corrections needed
2026-07-25 13:26:33,652 - V2Scraper - INFO -   No updates needed
2026-07-25 13:26:34,653 - V2Scraper - INFO - 
[126/292] Your Lie In April (SxVDZdqsWoda64YFSB5I)
2026-07-25 13:26:34,654 - V2Scraper - INFO -   Already exists (ID 6317), checking for updates...
2026-07-25 13:26:34,654 - V2Scraper - INFO -   Existing points: 36
2026-07-25 13:26:35,871 - V2Scraper - INFO -   RSC: 61 places (36 total unique)
2026-07-25 13:26:36,089 - V2Scraper - INFO - Total extracted: 36 places
2026-07-25 13:26:36,090 - V2Scraper - INFO -   No new points or corrections needed
2026-07-25 13:26:36,090 - V2Scraper - INFO -   No updates needed
2026-07-25 13:26:37,091 - V2Scraper - INFO - 
[127/292] Kaguya Sama S2 (TAaEPRwIJMNDic8UNpyJ)
2026-07-25 13:26:37,091 - V2Scraper - INFO -   Already exists (ID 6318), checking for updates...
2026-07-25 13:26:37,092 - V2Scraper - INFO -   Existing points: 6
2026-07-25 13:26:38,271 - V2Scraper - INFO -   RSC: 11 places (6 total unique)
2026-07-25 13:26:38,484 - V2Scraper - INFO - Total extracted: 6 places
2026-07-25 13:26:38,485 - V2Scraper - INFO -   No new points or corrections needed
2026-07-25 13:26:38,485 - V2Scraper - INFO -   No updates needed
2026-07-25 13:26:39,486 - V2Scraper - INFO - 
[128/292] The Dangers In My Heart 2 (TCBZtniKN2tuT2Mr6sFW)
2026-07-25 13:26:39,486 - V2Scraper - INFO -   Already exists (ID 6319), checking for updates...
2026-07-25 13:26:39,487 - V2Scraper - INFO -   Existing points: 42
2026-07-25 13:26:40,721 - V2Scraper - INFO -   RSC: 64 places (42 total unique)
2026-07-25 13:26:40,938 - V2Scraper - INFO - Total extracted: 42 places
2026-07-25 13:26:40,938 - V2Scraper - INFO -   No new points or corrections needed
2026-07-25 13:26:40,939 - V2Scraper - INFO -   No updates needed
2026-07-25 13:26:41,940 - V2Scraper - INFO - 
[129/292] Gate (TSkvs59be6uQgnRQeRe9)
2026-07-25 13:26:41,940 - V2Scraper - INFO -   Already exists (ID 6320), checking for updates...
2026-07-25 13:26:41,941 - V2Scraper - INFO -   Existing points: 28
2026-07-25 13:26:43,517 - V2Scraper - INFO -   RSC: 52 places (28 total unique)
2026-07-25 13:26:43,735 - V2Scraper - INFO - Total extracted: 28 places
2026-07-25 13:26:43,735 - V2Scraper - INFO -   No new points or corrections needed
2026-07-25 13:26:43,735 - V2Scraper - INFO -   No updates needed
2026-07-25 13:26:44,736 - V2Scraper - INFO - 
[130/292] Style Of Hiroshi Nohara Lunch (TjkYh2MXRiFE4rlWLMtb)
2026-07-25 13:26:44,736 - V2Scraper - INFO -   Already exists (ID 6321), checking for updates...
2026-07-25 13:26:44,737 - V2Scraper - INFO -   Existing points: 8
2026-07-25 13:26:46,201 - V2Scraper - INFO -   RSC: 16 places (8 total unique)
2026-07-25 13:26:46,415 - V2Scraper - INFO - Total extracted: 8 places
2026-07-25 13:26:46,416 - V2Scraper - INFO -   No new points or corrections needed
2026-07-25 13:26:46,416 - V2Scraper - INFO -   No updates needed
2026-07-25 13:26:47,417 - V2Scraper - INFO - 
[131/292] Oomuro Ke Dear Friends (TokTljW8Xuc2zv5zjpL7)
2026-07-25 13:26:47,417 - V2Scraper - INFO -   Already exists (ID 6322), checking for updates...
2026-07-25 13:26:47,418 - V2Scraper - INFO -   Existing points: 29
2026-07-25 13:26:48,607 - V2Scraper - INFO -   RSC: 53 places (28 total unique)
2026-07-25 13:26:48,825 - V2Scraper - INFO - Total extracted: 28 places
2026-07-25 13:26:48,825 - V2Scraper - INFO -   No new points or corrections needed
2026-07-25 13:26:48,825 - V2Scraper - INFO -   No updates needed
2026-07-25 13:26:49,827 - V2Scraper - INFO - 
[132/292] Darling In The Franxx (U4M4jkiANLzkJ3fvBass)
2026-07-25 13:26:49,827 - V2Scraper - INFO -   Already exists (ID 6323), checking for updates...
2026-07-25 13:26:49,827 - V2Scraper - INFO -   Existing points: 5
2026-07-25 13:26:51,027 - V2Scraper - INFO -   RSC: 10 places (5 total unique)
2026-07-25 13:26:51,243 - V2Scraper - INFO - Total extracted: 5 places
2026-07-25 13:26:51,243 - V2Scraper - INFO -   No new points or corrections needed
2026-07-25 13:26:51,244 - V2Scraper - INFO -   No updates needed
2026-07-25 13:26:52,245 - V2Scraper - INFO - 
[133/292] Rascal Does Not Dream Of Santa Claus (UAxl5OxUl27L0betSu5L)
2026-07-25 13:26:52,245 - V2Scraper - INFO -   Already exists (ID 6324), checking for updates...
2026-07-25 13:26:52,246 - V2Scraper - INFO -   Existing points: 133
2026-07-25 13:26:53,518 - V2Scraper - INFO -   RSC: 157 places (132 total unique)
2026-07-25 13:26:53,733 - V2Scraper - INFO - Total extracted: 132 places
2026-07-25 13:26:53,734 - V2Scraper - INFO -   No new points or corrections needed
2026-07-25 13:26:53,734 - V2Scraper - INFO -   No updates needed
2026-07-25 13:26:54,736 - V2Scraper - INFO - 
[134/292] Digimon Adventure Last Evolution Kizuna (UFsJyag2lYH3H0hc2FOR)
2026-07-25 13:26:54,736 - V2Scraper - INFO -   Already exists (ID 6325), checking for updates...
2026-07-25 13:26:54,736 - V2Scraper - INFO -   Existing points: 23
2026-07-25 13:26:56,011 - V2Scraper - INFO -   RSC: 45 places (23 total unique)
2026-07-25 13:26:56,269 - V2Scraper - INFO - Total extracted: 23 places
2026-07-25 13:26:56,269 - V2Scraper - INFO -   No new points or corrections needed
2026-07-25 13:26:56,269 - V2Scraper - INFO -   No updates needed
2026-07-25 13:26:57,270 - V2Scraper - INFO - 
[135/292] Mirai (UVPVcuDouxDp80lD6iDf)
2026-07-25 13:26:57,271 - V2Scraper - INFO -   Already exists (ID 6326), checking for updates...
2026-07-25 13:26:57,271 - V2Scraper - INFO -   Existing points: 9
2026-07-25 13:26:58,510 - V2Scraper - INFO -   RSC: 18 places (9 total unique)
2026-07-25 13:26:58,735 - V2Scraper - INFO - Total extracted: 9 places
2026-07-25 13:26:58,735 - V2Scraper - INFO -   No new points or corrections needed
2026-07-25 13:26:58,735 - V2Scraper - INFO -   No updates needed
2026-07-25 13:26:59,737 - V2Scraper - INFO - 
[136/292] Negative Positive Angler (UXyZMhIozhcciP5RVeEq)
2026-07-25 13:26:59,737 - V2Scraper - INFO -   Already exists (ID 6327), checking for updates...
2026-07-25 13:26:59,738 - V2Scraper - INFO -   Existing points: 58
2026-07-25 13:27:00,968 - V2Scraper - INFO -   RSC: 81 places (57 total unique)
2026-07-25 13:27:01,178 - V2Scraper - INFO - Total extracted: 57 places
2026-07-25 13:27:01,178 - V2Scraper - INFO -   No new points or corrections needed
2026-07-25 13:27:01,178 - V2Scraper - INFO -   No updates needed
2026-07-25 13:27:02,179 - V2Scraper - INFO - 
[137/292] Barakamon (UcdcmZWDPCZiUdYZ6j7t)
2026-07-25 13:27:02,180 - V2Scraper - INFO -   Already exists (ID 6328), checking for updates...
2026-07-25 13:27:02,180 - V2Scraper - INFO -   Existing points: 20
2026-07-25 13:27:03,435 - V2Scraper - INFO -   RSC: 38 places (20 total unique)
2026-07-25 13:27:03,656 - V2Scraper - INFO - Total extracted: 20 places
2026-07-25 13:27:03,657 - V2Scraper - INFO -   No new points or corrections needed
2026-07-25 13:27:03,657 - V2Scraper - INFO -   No updates needed
2026-07-25 13:27:04,658 - V2Scraper - INFO - 
[138/292] Rascal Does Not Dream Of A Dreaming Girl (UnHZjOgLD7JW5aUXBdwc)
2026-07-25 13:27:04,658 - V2Scraper - INFO -   Already exists (ID 6329), checking for updates...
2026-07-25 13:27:04,659 - V2Scraper - INFO -   Existing points: 35
2026-07-25 13:27:05,898 - V2Scraper - INFO -   RSC: 57 places (34 total unique)
2026-07-25 13:27:06,112 - V2Scraper - INFO - Total extracted: 34 places
2026-07-25 13:27:06,112 - V2Scraper - INFO -   No new points or corrections needed
2026-07-25 13:27:06,112 - V2Scraper - INFO -   No updates needed
2026-07-25 13:27:07,113 - V2Scraper - INFO - 
[139/292] Sao Ordinal Scale (Ur5mrwrBPVePfw7X3LNc)
2026-07-25 13:27:07,114 - V2Scraper - INFO -   Already exists (ID 6330), checking for updates...
2026-07-25 13:27:07,114 - V2Scraper - INFO -   Existing points: 10
2026-07-25 13:27:08,343 - V2Scraper - INFO -   RSC: 20 places (10 total unique)
2026-07-25 13:27:08,566 - V2Scraper - INFO - Total extracted: 10 places
2026-07-25 13:27:08,567 - V2Scraper - INFO -   No new points or corrections needed
2026-07-25 13:27:08,567 - V2Scraper - INFO -   No updates needed
2026-07-25 13:27:09,568 - V2Scraper - INFO - 
[140/292] Jujutsu Kaisen 2 (UrP8DF1mot4eA2YfzSJk)
2026-07-25 13:27:09,568 - V2Scraper - INFO -   Already exists (ID 6331), checking for updates...
2026-07-25 13:27:09,569 - V2Scraper - INFO -   Existing points: 77
2026-07-25 13:27:10,872 - V2Scraper - INFO -   RSC: 101 places (76 total unique)
2026-07-25 13:27:11,087 - V2Scraper - INFO - Total extracted: 76 places
2026-07-25 13:27:11,087 - V2Scraper - INFO -   No new points or corrections needed
2026-07-25 13:27:11,088 - V2Scraper - INFO -   No updates needed
2026-07-25 13:27:12,089 - V2Scraper - INFO - 
[141/292] A Place Further Than The Universe (V8ZUeVmlHtP2Wh4scQ77)
2026-07-25 13:27:12,089 - V2Scraper - INFO -   Already exists (ID 6332), checking for updates...
2026-07-25 13:27:12,090 - V2Scraper - INFO -   Existing points: 37
2026-07-25 13:27:13,357 - V2Scraper - INFO -   RSC: 61 places (37 total unique)
2026-07-25 13:27:13,587 - V2Scraper - INFO - Total extracted: 37 places
2026-07-25 13:27:13,587 - V2Scraper - INFO -   No new points or corrections needed
2026-07-25 13:27:13,588 - V2Scraper - INFO -   No updates needed
2026-07-25 13:27:14,589 - V2Scraper - INFO - 
[142/292] Girls Panzer (VD31WwqZ3Ok7A1Fcr892)
2026-07-25 13:27:14,589 - V2Scraper - INFO -   Already exists (ID 6333), checking for updates...
2026-07-25 13:27:14,590 - V2Scraper - INFO -   Existing points: 22
2026-07-25 13:27:15,770 - V2Scraper - INFO -   RSC: 44 places (22 total unique)
2026-07-25 13:27:15,988 - V2Scraper - INFO - Total extracted: 22 places
2026-07-25 13:27:15,988 - V2Scraper - INFO -   No new points or corrections needed
2026-07-25 13:27:15,988 - V2Scraper - INFO -   No updates needed
2026-07-25 13:27:16,989 - V2Scraper - INFO - 
[143/292] My Dress Up Darling (VIQzdK6tzpH3rImWUzQ6)
2026-07-25 13:27:16,989 - V2Scraper - INFO -   Already exists (ID 6334), checking for updates...
2026-07-25 13:27:16,990 - V2Scraper - INFO -   Existing points: 35
2026-07-25 13:27:18,186 - V2Scraper - INFO -   RSC: 60 places (35 total unique)
2026-07-25 13:27:18,402 - V2Scraper - INFO - Total extracted: 35 places
2026-07-25 13:27:18,403 - V2Scraper - INFO -   No new points or corrections needed
2026-07-25 13:27:18,403 - V2Scraper - INFO -   No updates needed
2026-07-25 13:27:19,404 - V2Scraper - INFO - 
[144/292] Blend S (VVAuTlfMEMbesT8lj0Me)
2026-07-25 13:27:19,404 - V2Scraper - INFO -   Already exists (ID 6335), checking for updates...
2026-07-25 13:27:19,405 - V2Scraper - INFO -   Existing points: 9
2026-07-25 13:27:20,653 - V2Scraper - INFO -   RSC: 18 places (9 total unique)
2026-07-25 13:27:20,866 - V2Scraper - INFO - Total extracted: 9 places
2026-07-25 13:27:20,866 - V2Scraper - INFO -   No new points or corrections needed
2026-07-25 13:27:20,866 - V2Scraper - INFO -   No updates needed
2026-07-25 13:27:21,868 - V2Scraper - INFO - 
[145/292] Steins Gate (VYoUbJBIkUiLX3HPYQGl)
2026-07-25 13:27:21,868 - V2Scraper - INFO -   Already exists (ID 6336), checking for updates...
2026-07-25 13:27:21,869 - V2Scraper - INFO -   Existing points: 65
2026-07-25 13:27:23,350 - V2Scraper - INFO -   RSC: 90 places (65 total unique)
2026-07-25 13:27:23,577 - V2Scraper - INFO - Total extracted: 65 places
2026-07-25 13:27:23,577 - V2Scraper - INFO -   No new points or corrections needed
2026-07-25 13:27:23,577 - V2Scraper - INFO -   No updates needed
2026-07-25 13:27:24,579 - V2Scraper - INFO - 
[146/292] Teasing Master Takagi San 2 (VhH877Oq00jh2nXka21n)
2026-07-25 13:27:24,579 - V2Scraper - INFO -   Already exists (ID 6337), checking for updates...
2026-07-25 13:27:24,579 - V2Scraper - INFO -   Existing points: 13
2026-07-25 13:27:25,870 - V2Scraper - INFO -   RSC: 26 places (13 total unique)
2026-07-25 13:27:26,084 - V2Scraper - INFO - Total extracted: 13 places
2026-07-25 13:27:26,085 - V2Scraper - INFO -   No new points or corrections needed
2026-07-25 13:27:26,085 - V2Scraper - INFO -   No updates needed
2026-07-25 13:27:27,086 - V2Scraper - INFO - 
[147/292] Bang Dream Its Mygo (VkynuahKEcbI6q0ygptX)
2026-07-25 13:27:27,086 - V2Scraper - INFO -   Already exists (ID 6338), checking for updates...
2026-07-25 13:27:27,087 - V2Scraper - INFO -   Existing points: 35
2026-07-25 13:27:28,406 - V2Scraper - INFO -   RSC: 60 places (35 total unique)
2026-07-25 13:27:28,632 - V2Scraper - INFO - Total extracted: 35 places
2026-07-25 13:27:28,632 - V2Scraper - INFO -   No new points or corrections needed
2026-07-25 13:27:28,632 - V2Scraper - INFO -   No updates needed
2026-07-25 13:27:29,633 - V2Scraper - INFO - 
[148/292] Touring After The Apocalypse (VwCzosaRb9Xdvs1m8bls)
2026-07-25 13:27:29,634 - V2Scraper - INFO -   Already exists (ID 6339), checking for updates...
2026-07-25 13:27:29,635 - V2Scraper - INFO -   Existing points: 109
2026-07-25 13:27:30,986 - V2Scraper - INFO -   RSC: 131 places (107 total unique)
2026-07-25 13:27:31,212 - V2Scraper - INFO - Total extracted: 107 places
2026-07-25 13:27:31,213 - V2Scraper - INFO -   No new points or corrections needed
2026-07-25 13:27:31,213 - V2Scraper - INFO -   No updates needed
2026-07-25 13:27:32,214 - V2Scraper - INFO - 
[149/292] The Tunnel To Summer The Exit Of Goodbyes (VwGMVFBArqmvYx8g1JQe)
2026-07-25 13:27:32,214 - V2Scraper - INFO -   Already exists (ID 6340), checking for updates...
2026-07-25 13:27:32,215 - V2Scraper - INFO -   Existing points: 11
2026-07-25 13:27:33,497 - V2Scraper - INFO -   RSC: 20 places (10 total unique)
2026-07-25 13:27:33,718 - V2Scraper - INFO - Total extracted: 10 places
2026-07-25 13:27:33,718 - V2Scraper - INFO -   No new points or corrections needed
2026-07-25 13:27:33,719 - V2Scraper - INFO -   No updates needed
2026-07-25 13:27:34,720 - V2Scraper - INFO - 
[150/292] Pseudo Harem (W6Ty1y47SrpzJsnFIiRq)
2026-07-25 13:27:34,720 - V2Scraper - INFO -   Already exists (ID 6341), checking for updates...
2026-07-25 13:27:34,720 - V2Scraper - INFO -   Existing points: 19
2026-07-25 13:27:35,958 - V2Scraper - INFO -   RSC: 37 places (19 total unique)
2026-07-25 13:27:36,181 - V2Scraper - INFO - Total extracted: 19 places
2026-07-25 13:27:36,182 - V2Scraper - INFO -   No new points or corrections needed
2026-07-25 13:27:36,182 - V2Scraper - INFO -   No updates needed
2026-07-25 13:27:37,183 - V2Scraper - INFO - 
[151/292] Tokyo Revengers 3 (WoY91eDNSvhHts6QSPg1)
2026-07-25 13:27:37,183 - V2Scraper - INFO -   Already exists (ID 6342), checking for updates...
2026-07-25 13:27:37,184 - V2Scraper - INFO -   Existing points: 23
2026-07-25 13:27:38,409 - V2Scraper - INFO -   RSC: 44 places (23 total unique)
2026-07-25 13:27:38,622 - V2Scraper - INFO - Total extracted: 23 places
2026-07-25 13:27:38,622 - V2Scraper - INFO -   No new points or corrections needed
2026-07-25 13:27:38,623 - V2Scraper - INFO -   No updates needed
2026-07-25 13:27:39,624 - V2Scraper - INFO - 
[152/292] Jellyfish Cant Swim In The Night (X2oUXyn7fGvGuS50lQCn)
2026-07-25 13:27:39,624 - V2Scraper - INFO -   Already exists (ID 6343), checking for updates...
2026-07-25 13:27:39,625 - V2Scraper - INFO -   Existing points: 28
2026-07-25 13:27:40,858 - V2Scraper - INFO -   RSC: 53 places (28 total unique)
2026-07-25 13:27:41,073 - V2Scraper - INFO - Total extracted: 28 places
2026-07-25 13:27:41,074 - V2Scraper - INFO -   No new points or corrections needed
2026-07-25 13:27:41,074 - V2Scraper - INFO -   No updates needed
2026-07-25 13:27:42,075 - V2Scraper - INFO - 
[153/292] Amagi Brilliant Park (X7iF240giFDBUnldbUVY)
2026-07-25 13:27:42,075 - V2Scraper - INFO -   Already exists (ID 6344), checking for updates...
2026-07-25 13:27:42,076 - V2Scraper - INFO -   Existing points: 10
2026-07-25 13:27:43,328 - V2Scraper - INFO -   RSC: 19 places (10 total unique)
2026-07-25 13:27:43,549 - V2Scraper - INFO - Total extracted: 10 places
2026-07-25 13:27:43,549 - V2Scraper - INFO -   No new points or corrections needed
2026-07-25 13:27:43,549 - V2Scraper - INFO -   No updates needed
2026-07-25 13:27:44,550 - V2Scraper - INFO - 
[154/292] Chainsaw Man (XVRPGfPRg2w1rhg6LbJq)
2026-07-25 13:27:44,550 - V2Scraper - INFO -   Already exists (ID 6345), checking for updates...
2026-07-25 13:27:44,551 - V2Scraper - INFO -   Existing points: 4
2026-07-25 13:27:45,796 - V2Scraper - INFO -   RSC: 8 places (4 total unique)
2026-07-25 13:27:46,002 - V2Scraper - INFO - Total extracted: 4 places
2026-07-25 13:27:46,003 - V2Scraper - INFO -   No new points or corrections needed
2026-07-25 13:27:46,003 - V2Scraper - INFO -   No updates needed
2026-07-25 13:27:47,004 - V2Scraper - INFO - 
[155/292] Maebashi Witches (XWNFKfeivPqVqZv9aN0M)
2026-07-25 13:27:47,004 - V2Scraper - INFO -   Already exists (ID 6346), checking for updates...
2026-07-25 13:27:47,005 - V2Scraper - INFO -   Existing points: 61
2026-07-25 13:27:48,359 - V2Scraper - INFO -   RSC: 83 places (60 total unique)
2026-07-25 13:27:48,577 - V2Scraper - INFO - Total extracted: 60 places
2026-07-25 13:27:48,577 - V2Scraper - INFO -   No new points or corrections needed
2026-07-25 13:27:48,578 - V2Scraper - INFO -   No updates needed
2026-07-25 13:27:49,579 - V2Scraper - INFO - 
[156/292] Kaguya Sama The First Kiss That Never Ends (XdDmRhPxTsVDwlmnjOqZ)
2026-07-25 13:27:49,579 - V2Scraper - INFO -   Already exists (ID 6347), checking for updates...
2026-07-25 13:27:49,580 - V2Scraper - INFO -   Existing points: 7
2026-07-25 13:27:50,932 - V2Scraper - INFO -   RSC: 14 places (7 total unique)
2026-07-25 13:27:51,137 - V2Scraper - INFO - Total extracted: 7 places
2026-07-25 13:27:51,138 - V2Scraper - INFO -   No new points or corrections needed
2026-07-25 13:27:51,138 - V2Scraper - INFO -   No updates needed
2026-07-25 13:27:52,139 - V2Scraper - INFO - 
[157/292] Chihayafuru (XdJHcqKxg3G3TekN1V8K)
2026-07-25 13:27:52,139 - V2Scraper - INFO -   Already exists (ID 6348), checking for updates...
2026-07-25 13:27:52,140 - V2Scraper - INFO -   Existing points: 25
2026-07-25 13:27:53,423 - V2Scraper - INFO -   RSC: 49 places (25 total unique)
2026-07-25 13:27:53,633 - V2Scraper - INFO - Total extracted: 25 places
2026-07-25 13:27:53,633 - V2Scraper - INFO -   No new points or corrections needed
2026-07-25 13:27:53,633 - V2Scraper - INFO -   No updates needed
2026-07-25 13:27:54,635 - V2Scraper - INFO - 
[158/292] Rent A Girlfriend 2 (YBki2zmwelxlOa6u2Y2w)
2026-07-25 13:27:54,635 - V2Scraper - INFO -   Already exists (ID 6349), checking for updates...
2026-07-25 13:27:54,636 - V2Scraper - INFO -   Existing points: 30
2026-07-25 13:27:55,853 - V2Scraper - INFO -   RSC: 55 places (30 total unique)
2026-07-25 13:27:56,071 - V2Scraper - INFO - Total extracted: 30 places
2026-07-25 13:27:56,071 - V2Scraper - INFO -   No new points or corrections needed
2026-07-25 13:27:56,071 - V2Scraper - INFO -   No updates needed
2026-07-25 13:27:57,073 - V2Scraper - INFO - 
[159/292] Bungo Stray Dogs (YCv9qvKperWlZqGCGO9G)
2026-07-25 13:27:57,073 - V2Scraper - INFO -   Already exists (ID 6350), checking for updates...
2026-07-25 13:27:57,073 - V2Scraper - INFO -   Existing points: 26
2026-07-25 13:27:58,254 - V2Scraper - INFO -   RSC: 50 places (25 total unique)
2026-07-25 13:27:58,483 - V2Scraper - INFO - Total extracted: 25 places
2026-07-25 13:27:58,484 - V2Scraper - INFO -   No new points or corrections needed
2026-07-25 13:27:58,484 - V2Scraper - INFO -   No updates needed
2026-07-25 13:27:59,485 - V2Scraper - INFO - 
[160/292] Oshi No Ko (YKzUE2kxQL1P1ur9nflL)
2026-07-25 13:27:59,485 - V2Scraper - INFO -   Already exists (ID 6351), checking for updates...
2026-07-25 13:27:59,486 - V2Scraper - INFO -   Existing points: 28
2026-07-25 13:28:00,931 - V2Scraper - INFO -   RSC: 53 places (28 total unique)
2026-07-25 13:28:01,147 - V2Scraper - INFO - Total extracted: 28 places
2026-07-25 13:28:01,147 - V2Scraper - INFO -   No new points or corrections needed
2026-07-25 13:28:01,148 - V2Scraper - INFO -   No updates needed
2026-07-25 13:28:02,149 - V2Scraper - INFO - 
[161/292] Ruri Rocks (YLZiKMcAArdDWFoFtsY4)
2026-07-25 13:28:02,149 - V2Scraper - INFO -   Already exists (ID 6352), checking for updates...
2026-07-25 13:28:02,150 - V2Scraper - INFO -   Existing points: 9
2026-07-25 13:28:03,685 - V2Scraper - INFO -   RSC: 18 places (9 total unique)
2026-07-25 13:28:03,899 - V2Scraper - INFO - Total extracted: 9 places
2026-07-25 13:28:03,899 - V2Scraper - INFO -   No new points or corrections needed
2026-07-25 13:28:03,899 - V2Scraper - INFO -   No updates needed
2026-07-25 13:28:04,901 - V2Scraper - INFO - 
[162/292] You And I Are Polar Opposites (YXVReUNqOt4ymGmp6Ymh)
2026-07-25 13:28:04,901 - V2Scraper - INFO -   Already exists (ID 6353), checking for updates...
2026-07-25 13:28:04,902 - V2Scraper - INFO -   Existing points: 44
2026-07-25 13:28:06,132 - V2Scraper - INFO -   RSC: 66 places (43 total unique)
2026-07-25 13:28:06,352 - V2Scraper - INFO - Total extracted: 43 places
2026-07-25 13:28:06,352 - V2Scraper - INFO -   No new points or corrections needed
2026-07-25 13:28:06,352 - V2Scraper - INFO -   No updates needed
2026-07-25 13:28:07,354 - V2Scraper - INFO - 
[163/292] Free (YfZUuOQaiVpbuWXQXNt3)
2026-07-25 13:28:07,354 - V2Scraper - INFO -   Already exists (ID 6354), checking for updates...
2026-07-25 13:28:07,354 - V2Scraper - INFO -   Existing points: 29
2026-07-25 13:28:08,643 - V2Scraper - INFO -   RSC: 53 places (29 total unique)
2026-07-25 13:28:08,857 - V2Scraper - INFO - Total extracted: 29 places
2026-07-25 13:28:08,858 - V2Scraper - INFO -   No new points or corrections needed
2026-07-25 13:28:08,858 - V2Scraper - INFO -   No updates needed
2026-07-25 13:28:09,859 - V2Scraper - INFO - 
[164/292] The Ramparts Of Ice (YxP1yJDVqlWieMLbNmlQ)
2026-07-25 13:28:09,859 - V2Scraper - INFO -   Already exists (ID 6916), checking for updates...
2026-07-25 13:28:09,860 - V2Scraper - INFO -   Existing points: 8
2026-07-25 13:28:11,032 - V2Scraper - INFO -   RSC: 22 places (8 total unique)
2026-07-25 13:28:11,242 - V2Scraper - INFO -   Posts API: 8 user-uploaded places
2026-07-25 13:28:11,242 - V2Scraper - INFO -   API: 8 user-uploaded places (8 total unique)
2026-07-25 13:28:11,242 - V2Scraper - INFO - Total extracted: 8 places
2026-07-25 13:28:11,242 - V2Scraper - INFO -   No new points or corrections needed
2026-07-25 13:28:11,242 - V2Scraper - INFO -   No updates needed
2026-07-25 13:28:12,244 - V2Scraper - INFO - 
[165/292] Steins Gate Movie (ZH0zqKiaPk9CiGpashc9)
2026-07-25 13:28:12,244 - V2Scraper - INFO -   Already exists (ID 6355), checking for updates...
2026-07-25 13:28:12,244 - V2Scraper - INFO -   Existing points: 25
2026-07-25 13:28:13,617 - V2Scraper - INFO -   RSC: 49 places (25 total unique)
2026-07-25 13:28:13,839 - V2Scraper - INFO - Total extracted: 25 places
2026-07-25 13:28:13,839 - V2Scraper - INFO -   No new points or corrections needed
2026-07-25 13:28:13,839 - V2Scraper - INFO -   No updates needed
2026-07-25 13:28:14,841 - V2Scraper - INFO - 
[166/292] Digimon Adventure (ZUDKPLIyHJa5yQs8fBcs)
2026-07-25 13:28:14,841 - V2Scraper - INFO -   Already exists (ID 6356), checking for updates...
2026-07-25 13:28:14,842 - V2Scraper - INFO -   Existing points: 28
2026-07-25 13:28:16,072 - V2Scraper - INFO -   RSC: 52 places (27 total unique)
2026-07-25 13:28:16,293 - V2Scraper - INFO - Total extracted: 27 places
2026-07-25 13:28:16,293 - V2Scraper - INFO -   No new points or corrections needed
2026-07-25 13:28:16,293 - V2Scraper - INFO -   No updates needed
2026-07-25 13:28:17,295 - V2Scraper - INFO - 
[167/292] Zom 100 (ZqtTUmgvqV5KPwgxSndw)
2026-07-25 13:28:17,295 - V2Scraper - INFO -   Already exists (ID 6357), checking for updates...
2026-07-25 13:28:17,296 - V2Scraper - INFO -   Existing points: 21
2026-07-25 13:28:18,540 - V2Scraper - INFO -   RSC: 42 places (21 total unique)
2026-07-25 13:28:18,751 - V2Scraper - INFO -   Posts API: 1 user-uploaded places
2026-07-25 13:28:18,752 - V2Scraper - INFO -   API: 1 user-uploaded places (21 total unique)
2026-07-25 13:28:18,752 - V2Scraper - INFO - Total extracted: 21 places
2026-07-25 13:28:18,752 - V2Scraper - INFO -   No new points or corrections needed
2026-07-25 13:28:18,752 - V2Scraper - INFO -   No updates needed
2026-07-25 13:28:19,753 - V2Scraper - INFO - 
[168/292] Josee The Tiger And The Fish (aDbXS20p1mWrKQDEVsGp)
2026-07-25 13:28:19,753 - V2Scraper - INFO -   Already exists (ID 6358), checking for updates...
2026-07-25 13:28:19,754 - V2Scraper - INFO -   Existing points: 50
2026-07-25 13:28:20,970 - V2Scraper - INFO -   RSC: 75 places (50 total unique)
2026-07-25 13:28:21,178 - V2Scraper - INFO - Total extracted: 50 places
2026-07-25 13:28:21,179 - V2Scraper - INFO -   No new points or corrections needed
2026-07-25 13:28:21,179 - V2Scraper - INFO -   No updates needed
2026-07-25 13:28:22,180 - V2Scraper - INFO - 
[169/292] Yuki Yuna Is A Hero (aP1aVTrFoL1IrIBr5mPu)
2026-07-25 13:28:22,181 - V2Scraper - INFO -   Already exists (ID 6359), checking for updates...
2026-07-25 13:28:22,181 - V2Scraper - INFO -   Existing points: 30
2026-07-25 13:28:23,444 - V2Scraper - INFO -   RSC: 55 places (30 total unique)
2026-07-25 13:28:23,655 - V2Scraper - INFO - Total extracted: 30 places
2026-07-25 13:28:23,655 - V2Scraper - INFO -   No new points or corrections needed
2026-07-25 13:28:23,656 - V2Scraper - INFO -   No updates needed
2026-07-25 13:28:24,657 - V2Scraper - INFO - 
[170/292] Fruits Basket 1 (an4vmYqXjc70Pt2uzo7B)
2026-07-25 13:28:24,657 - V2Scraper - INFO -   Already exists (ID 6360), checking for updates...
2026-07-25 13:28:24,658 - V2Scraper - INFO -   Existing points: 35
2026-07-25 13:28:25,954 - V2Scraper - INFO -   RSC: 58 places (33 total unique)
2026-07-25 13:28:26,175 - V2Scraper - INFO - Total extracted: 33 places
2026-07-25 13:28:26,176 - V2Scraper - INFO -   No new points or corrections needed
2026-07-25 13:28:26,176 - V2Scraper - INFO -   No updates needed
2026-07-25 13:28:27,177 - V2Scraper - INFO - 
[171/292] Tougen Anki (asOr7rG7F3lvkRfna2Ll)
2026-07-25 13:28:27,177 - V2Scraper - INFO -   Already exists (ID 6361), checking for updates...
2026-07-25 13:28:27,178 - V2Scraper - INFO -   Existing points: 18
2026-07-25 13:28:28,391 - V2Scraper - INFO -   RSC: 36 places (18 total unique)
2026-07-25 13:28:28,606 - V2Scraper - INFO - Total extracted: 18 places
2026-07-25 13:28:28,606 - V2Scraper - INFO -   No new points or corrections needed
2026-07-25 13:28:28,606 - V2Scraper - INFO -   No updates needed
2026-07-25 13:28:29,607 - V2Scraper - INFO - 
[172/292] Sound Euphonium 2 (az2BetKCI9giur5x30E0)
2026-07-25 13:28:29,607 - V2Scraper - INFO -   Already exists (ID 6362), checking for updates...
2026-07-25 13:28:29,608 - V2Scraper - INFO -   Existing points: 33
2026-07-25 13:28:31,119 - V2Scraper - INFO -   RSC: 56 places (33 total unique)
2026-07-25 13:28:31,387 - V2Scraper - INFO - Total extracted: 33 places
2026-07-25 13:28:31,388 - V2Scraper - INFO -   No new points or corrections needed
2026-07-25 13:28:31,388 - V2Scraper - INFO -   No updates needed
2026-07-25 13:28:32,389 - V2Scraper - INFO - 
[173/292] Those Snow White Notes (bF9RdGQEUVWNJs47GnWL)
2026-07-25 13:28:32,389 - V2Scraper - INFO -   Already exists (ID 6363), checking for updates...
2026-07-25 13:28:32,390 - V2Scraper - INFO -   Existing points: 5
2026-07-25 13:28:33,565 - V2Scraper - INFO -   RSC: 10 places (5 total unique)
2026-07-25 13:28:33,814 - V2Scraper - INFO - Total extracted: 5 places
2026-07-25 13:28:33,814 - V2Scraper - INFO -   No new points or corrections needed
2026-07-25 13:28:33,814 - V2Scraper - INFO -   No updates needed
2026-07-25 13:28:34,815 - V2Scraper - INFO - 
[174/292] Uzaki Chan Wants To Hang Out (bFRLibDIg7vZl0RKsplj)
2026-07-25 13:28:34,815 - V2Scraper - INFO -   Already exists (ID 6364), checking for updates...
2026-07-25 13:28:34,816 - V2Scraper - INFO -   Existing points: 8
2026-07-25 13:28:35,981 - V2Scraper - INFO -   RSC: 16 places (8 total unique)
2026-07-25 13:28:36,189 - V2Scraper - INFO - Total extracted: 8 places
2026-07-25 13:28:36,189 - V2Scraper - INFO -   No new points or corrections needed
2026-07-25 13:28:36,189 - V2Scraper - INFO -   No updates needed
2026-07-25 13:28:37,191 - V2Scraper - INFO - 
[175/292] Love Chunibyo Other Delusions 2 (bYiMGbhWsrGctQyqWXdr)
2026-07-25 13:28:37,191 - V2Scraper - INFO -   Already exists (ID 6365), checking for updates...
2026-07-25 13:28:37,192 - V2Scraper - INFO -   Existing points: 66
2026-07-25 13:28:38,436 - V2Scraper - INFO -   RSC: 89 places (65 total unique)
2026-07-25 13:28:38,663 - V2Scraper - INFO - Total extracted: 65 places
2026-07-25 13:28:38,663 - V2Scraper - INFO -   No new points or corrections needed
2026-07-25 13:28:38,664 - V2Scraper - INFO -   No updates needed
2026-07-25 13:28:39,664 - V2Scraper - INFO - 
[176/292] Initial D Legend 3 (bfmIPuWLk9usCZzBUOgC)
2026-07-25 13:28:39,664 - V2Scraper - INFO -   Already exists (ID 6366), checking for updates...
2026-07-25 13:28:39,665 - V2Scraper - INFO -   Existing points: 32
2026-07-25 13:28:40,898 - V2Scraper - INFO -   RSC: 57 places (32 total unique)
2026-07-25 13:28:41,116 - V2Scraper - INFO - Total extracted: 32 places
2026-07-25 13:28:41,116 - V2Scraper - INFO -   No new points or corrections needed
2026-07-25 13:28:41,116 - V2Scraper - INFO -   No updates needed
2026-07-25 13:28:42,118 - V2Scraper - INFO - 
[177/292] Love Live 2 (bqcf5pBXd5nYTZrUrMN8)
2026-07-25 13:28:42,118 - V2Scraper - INFO -   Already exists (ID 6367), checking for updates...
2026-07-25 13:28:42,118 - V2Scraper - INFO -   Existing points: 32
2026-07-25 13:28:43,327 - V2Scraper - INFO -   RSC: 56 places (32 total unique)
2026-07-25 13:28:43,539 - V2Scraper - INFO - Total extracted: 32 places
2026-07-25 13:28:43,539 - V2Scraper - INFO -   No new points or corrections needed
2026-07-25 13:28:43,540 - V2Scraper - INFO -   No updates needed
2026-07-25 13:28:44,541 - V2Scraper - INFO - 
[178/292] Oomuro Ke Dear Sisters (cOpLn7qXUh2P78M0fIhs)
2026-07-25 13:28:44,541 - V2Scraper - INFO -   Already exists (ID 6368), checking for updates...
2026-07-25 13:28:44,542 - V2Scraper - INFO -   Existing points: 30
2026-07-25 13:28:45,745 - V2Scraper - INFO -   RSC: 54 places (30 total unique)
2026-07-25 13:28:45,962 - V2Scraper - INFO - Total extracted: 30 places
2026-07-25 13:28:45,962 - V2Scraper - INFO -   No new points or corrections needed
2026-07-25 13:28:45,963 - V2Scraper - INFO -   No updates needed
2026-07-25 13:28:46,964 - V2Scraper - INFO - 
[179/292] Rascal Does Not Dream Of A Sister Venturing Out (dJ4Fiyk6ExLMmNqCnuIL)
2026-07-25 13:28:46,964 - V2Scraper - INFO -   Already exists (ID 6369), checking for updates...
2026-07-25 13:28:46,965 - V2Scraper - INFO -   Existing points: 18
2026-07-25 13:28:48,223 - V2Scraper - INFO -   RSC: 36 places (18 total unique)
2026-07-25 13:28:48,430 - V2Scraper - INFO - Total extracted: 18 places
2026-07-25 13:28:48,430 - V2Scraper - INFO -   No new points or corrections needed
2026-07-25 13:28:48,430 - V2Scraper - INFO -   No updates needed
2026-07-25 13:28:49,431 - V2Scraper - INFO - 
[180/292] Elfen Lied (dVXVd9lm3POCaTrhbN8e)
2026-07-25 13:28:49,432 - V2Scraper - INFO -   Already exists (ID 6370), checking for updates...
2026-07-25 13:28:49,432 - V2Scraper - INFO -   Existing points: 24
2026-07-25 13:28:50,640 - V2Scraper - INFO -   RSC: 47 places (24 total unique)
2026-07-25 13:28:50,850 - V2Scraper - INFO - Total extracted: 24 places
2026-07-25 13:28:50,850 - V2Scraper - INFO -   No new points or corrections needed
2026-07-25 13:28:50,850 - V2Scraper - INFO -   No updates needed
2026-07-25 13:28:51,851 - V2Scraper - INFO - 
[181/292] Her Blue Sky (dfteHvtxljaQQWkj7Kdy)
2026-07-25 13:28:51,852 - V2Scraper - INFO -   Already exists (ID 6371), checking for updates...
2026-07-25 13:28:51,852 - V2Scraper - INFO -   Existing points: 18
2026-07-25 13:28:53,110 - V2Scraper - INFO -   RSC: 36 places (18 total unique)
2026-07-25 13:28:53,330 - V2Scraper - INFO - Total extracted: 18 places
2026-07-25 13:28:53,331 - V2Scraper - INFO -   No new points or corrections needed
2026-07-25 13:28:53,331 - V2Scraper - INFO -   No updates needed
2026-07-25 13:28:54,332 - V2Scraper - INFO - 
[182/292] Your Name (dmrJFiEnWhEOYhhISwFi)
2026-07-25 13:28:54,332 - V2Scraper - INFO -   Already exists (ID 6372), checking for updates...
2026-07-25 13:28:54,333 - V2Scraper - INFO -   Existing points: 44
2026-07-25 13:28:55,771 - V2Scraper - INFO -   RSC: 67 places (44 total unique)
2026-07-25 13:28:55,991 - V2Scraper - INFO -   Posts API: 1 user-uploaded places
2026-07-25 13:28:55,991 - V2Scraper - INFO -   API: 1 user-uploaded places (44 total unique)
2026-07-25 13:28:55,991 - V2Scraper - INFO - Total extracted: 44 places
2026-07-25 13:28:55,992 - V2Scraper - INFO -   No new points or corrections needed
2026-07-25 13:28:55,992 - V2Scraper - INFO -   No updates needed
2026-07-25 13:28:56,993 - V2Scraper - INFO - 
[183/292] Yaiba (e2eUeiRSW5QyEbEOq8k6)
2026-07-25 13:28:56,993 - V2Scraper - INFO -   Already exists (ID 6373), checking for updates...
2026-07-25 13:28:56,994 - V2Scraper - INFO -   Existing points: 51
2026-07-25 13:28:58,305 - V2Scraper - INFO -   RSC: 76 places (51 total unique)
2026-07-25 13:28:58,527 - V2Scraper - INFO - Total extracted: 51 places
2026-07-25 13:28:58,527 - V2Scraper - INFO -   No new points or corrections needed
2026-07-25 13:28:58,527 - V2Scraper - INFO -   No updates needed
2026-07-25 13:28:59,529 - V2Scraper - INFO - 
[184/292] Needy Girl Overdose (e6Jvn7LM2stwCIRdcYoo)
2026-07-25 13:28:59,529 - V2Scraper - INFO -   Already exists (ID 6374), checking for updates...
2026-07-25 13:28:59,529 - V2Scraper - INFO -   Existing points: 6
2026-07-25 13:29:00,790 - V2Scraper - INFO -   RSC: 12 places (6 total unique)
2026-07-25 13:29:01,009 - V2Scraper - INFO - Total extracted: 6 places
2026-07-25 13:29:01,009 - V2Scraper - INFO -   No new points or corrections needed
2026-07-25 13:29:01,009 - V2Scraper - INFO -   No updates needed
2026-07-25 13:29:02,010 - V2Scraper - INFO - 
[185/292] A Whisker Away (eATSGEuD8XRUlDLY55lV)
2026-07-25 13:29:02,010 - V2Scraper - INFO -   Already exists (ID 6375), checking for updates...
2026-07-25 13:29:02,011 - V2Scraper - INFO -   Existing points: 33
2026-07-25 13:29:03,335 - V2Scraper - INFO -   RSC: 58 places (33 total unique)
2026-07-25 13:29:03,548 - V2Scraper - INFO - Total extracted: 33 places
2026-07-25 13:29:03,549 - V2Scraper - INFO -   No new points or corrections needed
2026-07-25 13:29:03,549 - V2Scraper - INFO -   No updates needed
2026-07-25 13:29:04,550 - V2Scraper - INFO - 
[186/292] Bottom Tier Character Tomozaki (eHyev9i9uF8t1YZFk8B7)
2026-07-25 13:29:04,550 - V2Scraper - INFO -   Already exists (ID 6376), checking for updates...
2026-07-25 13:29:04,551 - V2Scraper - INFO -   Existing points: 58
2026-07-25 13:29:05,796 - V2Scraper - INFO -   RSC: 83 places (58 total unique)
2026-07-25 13:29:06,066 - V2Scraper - INFO - Total extracted: 58 places
2026-07-25 13:29:06,067 - V2Scraper - INFO -   No new points or corrections needed
2026-07-25 13:29:06,067 - V2Scraper - INFO -   No updates needed
2026-07-25 13:29:07,068 - V2Scraper - INFO - 
[187/292] Persona 3 (eOFDk1EdVZaxVlVPQHWZ)
2026-07-25 13:29:07,069 - V2Scraper - INFO -   Already exists (ID 6377), checking for updates...
2026-07-25 13:29:07,069 - V2Scraper - INFO -   Existing points: 9
2026-07-25 13:29:08,516 - V2Scraper - INFO -   RSC: 18 places (9 total unique)
2026-07-25 13:29:08,731 - V2Scraper - INFO - Total extracted: 9 places
2026-07-25 13:29:08,731 - V2Scraper - INFO -   No new points or corrections needed
2026-07-25 13:29:08,732 - V2Scraper - INFO -   No updates needed
2026-07-25 13:29:09,733 - V2Scraper - INFO - 
[188/292] Witch Watch (eTYFt3lapy3A9mc0TLED)
2026-07-25 13:29:09,733 - V2Scraper - INFO -   Already exists (ID 6378), checking for updates...
2026-07-25 13:29:09,734 - V2Scraper - INFO -   Existing points: 24
2026-07-25 13:29:11,013 - V2Scraper - INFO -   RSC: 48 places (24 total unique)
2026-07-25 13:29:11,226 - V2Scraper - INFO - Total extracted: 24 places
2026-07-25 13:29:11,226 - V2Scraper - INFO -   No new points or corrections needed
2026-07-25 13:29:11,226 - V2Scraper - INFO -   No updates needed
2026-07-25 13:29:12,227 - V2Scraper - INFO - 
[189/292] Wolf Children (eYYabtope1MjwWUbzTSm)
2026-07-25 13:29:12,227 - V2Scraper - INFO -   Already exists (ID 6379), checking for updates...
2026-07-25 13:29:12,228 - V2Scraper - INFO -   Existing points: 19
2026-07-25 13:29:13,438 - V2Scraper - INFO -   RSC: 37 places (19 total unique)
2026-07-25 13:29:13,682 - V2Scraper - INFO - Total extracted: 19 places
2026-07-25 13:29:13,683 - V2Scraper - INFO -   No new points or corrections needed
2026-07-25 13:29:13,683 - V2Scraper - INFO -   No updates needed
2026-07-25 13:29:14,684 - V2Scraper - INFO - 
[190/292] Ocean Waves (elMjTgqvqmXjY2mYsP97)
2026-07-25 13:29:14,684 - V2Scraper - INFO -   Already exists (ID 6380), checking for updates...
2026-07-25 13:29:14,685 - V2Scraper - INFO -   Existing points: 19
2026-07-25 13:29:15,886 - V2Scraper - INFO -   RSC: 38 places (19 total unique)
2026-07-25 13:29:16,101 - V2Scraper - INFO - Total extracted: 19 places
2026-07-25 13:29:16,101 - V2Scraper - INFO -   No new points or corrections needed
2026-07-25 13:29:16,101 - V2Scraper - INFO -   No updates needed
2026-07-25 13:29:17,103 - V2Scraper - INFO - 
[191/292] Tokyo Revengers 2 (f8AAZWCp5tY6ZpCmYqht)
2026-07-25 13:29:17,103 - V2Scraper - INFO -   Already exists (ID 6381), checking for updates...
2026-07-25 13:29:17,104 - V2Scraper - INFO -   Existing points: 28
2026-07-25 13:29:18,462 - V2Scraper - INFO -   RSC: 52 places (28 total unique)
2026-07-25 13:29:18,677 - V2Scraper - INFO - Total extracted: 28 places
2026-07-25 13:29:18,677 - V2Scraper - INFO -   No new points or corrections needed
2026-07-25 13:29:18,677 - V2Scraper - INFO -   No updates needed
2026-07-25 13:29:19,678 - V2Scraper - INFO - 
[192/292] Oblivion Battery (fLKThLDZdxneAY7q3XXq)
2026-07-25 13:29:19,679 - V2Scraper - INFO -   Already exists (ID 6382), checking for updates...
2026-07-25 13:29:19,679 - V2Scraper - INFO -   Existing points: 22
2026-07-25 13:29:20,868 - V2Scraper - INFO -   RSC: 43 places (22 total unique)
2026-07-25 13:29:21,086 - V2Scraper - INFO - Total extracted: 22 places
2026-07-25 13:29:21,087 - V2Scraper - INFO -   No new points or corrections needed
2026-07-25 13:29:21,087 - V2Scraper - INFO -   No updates needed
2026-07-25 13:29:22,087 - V2Scraper - INFO - 
[193/292] Saga Of Tanya The Evil (fNMHHPGHtnQ928juROn7)
2026-07-25 13:29:22,087 - V2Scraper - INFO -   Already exists (ID 6920), checking for updates...
2026-07-25 13:29:22,088 - V2Scraper - INFO -   Existing points: 3
2026-07-25 13:29:23,328 - V2Scraper - INFO -   RSC: 8 places (3 total unique)
2026-07-25 13:29:23,540 - V2Scraper - INFO -   Posts API: 3 user-uploaded places
2026-07-25 13:29:23,540 - V2Scraper - INFO -   API: 3 user-uploaded places (3 total unique)
2026-07-25 13:29:23,540 - V2Scraper - INFO - Total extracted: 3 places
2026-07-25 13:29:23,541 - V2Scraper - INFO -   No new points or corrections needed
2026-07-25 13:29:23,541 - V2Scraper - INFO -   No updates needed
2026-07-25 13:29:24,542 - V2Scraper - INFO - 
[194/292] Bocchi The Rock (g2gEzS0je4xmz8DFES7D)
2026-07-25 13:29:24,542 - V2Scraper - INFO -   Already exists (ID 6383), checking for updates...
2026-07-25 13:29:24,543 - V2Scraper - INFO -   Existing points: 50
2026-07-25 13:29:25,790 - V2Scraper - INFO -   RSC: 71 places (49 total unique)
2026-07-25 13:29:26,001 - V2Scraper - INFO - Total extracted: 49 places
2026-07-25 13:29:26,001 - V2Scraper - INFO -   No new points or corrections needed
2026-07-25 13:29:26,001 - V2Scraper - INFO -   No updates needed
2026-07-25 13:29:27,002 - V2Scraper - INFO - 
[195/292] Summer Time Rendering (g9pK7gNqpx18yyjFSqoO)
2026-07-25 13:29:27,003 - V2Scraper - INFO -   Already exists (ID 6384), checking for updates...
2026-07-25 13:29:27,003 - V2Scraper - INFO -   Existing points: 9
2026-07-25 13:29:28,250 - V2Scraper - INFO -   RSC: 17 places (9 total unique)
2026-07-25 13:29:28,467 - V2Scraper - INFO - Total extracted: 9 places
2026-07-25 13:29:28,468 - V2Scraper - INFO -   No new points or corrections needed
2026-07-25 13:29:28,468 - V2Scraper - INFO -   No updates needed
2026-07-25 13:29:29,469 - V2Scraper - INFO - 
[196/292] Yuruyuri 3 (gHpRNAYSCHIMongJ2V81)
2026-07-25 13:29:29,469 - V2Scraper - INFO -   Already exists (ID 6385), checking for updates...
2026-07-25 13:29:29,470 - V2Scraper - INFO -   Existing points: 65
2026-07-25 13:29:30,695 - V2Scraper - INFO -   RSC: 89 places (65 total unique)
2026-07-25 13:29:30,911 - V2Scraper - INFO - Total extracted: 65 places
2026-07-25 13:29:30,911 - V2Scraper - INFO -   No new points or corrections needed
2026-07-25 13:29:30,912 - V2Scraper - INFO -   No updates needed
2026-07-25 13:29:31,913 - V2Scraper - INFO - 
[197/292] Bang Dream 3 (gVF2NS4J6Yu9j3raEFQ8)
2026-07-25 13:29:31,913 - V2Scraper - INFO -   Already exists (ID 6386), checking for updates...
2026-07-25 13:29:31,914 - V2Scraper - INFO -   Existing points: 22
2026-07-25 13:29:33,286 - V2Scraper - INFO -   RSC: 44 places (22 total unique)
2026-07-25 13:29:33,512 - V2Scraper - INFO - Total extracted: 22 places
2026-07-25 13:29:33,512 - V2Scraper - INFO -   No new points or corrections needed
2026-07-25 13:29:33,512 - V2Scraper - INFO -   No updates needed
2026-07-25 13:29:34,513 - V2Scraper - INFO - 
[198/292] Spirited Away (gfatdW6fL22KIsoTUgDj)
2026-07-25 13:29:34,514 - V2Scraper - INFO -   Already exists (ID 6387), checking for updates...
2026-07-25 13:29:34,514 - V2Scraper - INFO -   Existing points: 6
2026-07-25 13:29:35,708 - V2Scraper - INFO -   RSC: 11 places (6 total unique)
2026-07-25 13:29:35,913 - V2Scraper - INFO - Total extracted: 6 places
2026-07-25 13:29:35,913 - V2Scraper - INFO -   No new points or corrections needed
2026-07-25 13:29:35,914 - V2Scraper - INFO -   No updates needed
2026-07-25 13:29:36,915 - V2Scraper - INFO - 
[199/292] The Colors Within (gnhSJEY51xYcpeeuQw0W)
2026-07-25 13:29:36,915 - V2Scraper - INFO -   Already exists (ID 6388), checking for updates...
2026-07-25 13:29:36,916 - V2Scraper - INFO -   Existing points: 19
2026-07-25 13:29:38,252 - V2Scraper - INFO -   RSC: 38 places (19 total unique)
2026-07-25 13:29:38,465 - V2Scraper - INFO - Total extracted: 19 places
2026-07-25 13:29:38,465 - V2Scraper - INFO -   No new points or corrections needed
2026-07-25 13:29:38,465 - V2Scraper - INFO -   No updates needed
2026-07-25 13:29:39,467 - V2Scraper - INFO - 
[200/292] Oshi No Ko 3 (hXT39kYUcusxwt3QStKh)
2026-07-25 13:29:39,467 - V2Scraper - INFO -   Already exists (ID 6389), checking for updates...
2026-07-25 13:29:39,468 - V2Scraper - INFO -   Existing points: 36
2026-07-25 13:29:40,945 - V2Scraper - INFO -   RSC: 60 places (36 total unique)
2026-07-25 13:29:41,154 - V2Scraper - INFO - Total extracted: 36 places
2026-07-25 13:29:41,155 - V2Scraper - INFO -   No new points or corrections needed
2026-07-25 13:29:41,155 - V2Scraper - INFO -   No updates needed
2026-07-25 13:29:42,156 - V2Scraper - INFO - 
[201/292] Miss Kobayashis Dragon Maid S (hauIqGQ1sDCVeCPDckoq)
2026-07-25 13:29:42,156 - V2Scraper - INFO -   Already exists (ID 6390), checking for updates...
2026-07-25 13:29:42,157 - V2Scraper - INFO -   Existing points: 42
2026-07-25 13:29:43,391 - V2Scraper - INFO -   RSC: 65 places (42 total unique)
2026-07-25 13:29:43,602 - V2Scraper - INFO - Total extracted: 42 places
2026-07-25 13:29:43,602 - V2Scraper - INFO -   No new points or corrections needed
2026-07-25 13:29:43,602 - V2Scraper - INFO -   No updates needed
2026-07-25 13:29:44,603 - V2Scraper - INFO - 
[202/292] Miss Kobayashis Dragon Maid (hmNbdtY6sluh6dGbGpm3)
2026-07-25 13:29:44,604 - V2Scraper - INFO -   Already exists (ID 6391), checking for updates...
2026-07-25 13:29:44,604 - V2Scraper - INFO -   Existing points: 38
2026-07-25 13:29:45,830 - V2Scraper - INFO -   RSC: 60 places (37 total unique)
2026-07-25 13:29:46,043 - V2Scraper - INFO - Total extracted: 37 places
2026-07-25 13:29:46,044 - V2Scraper - INFO -   No new points or corrections needed
2026-07-25 13:29:46,044 - V2Scraper - INFO -   No updates needed
2026-07-25 13:29:47,045 - V2Scraper - INFO - 
[203/292] The Boy And The Beast (hqPCsA4gKBp9C7fvz7hY)
2026-07-25 13:29:47,045 - V2Scraper - INFO -   Already exists (ID 6392), checking for updates...
2026-07-25 13:29:47,046 - V2Scraper - INFO -   Existing points: 27
2026-07-25 13:29:48,230 - V2Scraper - INFO -   RSC: 52 places (27 total unique)
2026-07-25 13:29:48,444 - V2Scraper - INFO - Total extracted: 27 places
2026-07-25 13:29:48,445 - V2Scraper - INFO -   No new points or corrections needed
2026-07-25 13:29:48,445 - V2Scraper - INFO -   No updates needed
2026-07-25 13:29:49,446 - V2Scraper - INFO - 
[204/292] Uma Musume Pretty Derby 2 (hsFZfXhfP8gdRz84gTye)
2026-07-25 13:29:49,446 - V2Scraper - INFO -   Already exists (ID 6393), checking for updates...
2026-07-25 13:29:49,447 - V2Scraper - INFO -   Existing points: 21
2026-07-25 13:29:50,690 - V2Scraper - INFO -   RSC: 42 places (21 total unique)
2026-07-25 13:29:50,911 - V2Scraper - INFO - Total extracted: 21 places
2026-07-25 13:29:50,912 - V2Scraper - INFO -   No new points or corrections needed
2026-07-25 13:29:50,912 - V2Scraper - INFO -   No updates needed
2026-07-25 13:29:51,913 - V2Scraper - INFO - 
[205/292] The Future Diary (hwW14Gkf0CN9vhzRPbYc)
2026-07-25 13:29:51,913 - V2Scraper - INFO -   Already exists (ID 6394), checking for updates...
2026-07-25 13:29:51,914 - V2Scraper - INFO -   Existing points: 29
2026-07-25 13:29:53,167 - V2Scraper - INFO -   RSC: 53 places (29 total unique)
2026-07-25 13:29:53,375 - V2Scraper - INFO - Total extracted: 29 places
2026-07-25 13:29:53,376 - V2Scraper - INFO -   No new points or corrections needed
2026-07-25 13:29:53,376 - V2Scraper - INFO -   No updates needed
2026-07-25 13:29:54,377 - V2Scraper - INFO - 
[206/292] Yuruyuri 2 (iLiYixvGMH8yz6t05Pq4)
2026-07-25 13:29:54,377 - V2Scraper - INFO -   Already exists (ID 6395), checking for updates...
2026-07-25 13:29:54,378 - V2Scraper - INFO -   Existing points: 18
2026-07-25 13:29:55,612 - V2Scraper - INFO -   RSC: 36 places (18 total unique)
2026-07-25 13:29:55,829 - V2Scraper - INFO - Total extracted: 18 places
2026-07-25 13:29:55,829 - V2Scraper - INFO -   No new points or corrections needed
2026-07-25 13:29:55,829 - V2Scraper - INFO -   No updates needed
2026-07-25 13:29:56,830 - V2Scraper - INFO - 
[207/292] Dagashi Kashi (iQWqPKVd1tNdZsl8aRyC)
2026-07-25 13:29:56,830 - V2Scraper - INFO -   Already exists (ID 6396), checking for updates...
2026-07-25 13:29:56,831 - V2Scraper - INFO -   Existing points: 17
2026-07-25 13:29:58,154 - V2Scraper - INFO -   RSC: 33 places (17 total unique)
2026-07-25 13:29:58,388 - V2Scraper - INFO - Total extracted: 17 places
2026-07-25 13:29:58,388 - V2Scraper - INFO -   No new points or corrections needed
2026-07-25 13:29:58,388 - V2Scraper - INFO -   No updates needed
2026-07-25 13:29:59,389 - V2Scraper - INFO - 
[208/292] Digimon Adventure Tri 1 (idAF9GEfrCSbo8Sbhe0Q)
2026-07-25 13:29:59,390 - V2Scraper - INFO -   Already exists (ID 6397), checking for updates...
2026-07-25 13:29:59,390 - V2Scraper - INFO -   Existing points: 23
2026-07-25 13:30:00,644 - V2Scraper - INFO -   RSC: 44 places (23 total unique)
2026-07-25 13:30:00,862 - V2Scraper - INFO - Total extracted: 23 places
2026-07-25 13:30:00,863 - V2Scraper - INFO -   No new points or corrections needed
2026-07-25 13:30:00,863 - V2Scraper - INFO -   No updates needed
2026-07-25 13:30:01,864 - V2Scraper - INFO - 
[209/292] Kaguya Sama Ultra Romantic (idEzZDys0LEn47JFbEbU)
2026-07-25 13:30:01,864 - V2Scraper - INFO -   Already exists (ID 6398), checking for updates...
2026-07-25 13:30:01,865 - V2Scraper - INFO -   Existing points: 7
2026-07-25 13:30:03,233 - V2Scraper - INFO -   RSC: 14 places (7 total unique)
2026-07-25 13:30:03,444 - V2Scraper - INFO - Total extracted: 7 places
2026-07-25 13:30:03,444 - V2Scraper - INFO -   No new points or corrections needed
2026-07-25 13:30:03,444 - V2Scraper - INFO -   No updates needed
2026-07-25 13:30:04,445 - V2Scraper - INFO - 
[210/292] Grand Blue Dreaming (ioOXlHX29aVhPwnrSHCM)
2026-07-25 13:30:04,445 - V2Scraper - INFO -   Already exists (ID 6399), checking for updates...
2026-07-25 13:30:04,446 - V2Scraper - INFO -   Existing points: 12
2026-07-25 13:30:05,863 - V2Scraper - INFO -   RSC: 23 places (12 total unique)
2026-07-25 13:30:06,074 - V2Scraper - INFO - Total extracted: 12 places
2026-07-25 13:30:06,074 - V2Scraper - INFO -   No new points or corrections needed
2026-07-25 13:30:06,074 - V2Scraper - INFO -   No updates needed
2026-07-25 13:30:07,075 - V2Scraper - INFO - 
[211/292] Mono (ioWpeqYHXVrxmoYR2Q4S)
2026-07-25 13:30:07,075 - V2Scraper - INFO -   Already exists (ID 6400), checking for updates...
2026-07-25 13:30:07,077 - V2Scraper - INFO -   Existing points: 181
2026-07-25 13:30:08,393 - V2Scraper - INFO -   RSC: 204 places (179 total unique)
2026-07-25 13:30:08,617 - V2Scraper - INFO - Total extracted: 179 places
2026-07-25 13:30:08,618 - V2Scraper - INFO -   No new points or corrections needed
2026-07-25 13:30:08,618 - V2Scraper - INFO -   No updates needed
2026-07-25 13:30:09,620 - V2Scraper - INFO - 
[212/292] The Dangers In My Heart (ixBmE5zoDtYosQdmGw6J)
2026-07-25 13:30:09,620 - V2Scraper - INFO -   Already exists (ID 6401), checking for updates...
2026-07-25 13:30:09,620 - V2Scraper - INFO -   Existing points: 25
2026-07-25 13:30:10,859 - V2Scraper - INFO -   RSC: 49 places (25 total unique)
2026-07-25 13:30:11,078 - V2Scraper - INFO - Total extracted: 25 places
2026-07-25 13:30:11,078 - V2Scraper - INFO -   No new points or corrections needed
2026-07-25 13:30:11,078 - V2Scraper - INFO -   No updates needed
2026-07-25 13:30:12,080 - V2Scraper - INFO - 
[213/292] The Girl I Like Forgot Her Glasses (jGaml1L9OKXYk9VQrvPz)
2026-07-25 13:30:12,080 - V2Scraper - INFO -   Already exists (ID 6402), checking for updates...
2026-07-25 13:30:12,080 - V2Scraper - INFO -   Existing points: 35
2026-07-25 13:30:13,386 - V2Scraper - INFO -   RSC: 59 places (35 total unique)
2026-07-25 13:30:13,605 - V2Scraper - INFO - Total extracted: 35 places
2026-07-25 13:30:13,606 - V2Scraper - INFO -   No new points or corrections needed
2026-07-25 13:30:13,606 - V2Scraper - INFO -   No updates needed
2026-07-25 13:30:14,606 - V2Scraper - INFO - 
[214/292] Tatsuki Fujimoto 17 26 (jI8hvq8XTfmHUScW0hkW)
2026-07-25 13:30:14,607 - V2Scraper - INFO -   Already exists (ID 6403), checking for updates...
2026-07-25 13:30:14,607 - V2Scraper - INFO -   Existing points: 3
2026-07-25 13:30:15,983 - V2Scraper - INFO -   RSC: 6 places (3 total unique)
2026-07-25 13:30:16,200 - V2Scraper - INFO - Total extracted: 3 places
2026-07-25 13:30:16,200 - V2Scraper - INFO -   No new points or corrections needed
2026-07-25 13:30:16,200 - V2Scraper - INFO -   No updates needed
2026-07-25 13:30:17,202 - V2Scraper - INFO - 
[215/292] Initial D Legend 1 (jpNvOdNs79m85HRpQLAz)
2026-07-25 13:30:17,202 - V2Scraper - INFO -   Already exists (ID 6404), checking for updates...
2026-07-25 13:30:17,202 - V2Scraper - INFO -   Existing points: 24
2026-07-25 13:30:18,391 - V2Scraper - INFO -   RSC: 46 places (24 total unique)
2026-07-25 13:30:18,604 - V2Scraper - INFO - Total extracted: 24 places
2026-07-25 13:30:18,605 - V2Scraper - INFO -   No new points or corrections needed
2026-07-25 13:30:18,605 - V2Scraper - INFO -   No updates needed
2026-07-25 13:30:19,606 - V2Scraper - INFO - 
[216/292] 25 Dimensional Seduction (jzjmlOooBQ0qHhjdFaAv)
2026-07-25 13:30:19,606 - V2Scraper - INFO -   Already exists (ID 6405), checking for updates...
2026-07-25 13:30:19,607 - V2Scraper - INFO -   Existing points: 7
2026-07-25 13:30:20,860 - V2Scraper - INFO -   RSC: 13 places (7 total unique)
2026-07-25 13:30:21,088 - V2Scraper - INFO - Total extracted: 7 places
2026-07-25 13:30:21,088 - V2Scraper - INFO -   No new points or corrections needed
2026-07-25 13:30:21,089 - V2Scraper - INFO -   No updates needed
2026-07-25 13:30:22,090 - V2Scraper - INFO - 
[217/292] Yuruyuri (k91zDE7m93R6TF1I18ZJ)
2026-07-25 13:30:22,090 - V2Scraper - INFO -   Already exists (ID 6406), checking for updates...
2026-07-25 13:30:22,091 - V2Scraper - INFO -   Existing points: 26
2026-07-25 13:30:23,373 - V2Scraper - INFO -   RSC: 51 places (26 total unique)
2026-07-25 13:30:23,581 - V2Scraper - INFO - Total extracted: 26 places
2026-07-25 13:30:23,582 - V2Scraper - INFO -   No new points or corrections needed
2026-07-25 13:30:23,582 - V2Scraper - INFO -   No updates needed
2026-07-25 13:30:24,583 - V2Scraper - INFO - 
[218/292] Cosmic Princess Kaguya (kCYfe1hDUEETnFuCzdPR)
2026-07-25 13:30:24,583 - V2Scraper - INFO -   Already exists (ID 6407), checking for updates...
2026-07-25 13:30:24,584 - V2Scraper - INFO -   Existing points: 27
2026-07-25 13:30:25,816 - V2Scraper - INFO -   RSC: 52 places (27 total unique)
2026-07-25 13:30:26,030 - V2Scraper - INFO - Total extracted: 27 places
2026-07-25 13:30:26,030 - V2Scraper - INFO -   No new points or corrections needed
2026-07-25 13:30:26,030 - V2Scraper - INFO -   No updates needed
2026-07-25 13:30:27,032 - V2Scraper - INFO - 
[219/292] 5 Centimeters Per Second (lC2rLRj6H1qdA3lAth1U)
2026-07-25 13:30:27,032 - V2Scraper - INFO -   Already exists (ID 6408), checking for updates...
2026-07-25 13:30:27,032 - V2Scraper - INFO -   Existing points: 39
2026-07-25 13:30:28,308 - V2Scraper - INFO -   RSC: 61 places (38 total unique)
2026-07-25 13:30:28,517 - V2Scraper - INFO - Total extracted: 38 places
2026-07-25 13:30:28,517 - V2Scraper - INFO -   No new points or corrections needed
2026-07-25 13:30:28,517 - V2Scraper - INFO -   No updates needed
2026-07-25 13:30:29,518 - V2Scraper - INFO - 
[220/292] Love Live (lCHlfVBBuWKfP9fIp0LK)
2026-07-25 13:30:29,518 - V2Scraper - INFO -   Already exists (ID 6409), checking for updates...
2026-07-25 13:30:29,519 - V2Scraper - INFO -   Existing points: 25
2026-07-25 13:30:30,895 - V2Scraper - INFO -   RSC: 49 places (25 total unique)
2026-07-25 13:30:31,103 - V2Scraper - INFO - Total extracted: 25 places
2026-07-25 13:30:31,103 - V2Scraper - INFO -   No new points or corrections needed
2026-07-25 13:30:31,103 - V2Scraper - INFO -   No updates needed
2026-07-25 13:30:32,105 - V2Scraper - INFO - 
[221/292] Food For The Soul (lLRNlBv5PhX1VA137llY)
2026-07-25 13:30:32,105 - V2Scraper - INFO -   Already exists (ID 6410), checking for updates...
2026-07-25 13:30:32,106 - V2Scraper - INFO -   Existing points: 84
2026-07-25 13:30:33,377 - V2Scraper - INFO -   RSC: 108 places (83 total unique)
2026-07-25 13:30:33,596 - V2Scraper - INFO - Total extracted: 83 places
2026-07-25 13:30:33,597 - V2Scraper - INFO -   No new points or corrections needed
2026-07-25 13:30:33,597 - V2Scraper - INFO -   No updates needed
2026-07-25 13:30:34,598 - V2Scraper - INFO - 
[222/292] Look Back (lQ3KSrgoTH8ecdJpYrjU)
2026-07-25 13:30:34,598 - V2Scraper - INFO -   Already exists (ID 6411), checking for updates...
2026-07-25 13:30:34,599 - V2Scraper - INFO -   Existing points: 10
2026-07-25 13:30:35,828 - V2Scraper - INFO -   RSC: 20 places (10 total unique)
2026-07-25 13:30:36,031 - V2Scraper - INFO - Total extracted: 10 places
2026-07-25 13:30:36,031 - V2Scraper - INFO -   No new points or corrections needed
2026-07-25 13:30:36,031 - V2Scraper - INFO -   No updates needed
2026-07-25 13:30:37,033 - V2Scraper - INFO - 
[223/292] The Cat Returns (m6CFZQrjKW65ycCZE0zC)
2026-07-25 13:30:37,033 - V2Scraper - INFO -   Already exists (ID 6412), checking for updates...
2026-07-25 13:30:37,033 - V2Scraper - INFO -   Existing points: 4
2026-07-25 13:30:38,333 - V2Scraper - INFO -   RSC: 8 places (4 total unique)
2026-07-25 13:30:38,552 - V2Scraper - INFO - Total extracted: 4 places
2026-07-25 13:30:38,553 - V2Scraper - INFO -   No new points or corrections needed
2026-07-25 13:30:38,553 - V2Scraper - INFO -   No updates needed
2026-07-25 13:30:39,554 - V2Scraper - INFO - 
[224/292] Hello World (m9AMAEy8Bg0amLLk0fCq)
2026-07-25 13:30:39,554 - V2Scraper - INFO -   Already exists (ID 6413), checking for updates...
2026-07-25 13:30:39,555 - V2Scraper - INFO -   Existing points: 9
2026-07-25 13:30:40,756 - V2Scraper - INFO -   RSC: 17 places (9 total unique)
2026-07-25 13:30:40,970 - V2Scraper - INFO - Total extracted: 9 places
2026-07-25 13:30:40,970 - V2Scraper - INFO -   No new points or corrections needed
2026-07-25 13:30:40,970 - V2Scraper - INFO -   No updates needed
2026-07-25 13:30:41,972 - V2Scraper - INFO - 
[225/292] Bang Dream 2 (mE5p3IdFgsmfqTwMvwbp)
2026-07-25 13:30:41,972 - V2Scraper - INFO -   Already exists (ID 6414), checking for updates...
2026-07-25 13:30:41,972 - V2Scraper - INFO -   Existing points: 31
2026-07-25 13:30:43,193 - V2Scraper - INFO -   RSC: 55 places (31 total unique)
2026-07-25 13:30:43,410 - V2Scraper - INFO - Total extracted: 31 places
2026-07-25 13:30:43,410 - V2Scraper - INFO -   No new points or corrections needed
2026-07-25 13:30:43,410 - V2Scraper - INFO -   No updates needed
2026-07-25 13:30:44,411 - V2Scraper - INFO - 
[226/292] Oshi No Ko 2 (mHMf87KlQmLu2SFtbgaw)
2026-07-25 13:30:44,411 - V2Scraper - INFO -   Already exists (ID 6415), checking for updates...
2026-07-25 13:30:44,412 - V2Scraper - INFO -   Existing points: 41
2026-07-25 13:30:46,073 - V2Scraper - INFO -   RSC: 65 places (41 total unique)
2026-07-25 13:30:46,284 - V2Scraper - INFO - Total extracted: 41 places
2026-07-25 13:30:46,284 - V2Scraper - INFO -   No new points or corrections needed
2026-07-25 13:30:46,284 - V2Scraper - INFO -   No updates needed
2026-07-25 13:30:47,286 - V2Scraper - INFO - 
[227/292] Occultic Nine (mtW7xBzlawzjCvgR7pCQ)
2026-07-25 13:30:47,286 - V2Scraper - INFO -   Already exists (ID 6416), checking for updates...
2026-07-25 13:30:47,287 - V2Scraper - INFO -   Existing points: 68
2026-07-25 13:30:48,556 - V2Scraper - INFO -   RSC: 91 places (67 total unique)
2026-07-25 13:30:48,790 - V2Scraper - INFO - Total extracted: 67 places
2026-07-25 13:30:48,790 - V2Scraper - INFO -   No new points or corrections needed
2026-07-25 13:30:48,790 - V2Scraper - INFO -   No updates needed
2026-07-25 13:30:49,791 - V2Scraper - INFO - 
[228/292] Komi Cant Communicate 2 (n3hNkoBAE9Wr2XL65zWD)
2026-07-25 13:30:49,792 - V2Scraper - INFO -   Already exists (ID 6417), checking for updates...
2026-07-25 13:30:49,792 - V2Scraper - INFO -   Existing points: 8
2026-07-25 13:30:50,983 - V2Scraper - INFO -   RSC: 16 places (8 total unique)
2026-07-25 13:30:51,203 - V2Scraper - INFO - Total extracted: 8 places
2026-07-25 13:30:51,203 - V2Scraper - INFO -   No new points or corrections needed
2026-07-25 13:30:51,204 - V2Scraper - INFO -   No updates needed
2026-07-25 13:30:52,205 - V2Scraper - INFO - 
[229/292] K On (nDcjBFyJt97tX0kT9a3i)
2026-07-25 13:30:52,205 - V2Scraper - INFO -   Already exists (ID 6418), checking for updates...
2026-07-25 13:30:52,206 - V2Scraper - INFO -   Existing points: 21
2026-07-25 13:30:53,462 - V2Scraper - INFO -   RSC: 42 places (21 total unique)
2026-07-25 13:30:53,673 - V2Scraper - INFO - Total extracted: 21 places
2026-07-25 13:30:53,673 - V2Scraper - INFO -   No new points or corrections needed
2026-07-25 13:30:53,673 - V2Scraper - INFO -   No updates needed
2026-07-25 13:30:54,675 - V2Scraper - INFO - 
[230/292] This Monster Wants To Eat Me (nIzGnqp4XULg32euiQJb)
2026-07-25 13:30:54,675 - V2Scraper - INFO -   Already exists (ID 6419), checking for updates...
2026-07-25 13:30:54,675 - V2Scraper - INFO -   Existing points: 20
2026-07-25 13:30:55,874 - V2Scraper - INFO -   RSC: 40 places (20 total unique)
2026-07-25 13:30:56,100 - V2Scraper - INFO - Total extracted: 20 places
2026-07-25 13:30:56,100 - V2Scraper - INFO -   No new points or corrections needed
2026-07-25 13:30:56,100 - V2Scraper - INFO -   No updates needed
2026-07-25 13:30:57,101 - V2Scraper - INFO - 
[231/292] Kill Blue (nKpdjhePk7YAVXq0yOQd)
2026-07-25 13:30:57,101 - V2Scraper - INFO -   Already exists (ID 6917), checking for updates...
2026-07-25 13:30:57,102 - V2Scraper - INFO -   Existing points: 4
2026-07-25 13:30:59,003 - V2Scraper - INFO -   RSC: 12 places (4 total unique)
2026-07-25 13:30:59,253 - V2Scraper - INFO -   Posts API: 4 user-uploaded places
2026-07-25 13:30:59,253 - V2Scraper - INFO -   API: 4 user-uploaded places (4 total unique)
2026-07-25 13:30:59,253 - V2Scraper - INFO - Total extracted: 4 places
2026-07-25 13:30:59,253 - V2Scraper - INFO -   No new points or corrections needed
2026-07-25 13:30:59,253 - V2Scraper - INFO -   No updates needed
2026-07-25 13:31:00,255 - V2Scraper - INFO - 
[232/292] Odd Taxi In The Woods (nZ0gBZUiXs5uFdPh0WWP)
2026-07-25 13:31:00,255 - V2Scraper - INFO -   Already exists (ID 6420), checking for updates...
2026-07-25 13:31:00,255 - V2Scraper - INFO -   Existing points: 14
2026-07-25 13:31:01,650 - V2Scraper - INFO -   RSC: 28 places (14 total unique)
2026-07-25 13:31:01,872 - V2Scraper - INFO - Total extracted: 14 places
2026-07-25 13:31:01,872 - V2Scraper - INFO -   No new points or corrections needed
2026-07-25 13:31:01,872 - V2Scraper - INFO -   No updates needed
2026-07-25 13:31:02,874 - V2Scraper - INFO - 
[233/292] Fate Strange Fake (nlFMm5beeDxjMv1c7pI0)
2026-07-25 13:31:02,874 - V2Scraper - INFO -   Already exists (ID 6421), checking for updates...
2026-07-25 13:31:02,874 - V2Scraper - INFO -   Existing points: 13
2026-07-25 13:31:04,352 - V2Scraper - INFO -   RSC: 25 places (13 total unique)
2026-07-25 13:31:04,569 - V2Scraper - INFO - Total extracted: 13 places
2026-07-25 13:31:04,570 - V2Scraper - INFO -   No new points or corrections needed
2026-07-25 13:31:04,570 - V2Scraper - INFO -   No updates needed
2026-07-25 13:31:05,571 - V2Scraper - INFO - 
[234/292] Teasing Master Takagi San (nuuX3MVLDUkL5Gu82Nn7)
2026-07-25 13:31:05,571 - V2Scraper - INFO -   Already exists (ID 6422), checking for updates...
2026-07-25 13:31:05,572 - V2Scraper - INFO -   Existing points: 9
2026-07-25 13:31:06,727 - V2Scraper - INFO -   RSC: 18 places (9 total unique)
2026-07-25 13:31:06,937 - V2Scraper - INFO - Total extracted: 9 places
2026-07-25 13:31:06,937 - V2Scraper - INFO -   No new points or corrections needed
2026-07-25 13:31:06,938 - V2Scraper - INFO -   No updates needed
2026-07-25 13:31:07,939 - V2Scraper - INFO - 
[235/292] A Silent Voice (o1iBehlCuEJvjTymVXZc)
2026-07-25 13:31:07,939 - V2Scraper - INFO -   Already exists (ID 6423), checking for updates...
2026-07-25 13:31:07,940 - V2Scraper - INFO -   Existing points: 33
2026-07-25 13:31:09,166 - V2Scraper - INFO -   RSC: 57 places (33 total unique)
2026-07-25 13:31:09,380 - V2Scraper - INFO - Total extracted: 33 places
2026-07-25 13:31:09,381 - V2Scraper - INFO -   No new points or corrections needed
2026-07-25 13:31:09,381 - V2Scraper - INFO -   No updates needed
2026-07-25 13:31:10,382 - V2Scraper - INFO - 
[236/292] Tamons B Side (o4I6GJfs1wuWmUMwZdjZ)
2026-07-25 13:31:10,382 - V2Scraper - INFO -   Already exists (ID 6424), checking for updates...
2026-07-25 13:31:10,383 - V2Scraper - INFO -   Existing points: 36
2026-07-25 13:31:11,716 - V2Scraper - INFO -   RSC: 60 places (35 total unique)
2026-07-25 13:31:11,936 - V2Scraper - INFO - Total extracted: 35 places
2026-07-25 13:31:11,936 - V2Scraper - INFO -   No new points or corrections needed
2026-07-25 13:31:11,936 - V2Scraper - INFO -   No updates needed
2026-07-25 13:31:12,938 - V2Scraper - INFO - 
[237/292] Jujutsu Kaisen 3 (oZ1ZO0bAf6FpPP7poEve)
2026-07-25 13:31:12,938 - V2Scraper - INFO -   Already exists (ID 6425), checking for updates...
2026-07-25 13:31:12,939 - V2Scraper - INFO -   Existing points: 63
2026-07-25 13:31:14,295 - V2Scraper - INFO -   RSC: 93 places (62 total unique)
2026-07-25 13:31:14,532 - V2Scraper - INFO -   Posts API: 6 user-uploaded places
2026-07-25 13:31:14,532 - V2Scraper - INFO -   API: 6 user-uploaded places (62 total unique)
2026-07-25 13:31:14,532 - V2Scraper - INFO - Total extracted: 62 places
2026-07-25 13:31:14,533 - V2Scraper - INFO -   No new points or corrections needed
2026-07-25 13:31:14,533 - V2Scraper - INFO -   No updates needed
2026-07-25 13:31:15,534 - V2Scraper - INFO - 
[238/292] Suzume (owwojmBeyqQxduqOgajN)
2026-07-25 13:31:15,534 - V2Scraper - INFO -   Already exists (ID 6426), checking for updates...
2026-07-25 13:31:15,535 - V2Scraper - INFO -   Existing points: 35
2026-07-25 13:31:16,746 - V2Scraper - INFO -   RSC: 60 places (35 total unique)
2026-07-25 13:31:16,965 - V2Scraper - INFO - Total extracted: 35 places
2026-07-25 13:31:16,966 - V2Scraper - INFO -   No new points or corrections needed
2026-07-25 13:31:16,966 - V2Scraper - INFO -   No updates needed
2026-07-25 13:31:17,967 - V2Scraper - INFO - 
[239/292] Ya Boy Kongming (p0GIxz7n8zoq1SbFbrQo)
2026-07-25 13:31:17,967 - V2Scraper - INFO -   Already exists (ID 6427), checking for updates...
2026-07-25 13:31:17,968 - V2Scraper - INFO -   Existing points: 12
2026-07-25 13:31:19,179 - V2Scraper - INFO -   RSC: 24 places (12 total unique)
2026-07-25 13:31:19,391 - V2Scraper - INFO - Total extracted: 12 places
2026-07-25 13:31:19,392 - V2Scraper - INFO -   No new points or corrections needed
2026-07-25 13:31:19,392 - V2Scraper - INFO -   No updates needed
2026-07-25 13:31:20,393 - V2Scraper - INFO - 
[240/292] Bungo Stray Dogs 3 (p8toSNuaJZiLprsI9c16)
2026-07-25 13:31:20,393 - V2Scraper - INFO -   Already exists (ID 6428), checking for updates...
2026-07-25 13:31:20,394 - V2Scraper - INFO -   Existing points: 26
2026-07-25 13:31:21,591 - V2Scraper - INFO -   RSC: 50 places (26 total unique)
2026-07-25 13:31:21,803 - V2Scraper - INFO - Total extracted: 26 places
2026-07-25 13:31:21,803 - V2Scraper - INFO -   No new points or corrections needed
2026-07-25 13:31:21,803 - V2Scraper - INFO -   No updates needed
2026-07-25 13:31:22,804 - V2Scraper - INFO - 
[241/292] Fate Zero (pUYxGiC62sTphT2JvNO7)
2026-07-25 13:31:22,805 - V2Scraper - INFO -   Already exists (ID 6429), checking for updates...
2026-07-25 13:31:22,805 - V2Scraper - INFO -   Existing points: 14
2026-07-25 13:31:24,177 - V2Scraper - INFO -   RSC: 28 places (14 total unique)
2026-07-25 13:31:24,397 - V2Scraper - INFO - Total extracted: 14 places
2026-07-25 13:31:24,397 - V2Scraper - INFO -   No new points or corrections needed
2026-07-25 13:31:24,397 - V2Scraper - INFO -   No updates needed
2026-07-25 13:31:25,398 - V2Scraper - INFO - 
[242/292] My Deer Friend Nokotan (pvWIpj2to4PlwxwvGIDt)
2026-07-25 13:31:25,399 - V2Scraper - INFO -   Already exists (ID 6430), checking for updates...
2026-07-25 13:31:25,399 - V2Scraper - INFO -   Existing points: 29
2026-07-25 13:31:26,596 - V2Scraper - INFO -   RSC: 52 places (29 total unique)
2026-07-25 13:31:26,805 - V2Scraper - INFO - Total extracted: 29 places
2026-07-25 13:31:26,805 - V2Scraper - INFO -   No new points or corrections needed
2026-07-25 13:31:26,805 - V2Scraper - INFO -   No updates needed
2026-07-25 13:31:27,807 - V2Scraper - INFO - 
[243/292] Shikimoris Not Just A Cutie (pwIwjuNHiexM3H66AQM9)
2026-07-25 13:31:27,807 - V2Scraper - INFO -   Already exists (ID 6431), checking for updates...
2026-07-25 13:31:27,807 - V2Scraper - INFO -   Existing points: 14
2026-07-25 13:31:29,048 - V2Scraper - INFO -   RSC: 28 places (14 total unique)
2026-07-25 13:31:29,255 - V2Scraper - INFO - Total extracted: 14 places
2026-07-25 13:31:29,255 - V2Scraper - INFO -   No new points or corrections needed
2026-07-25 13:31:29,255 - V2Scraper - INFO -   No updates needed
2026-07-25 13:31:30,257 - V2Scraper - INFO - 
[244/292] Medalist 2 (q1iKwxit2IQ79ehAO6yX)
2026-07-25 13:31:30,257 - V2Scraper - INFO -   Already exists (ID 6432), checking for updates...
2026-07-25 13:31:30,258 - V2Scraper - INFO -   Existing points: 10
2026-07-25 13:31:31,553 - V2Scraper - INFO -   RSC: 18 places (10 total unique)
2026-07-25 13:31:31,770 - V2Scraper - INFO - Total extracted: 10 places
2026-07-25 13:31:31,771 - V2Scraper - INFO -   No new points or corrections needed
2026-07-25 13:31:31,771 - V2Scraper - INFO -   No updates needed
2026-07-25 13:31:32,772 - V2Scraper - INFO - 
[245/292] Journal With Witch (qlWdNgADWPSHvlOJbvED)
2026-07-25 13:31:32,772 - V2Scraper - INFO -   Already exists (ID 6433), checking for updates...
2026-07-25 13:31:32,773 - V2Scraper - INFO -   Existing points: 27
2026-07-25 13:31:34,000 - V2Scraper - INFO -   RSC: 50 places (27 total unique)
2026-07-25 13:31:34,219 - V2Scraper - INFO - Total extracted: 27 places
2026-07-25 13:31:34,219 - V2Scraper - INFO -   No new points or corrections needed
2026-07-25 13:31:34,219 - V2Scraper - INFO -   No updates needed
2026-07-25 13:31:35,221 - V2Scraper - INFO - 
[246/292] The Anthem Of The Heart (qyzxJ6190Ra8ypsZS2j8)
2026-07-25 13:31:35,221 - V2Scraper - INFO -   Already exists (ID 6434), checking for updates...
2026-07-25 13:31:35,221 - V2Scraper - INFO -   Existing points: 22
2026-07-25 13:31:36,444 - V2Scraper - INFO -   RSC: 43 places (22 total unique)
2026-07-25 13:31:36,663 - V2Scraper - INFO - Total extracted: 22 places
2026-07-25 13:31:36,663 - V2Scraper - INFO -   No new points or corrections needed
2026-07-25 13:31:36,663 - V2Scraper - INFO -   No updates needed
2026-07-25 13:31:37,664 - V2Scraper - INFO - 
[247/292] One Punch Man 3 (rC0dQzDQaWadoKRSENAl)
2026-07-25 13:31:37,664 - V2Scraper - INFO -   Already exists (ID 6435), checking for updates...
2026-07-25 13:31:37,665 - V2Scraper - INFO -   Existing points: 7
2026-07-25 13:31:39,051 - V2Scraper - INFO -   RSC: 14 places (7 total unique)
2026-07-25 13:31:39,275 - V2Scraper - INFO - Total extracted: 7 places
2026-07-25 13:31:39,275 - V2Scraper - INFO -   No new points or corrections needed
2026-07-25 13:31:39,275 - V2Scraper - INFO -   No updates needed
2026-07-25 13:31:40,276 - V2Scraper - INFO - 
[248/292] Todays Menu For The Emiya Family (rgtPM7QxaNfCUZQHchHW)
2026-07-25 13:31:40,276 - V2Scraper - INFO -   Already exists (ID 6436), checking for updates...
2026-07-25 13:31:40,277 - V2Scraper - INFO -   Existing points: 25
2026-07-25 13:31:41,487 - V2Scraper - INFO -   RSC: 50 places (25 total unique)
2026-07-25 13:31:41,693 - V2Scraper - INFO - Total extracted: 25 places
2026-07-25 13:31:41,693 - V2Scraper - INFO -   No new points or corrections needed
2026-07-25 13:31:41,693 - V2Scraper - INFO -   No updates needed
2026-07-25 13:31:42,694 - V2Scraper - INFO - 
[249/292] Re Creators (rv19SKFM4rWzGlXZszn4)
2026-07-25 13:31:42,695 - V2Scraper - INFO -   Already exists (ID 6437), checking for updates...
2026-07-25 13:31:42,695 - V2Scraper - INFO -   Existing points: 61
2026-07-25 13:31:43,946 - V2Scraper - INFO -   RSC: 84 places (60 total unique)
2026-07-25 13:31:44,168 - V2Scraper - INFO - Total extracted: 60 places
2026-07-25 13:31:44,169 - V2Scraper - INFO -   No new points or corrections needed
2026-07-25 13:31:44,169 - V2Scraper - INFO -   No updates needed
2026-07-25 13:31:45,170 - V2Scraper - INFO - 
[250/292] Uma Musume Pretty Derby (sUISPT4kapvVtcddq6yf)
2026-07-25 13:31:45,170 - V2Scraper - INFO -   Already exists (ID 6438), checking for updates...
2026-07-25 13:31:45,171 - V2Scraper - INFO -   Existing points: 24
2026-07-25 13:31:46,418 - V2Scraper - INFO -   RSC: 47 places (24 total unique)
2026-07-25 13:31:46,633 - V2Scraper - INFO - Total extracted: 24 places
2026-07-25 13:31:46,633 - V2Scraper - INFO -   No new points or corrections needed
2026-07-25 13:31:46,634 - V2Scraper - INFO -   No updates needed
2026-07-25 13:31:47,635 - V2Scraper - INFO - 
[251/292] Haikyu (sXgYeKOTfssj8ROxSbwR)
2026-07-25 13:31:47,635 - V2Scraper - INFO -   Already exists (ID 6439), checking for updates...
2026-07-25 13:31:47,636 - V2Scraper - INFO -   Existing points: 8
2026-07-25 13:31:48,876 - V2Scraper - INFO -   RSC: 16 places (8 total unique)
2026-07-25 13:31:49,089 - V2Scraper - INFO - Total extracted: 8 places
2026-07-25 13:31:49,090 - V2Scraper - INFO -   No new points or corrections needed
2026-07-25 13:31:49,090 - V2Scraper - INFO -   No updates needed
2026-07-25 13:31:50,091 - V2Scraper - INFO - 
[252/292] The Girl Who Leapt Through Time (seGnO0BqP0oOGxXN0gUK)
2026-07-25 13:31:50,091 - V2Scraper - INFO -   Already exists (ID 6440), checking for updates...
2026-07-25 13:31:50,092 - V2Scraper - INFO -   Existing points: 10
2026-07-25 13:31:51,288 - V2Scraper - INFO -   RSC: 20 places (10 total unique)
2026-07-25 13:31:51,500 - V2Scraper - INFO - Total extracted: 10 places
2026-07-25 13:31:51,500 - V2Scraper - INFO -   No new points or corrections needed
2026-07-25 13:31:51,500 - V2Scraper - INFO -   No updates needed
2026-07-25 13:31:52,501 - V2Scraper - INFO - 
[253/292] Grotesqqque (sly3eyzND9TZP0B7eZYL)
2026-07-25 13:31:52,501 - V2Scraper - INFO -   Already exists (ID 6915), checking for updates...
2026-07-25 13:31:52,502 - V2Scraper - INFO -   Existing points: 5
2026-07-25 13:31:53,683 - V2Scraper - INFO -   RSC: 15 places (5 total unique)
2026-07-25 13:31:53,890 - V2Scraper - INFO -   Posts API: 5 user-uploaded places
2026-07-25 13:31:53,890 - V2Scraper - INFO -   API: 5 user-uploaded places (5 total unique)
2026-07-25 13:31:53,890 - V2Scraper - INFO - Total extracted: 5 places
2026-07-25 13:31:53,890 - V2Scraper - INFO -   No new points or corrections needed
2026-07-25 13:31:53,890 - V2Scraper - INFO -   No updates needed
2026-07-25 13:31:54,892 - V2Scraper - INFO - 
[254/292] Haruhi 2006 (sqOvtyTGW57hQNbzoXIc)
2026-07-25 13:31:54,892 - V2Scraper - INFO -   Already exists (ID 6441), checking for updates...
2026-07-25 13:31:54,893 - V2Scraper - INFO -   Existing points: 38
2026-07-25 13:31:56,087 - V2Scraper - INFO -   RSC: 62 places (38 total unique)
2026-07-25 13:31:56,296 - V2Scraper - INFO - Total extracted: 38 places
2026-07-25 13:31:56,296 - V2Scraper - INFO -   No new points or corrections needed
2026-07-25 13:31:56,296 - V2Scraper - INFO -   No updates needed
2026-07-25 13:31:57,297 - V2Scraper - INFO - 
[255/292] The Ryuos Work Is Never Done (ssdRxaytUOXCnKw1pcuJ)
2026-07-25 13:31:57,298 - V2Scraper - INFO -   Already exists (ID 6442), checking for updates...
2026-07-25 13:31:57,298 - V2Scraper - INFO -   Existing points: 23
2026-07-25 13:31:58,508 - V2Scraper - INFO -   RSC: 45 places (23 total unique)
2026-07-25 13:31:58,728 - V2Scraper - INFO - Total extracted: 23 places
2026-07-25 13:31:58,728 - V2Scraper - INFO -   No new points or corrections needed
2026-07-25 13:31:58,728 - V2Scraper - INFO -   No updates needed
2026-07-25 13:31:59,729 - V2Scraper - INFO - 
[256/292] Makeine (tCBIn1QbnKWmGX9Qzqhb)
2026-07-25 13:31:59,729 - V2Scraper - INFO -   Already exists (ID 6443), checking for updates...
2026-07-25 13:31:59,730 - V2Scraper - INFO -   Existing points: 49
2026-07-25 13:32:01,143 - V2Scraper - INFO -   RSC: 74 places (49 total unique)
2026-07-25 13:32:01,361 - V2Scraper - INFO - Total extracted: 49 places
2026-07-25 13:32:01,362 - V2Scraper - INFO -   No new points or corrections needed
2026-07-25 13:32:01,362 - V2Scraper - INFO -   No updates needed
2026-07-25 13:32:02,363 - V2Scraper - INFO - 
[257/292] The Quintessential Quintuplets (tiMx5VfV5a62NIXHXaoK)
2026-07-25 13:32:02,363 - V2Scraper - INFO -   Already exists (ID 6444), checking for updates...
2026-07-25 13:32:02,364 - V2Scraper - INFO -   Existing points: 4
2026-07-25 13:32:03,555 - V2Scraper - INFO -   RSC: 8 places (4 total unique)
2026-07-25 13:32:03,763 - V2Scraper - INFO - Total extracted: 4 places
2026-07-25 13:32:03,763 - V2Scraper - INFO -   No new points or corrections needed
2026-07-25 13:32:03,764 - V2Scraper - INFO -   No updates needed
2026-07-25 13:32:04,765 - V2Scraper - INFO - 
[258/292] Otaku Elf (tidwKFuBkmHvw52kmMPD)
2026-07-25 13:32:04,765 - V2Scraper - INFO -   Already exists (ID 6445), checking for updates...
2026-07-25 13:32:04,766 - V2Scraper - INFO -   Existing points: 15
2026-07-25 13:32:06,014 - V2Scraper - INFO -   RSC: 28 places (14 total unique)
2026-07-25 13:32:06,233 - V2Scraper - INFO - Total extracted: 14 places
2026-07-25 13:32:06,233 - V2Scraper - INFO -   No new points or corrections needed
2026-07-25 13:32:06,234 - V2Scraper - INFO -   No updates needed
2026-07-25 13:32:07,235 - V2Scraper - INFO - 
[259/292] Rent A Girlfriend 4 (tqahwveOEhWxs1eBy14Q)
2026-07-25 13:32:07,235 - V2Scraper - INFO -   Already exists (ID 6446), checking for updates...
2026-07-25 13:32:07,236 - V2Scraper - INFO -   Existing points: 22
2026-07-25 13:32:08,455 - V2Scraper - INFO -   RSC: 44 places (22 total unique)
2026-07-25 13:32:08,663 - V2Scraper - INFO - Total extracted: 22 places
2026-07-25 13:32:08,664 - V2Scraper - INFO -   No new points or corrections needed
2026-07-25 13:32:08,664 - V2Scraper - INFO -   No updates needed
2026-07-25 13:32:09,665 - V2Scraper - INFO - 
[260/292] Sword Art Online Ii (txYgEfCLSykeTWemzp22)
2026-07-25 13:32:09,665 - V2Scraper - INFO -   Already exists (ID 6924), checking for updates...
2026-07-25 13:32:09,666 - V2Scraper - INFO -   Existing points: 14
2026-07-25 13:32:10,887 - V2Scraper - INFO -   RSC: 28 places (14 total unique)
2026-07-25 13:32:11,096 - V2Scraper - INFO - Total extracted: 14 places
2026-07-25 13:32:11,096 - V2Scraper - INFO -   No new points or corrections needed
2026-07-25 13:32:11,096 - V2Scraper - INFO -   No updates needed
2026-07-25 13:32:12,097 - V2Scraper - INFO - 
[261/292] I Want To Eat Your Pancreas (u8g1xEliRDcoyVAiIV4V)
2026-07-25 13:32:12,098 - V2Scraper - INFO -   Already exists (ID 6447), checking for updates...
2026-07-25 13:32:12,098 - V2Scraper - INFO -   Existing points: 18
2026-07-25 13:32:13,328 - V2Scraper - INFO -   RSC: 35 places (18 total unique)
2026-07-25 13:32:13,549 - V2Scraper - INFO - Total extracted: 18 places
2026-07-25 13:32:13,550 - V2Scraper - INFO -   No new points or corrections needed
2026-07-25 13:32:13,550 - V2Scraper - INFO -   No updates needed
2026-07-25 13:32:14,551 - V2Scraper - INFO - 
[262/292] Rascal Does Not Dream Of Bunny Girl Senpai (uNXQN8oaA3SNspSVoc2A)
2026-07-25 13:32:14,551 - V2Scraper - INFO -   Already exists (ID 6448), checking for updates...
2026-07-25 13:32:14,552 - V2Scraper - INFO -   Existing points: 56
2026-07-25 13:32:15,773 - V2Scraper - INFO -   RSC: 80 places (56 total unique)
2026-07-25 13:32:15,993 - V2Scraper - INFO - Total extracted: 56 places
2026-07-25 13:32:15,994 - V2Scraper - INFO -   No new points or corrections needed
2026-07-25 13:32:15,994 - V2Scraper - INFO -   No updates needed
2026-07-25 13:32:16,995 - V2Scraper - INFO - 
[263/292] Saekano (ud97bNQKguOJBycZicFP)
2026-07-25 13:32:16,996 - V2Scraper - INFO -   Already exists (ID 6449), checking for updates...
2026-07-25 13:32:16,996 - V2Scraper - INFO -   Existing points: 22
2026-07-25 13:32:18,199 - V2Scraper - INFO -   RSC: 43 places (22 total unique)
2026-07-25 13:32:18,410 - V2Scraper - INFO - Total extracted: 22 places
2026-07-25 13:32:18,411 - V2Scraper - INFO -   No new points or corrections needed
2026-07-25 13:32:18,411 - V2Scraper - INFO -   No updates needed
2026-07-25 13:32:19,412 - V2Scraper - INFO - 
[264/292] Yuru Camp (uhXFJjbIXDatAdC4MNHj)
2026-07-25 13:32:19,412 - V2Scraper - INFO -   Already exists (ID 6450), checking for updates...
2026-07-25 13:32:19,413 - V2Scraper - INFO -   Existing points: 52
2026-07-25 13:32:20,684 - V2Scraper - INFO -   RSC: 75 places (52 total unique)
2026-07-25 13:32:20,913 - V2Scraper - INFO - Total extracted: 52 places
2026-07-25 13:32:20,914 - V2Scraper - INFO -   No new points or corrections needed
2026-07-25 13:32:20,914 - V2Scraper - INFO -   No updates needed
2026-07-25 13:32:21,915 - V2Scraper - INFO - 
[265/292] Liz And The Blue Bird (umnTfj6nmpKaukejtrbT)
2026-07-25 13:32:21,915 - V2Scraper - INFO -   Already exists (ID 6451), checking for updates...
2026-07-25 13:32:21,916 - V2Scraper - INFO -   Existing points: 3
2026-07-25 13:32:23,247 - V2Scraper - INFO -   RSC: 6 places (3 total unique)
2026-07-25 13:32:23,469 - V2Scraper - INFO - Total extracted: 3 places
2026-07-25 13:32:23,469 - V2Scraper - INFO -   No new points or corrections needed
2026-07-25 13:32:23,469 - V2Scraper - INFO -   No updates needed
2026-07-25 13:32:24,470 - V2Scraper - INFO - 
[266/292] Roshidere (unGiOzgI5kK54nQCTxtm)
2026-07-25 13:32:24,471 - V2Scraper - INFO -   Already exists (ID 6452), checking for updates...
2026-07-25 13:32:24,471 - V2Scraper - INFO -   Existing points: 12
2026-07-25 13:32:25,859 - V2Scraper - INFO -   RSC: 24 places (12 total unique)
2026-07-25 13:32:26,089 - V2Scraper - INFO - Total extracted: 12 places
2026-07-25 13:32:26,090 - V2Scraper - INFO -   No new points or corrections needed
2026-07-25 13:32:26,090 - V2Scraper - INFO -   No updates needed
2026-07-25 13:32:27,091 - V2Scraper - INFO - 
[267/292] You Are Ms Servant (uxyUCyjBZrFMfOdbXCMN)
2026-07-25 13:32:27,091 - V2Scraper - INFO -   Already exists (ID 6453), checking for updates...
2026-07-25 13:32:27,092 - V2Scraper - INFO -   Existing points: 15
2026-07-25 13:32:28,345 - V2Scraper - INFO -   RSC: 30 places (15 total unique)
2026-07-25 13:32:28,565 - V2Scraper - INFO - Total extracted: 15 places
2026-07-25 13:32:28,565 - V2Scraper - INFO -   No new points or corrections needed
2026-07-25 13:32:28,565 - V2Scraper - INFO -   No updates needed
2026-07-25 13:32:29,566 - V2Scraper - INFO - 
[268/292] Saekano 2 (v79L8UZL37LfYiJ5fKEK)
2026-07-25 13:32:29,566 - V2Scraper - INFO -   Already exists (ID 6454), checking for updates...
2026-07-25 13:32:29,567 - V2Scraper - INFO -   Existing points: 26
2026-07-25 13:32:31,053 - V2Scraper - INFO -   RSC: 51 places (26 total unique)
2026-07-25 13:32:31,269 - V2Scraper - INFO - Total extracted: 26 places
2026-07-25 13:32:31,270 - V2Scraper - INFO -   No new points or corrections needed
2026-07-25 13:32:31,270 - V2Scraper - INFO -   No updates needed
2026-07-25 13:32:32,271 - V2Scraper - INFO - 
[269/292] Uma Musume Cinderella Gray 2 (vS5GOKe1V9av8Cxwd5bQ)
2026-07-25 13:32:32,271 - V2Scraper - INFO -   Already exists (ID 6455), checking for updates...
2026-07-25 13:32:32,272 - V2Scraper - INFO -   Existing points: 22
2026-07-25 13:32:33,734 - V2Scraper - INFO -   RSC: 43 places (22 total unique)
2026-07-25 13:32:33,945 - V2Scraper - INFO - Total extracted: 22 places
2026-07-25 13:32:33,945 - V2Scraper - INFO -   No new points or corrections needed
2026-07-25 13:32:33,945 - V2Scraper - INFO -   No updates needed
2026-07-25 13:32:34,946 - V2Scraper - INFO - 
[270/292] Watanare (w0UfKIA3nbV6f8vS4LYc)
2026-07-25 13:32:34,947 - V2Scraper - INFO -   Already exists (ID 6456), checking for updates...
2026-07-25 13:32:34,947 - V2Scraper - INFO -   Existing points: 41
2026-07-25 13:32:36,162 - V2Scraper - INFO -   RSC: 66 places (41 total unique)
2026-07-25 13:32:36,366 - V2Scraper - INFO - Total extracted: 41 places
2026-07-25 13:32:36,367 - V2Scraper - INFO -   No new points or corrections needed
2026-07-25 13:32:36,367 - V2Scraper - INFO -   No updates needed
2026-07-25 13:32:37,368 - V2Scraper - INFO - 
[271/292] Nippon Sangoku (w5KAbfUc7AIQc5Qv4hEM)
2026-07-25 13:32:37,368 - V2Scraper - INFO -   Already exists (ID 6457), checking for updates...
2026-07-25 13:32:37,369 - V2Scraper - INFO -   Existing points: 48
2026-07-25 13:32:38,731 - V2Scraper - INFO -   RSC: 72 places (48 total unique)
2026-07-25 13:32:38,949 - V2Scraper - INFO - Total extracted: 48 places
2026-07-25 13:32:38,950 - V2Scraper - INFO -   No new points or corrections needed
2026-07-25 13:32:38,950 - V2Scraper - INFO -   No updates needed
2026-07-25 13:32:39,951 - V2Scraper - INFO - 
[272/292] Dandadan (wGsUljsg7c7MbgdtzDJD)
2026-07-25 13:32:39,952 - V2Scraper - INFO -   Already exists (ID 6458), checking for updates...
2026-07-25 13:32:39,952 - V2Scraper - INFO -   Existing points: 6
2026-07-25 13:32:41,181 - V2Scraper - INFO -   RSC: 12 places (6 total unique)
2026-07-25 13:32:41,400 - V2Scraper - INFO - Total extracted: 6 places
2026-07-25 13:32:41,401 - V2Scraper - INFO -   No new points or corrections needed
2026-07-25 13:32:41,401 - V2Scraper - INFO -   No updates needed
2026-07-25 13:32:42,402 - V2Scraper - INFO - 
[273/292] Non Non Biyori Vacation (wJXvwG078NOgmusJqTU9)
2026-07-25 13:32:42,402 - V2Scraper - INFO -   Already exists (ID 6459), checking for updates...
2026-07-25 13:32:42,403 - V2Scraper - INFO -   Existing points: 18
2026-07-25 13:32:43,613 - V2Scraper - INFO -   RSC: 34 places (18 total unique)
2026-07-25 13:32:43,840 - V2Scraper - INFO - Total extracted: 18 places
2026-07-25 13:32:43,840 - V2Scraper - INFO -   No new points or corrections needed
2026-07-25 13:32:43,840 - V2Scraper - INFO -   No updates needed
2026-07-25 13:32:44,842 - V2Scraper - INFO - 
[274/292] Horimiya (wRJJ3i3avQIUeZ6PL6ej)
2026-07-25 13:32:44,842 - V2Scraper - INFO -   Already exists (ID 6461), checking for updates...
2026-07-25 13:32:44,842 - V2Scraper - INFO -   Existing points: 10
2026-07-25 13:32:46,024 - V2Scraper - INFO -   RSC: 20 places (10 total unique)
2026-07-25 13:32:46,236 - V2Scraper - INFO - Total extracted: 10 places
2026-07-25 13:32:46,237 - V2Scraper - INFO -   No new points or corrections needed
2026-07-25 13:32:46,237 - V2Scraper - INFO -   No updates needed
2026-07-25 13:32:47,238 - V2Scraper - INFO - 
[275/292] Yuru Camp Movie (wlQ8Ci60loTyVBZV9Xia)
2026-07-25 13:32:47,238 - V2Scraper - INFO -   Already exists (ID 6462), checking for updates...
2026-07-25 13:32:47,239 - V2Scraper - INFO -   Existing points: 34
2026-07-25 13:32:48,487 - V2Scraper - INFO -   RSC: 58 places (34 total unique)
2026-07-25 13:32:48,703 - V2Scraper - INFO - Total extracted: 34 places
2026-07-25 13:32:48,703 - V2Scraper - INFO -   No new points or corrections needed
2026-07-25 13:32:48,703 - V2Scraper - INFO -   No updates needed
2026-07-25 13:32:49,704 - V2Scraper - INFO - 
[276/292] Jujutsu Kaisen 0 (xYGIxEMWtc0UkKtWbp4R)
2026-07-25 13:32:49,705 - V2Scraper - INFO -   Already exists (ID 6463), checking for updates...
2026-07-25 13:32:49,705 - V2Scraper - INFO -   Existing points: 7
2026-07-25 13:32:50,993 - V2Scraper - INFO -   RSC: 13 places (7 total unique)
2026-07-25 13:32:51,208 - V2Scraper - INFO - Total extracted: 7 places
2026-07-25 13:32:51,209 - V2Scraper - INFO -   No new points or corrections needed
2026-07-25 13:32:51,209 - V2Scraper - INFO -   No updates needed
2026-07-25 13:32:52,210 - V2Scraper - INFO - 
[277/292] Takopis Original Sin (xfD3SAgNnScPXtkyEpGo)
2026-07-25 13:32:52,210 - V2Scraper - INFO -   Already exists (ID 6464), checking for updates...
2026-07-25 13:32:52,211 - V2Scraper - INFO -   Existing points: 12
2026-07-25 13:32:53,450 - V2Scraper - INFO -   RSC: 24 places (12 total unique)
2026-07-25 13:32:53,665 - V2Scraper - INFO - Total extracted: 12 places
2026-07-25 13:32:53,666 - V2Scraper - INFO -   No new points or corrections needed
2026-07-25 13:32:53,666 - V2Scraper - INFO -   No updates needed
2026-07-25 13:32:54,667 - V2Scraper - INFO - 
[278/292] Hajime No Ippo Rising (xixXlFp2hrN1lZJu7sSv)
2026-07-25 13:32:54,667 - V2Scraper - INFO -   Already exists (ID 6465), checking for updates...
2026-07-25 13:32:54,668 - V2Scraper - INFO -   Existing points: 9
2026-07-25 13:32:55,955 - V2Scraper - INFO -   RSC: 18 places (9 total unique)
2026-07-25 13:32:56,167 - V2Scraper - INFO - Total extracted: 9 places
2026-07-25 13:32:56,168 - V2Scraper - INFO -   No new points or corrections needed
2026-07-25 13:32:56,168 - V2Scraper - INFO -   No updates needed
2026-07-25 13:32:57,169 - V2Scraper - INFO - 
[279/292] A Sign Of Affection (xn1kUG4nAyilfSbaVrmj)
2026-07-25 13:32:57,169 - V2Scraper - INFO -   Already exists (ID 6466), checking for updates...
2026-07-25 13:32:57,170 - V2Scraper - INFO -   Existing points: 40
2026-07-25 13:32:58,428 - V2Scraper - INFO -   RSC: 65 places (40 total unique)
2026-07-25 13:32:58,643 - V2Scraper - INFO - Total extracted: 40 places
2026-07-25 13:32:58,644 - V2Scraper - INFO -   No new points or corrections needed
2026-07-25 13:32:58,644 - V2Scraper - INFO -   No updates needed
2026-07-25 13:32:59,645 - V2Scraper - INFO - 
[280/292] Nagatoro (xsfrhZD0r2q5twlEitmR)
2026-07-25 13:32:59,645 - V2Scraper - INFO -   Already exists (ID 6467), checking for updates...
2026-07-25 13:32:59,646 - V2Scraper - INFO -   Existing points: 16
2026-07-25 13:33:00,906 - V2Scraper - INFO -   RSC: 32 places (16 total unique)
2026-07-25 13:33:01,118 - V2Scraper - INFO - Total extracted: 16 places
2026-07-25 13:33:01,119 - V2Scraper - INFO -   No new points or corrections needed
2026-07-25 13:33:01,119 - V2Scraper - INFO -   No updates needed
2026-07-25 13:33:02,120 - V2Scraper - INFO - 
[281/292] Sanda (xxMcxs235e04PF89ZQGN)
2026-07-25 13:33:02,120 - V2Scraper - INFO -   Already exists (ID 6468), checking for updates...
2026-07-25 13:33:02,121 - V2Scraper - INFO -   Existing points: 4
2026-07-25 13:33:03,305 - V2Scraper - INFO -   RSC: 7 places (4 total unique)
2026-07-25 13:33:03,529 - V2Scraper - INFO - Total extracted: 4 places
2026-07-25 13:33:03,529 - V2Scraper - INFO -   No new points or corrections needed
2026-07-25 13:33:03,530 - V2Scraper - INFO -   No updates needed
2026-07-25 13:33:04,531 - V2Scraper - INFO - 
[282/292] One Punch Man (y0TAWlKFt6ENfgTZhPMB)
2026-07-25 13:33:04,531 - V2Scraper - INFO -   Already exists (ID 6469), checking for updates...
2026-07-25 13:33:04,532 - V2Scraper - INFO -   Existing points: 5
2026-07-25 13:33:05,701 - V2Scraper - INFO -   RSC: 10 places (5 total unique)
2026-07-25 13:33:05,917 - V2Scraper - INFO - Total extracted: 5 places
2026-07-25 13:33:05,917 - V2Scraper - INFO -   No new points or corrections needed
2026-07-25 13:33:05,917 - V2Scraper - INFO -   No updates needed
2026-07-25 13:33:06,918 - V2Scraper - INFO - 
[283/292] Okitsura (y5w1zYuadN3Ej0cGsH8F)
2026-07-25 13:33:06,919 - V2Scraper - INFO -   Already exists (ID 6470), checking for updates...
2026-07-25 13:33:06,919 - V2Scraper - INFO -   Existing points: 46
2026-07-25 13:33:08,191 - V2Scraper - INFO -   RSC: 70 places (46 total unique)
2026-07-25 13:33:08,409 - V2Scraper - INFO - Total extracted: 46 places
2026-07-25 13:33:08,409 - V2Scraper - INFO -   No new points or corrections needed
2026-07-25 13:33:08,409 - V2Scraper - INFO -   No updates needed
2026-07-25 13:33:09,411 - V2Scraper - INFO - 
[284/292] The Quintessential Quintuplets 2 (yB4LTU7fYemGl2JgldzA)
2026-07-25 13:33:09,411 - V2Scraper - INFO -   Already exists (ID 6471), checking for updates...
2026-07-25 13:33:09,411 - V2Scraper - INFO -   Existing points: 15
2026-07-25 13:33:10,647 - V2Scraper - INFO -   RSC: 29 places (15 total unique)
2026-07-25 13:33:10,873 - V2Scraper - INFO - Total extracted: 15 places
2026-07-25 13:33:10,873 - V2Scraper - INFO -   No new points or corrections needed
2026-07-25 13:33:10,873 - V2Scraper - INFO -   No updates needed
2026-07-25 13:33:11,874 - V2Scraper - INFO - 
[285/292] Teasing Master Takagi San The Movie (yqdSgvWKtN6FDr3vxm3H)
2026-07-25 13:33:11,874 - V2Scraper - INFO -   Already exists (ID 6472), checking for updates...
2026-07-25 13:33:11,875 - V2Scraper - INFO -   Existing points: 20
2026-07-25 13:33:13,090 - V2Scraper - INFO -   RSC: 38 places (20 total unique)
2026-07-25 13:33:13,307 - V2Scraper - INFO - Total extracted: 20 places
2026-07-25 13:33:13,307 - V2Scraper - INFO -   No new points or corrections needed
2026-07-25 13:33:13,307 - V2Scraper - INFO -   No updates needed
2026-07-25 13:33:14,309 - V2Scraper - INFO - 
[286/292] Heavenly Delusion (ywqTqT1hNKINvMHq5TZN)
2026-07-25 13:33:14,309 - V2Scraper - INFO -   Already exists (ID 6473), checking for updates...
2026-07-25 13:33:14,309 - V2Scraper - INFO -   Existing points: 30
2026-07-25 13:33:15,526 - V2Scraper - INFO -   RSC: 54 places (30 total unique)
2026-07-25 13:33:15,738 - V2Scraper - INFO - Total extracted: 30 places
2026-07-25 13:33:15,739 - V2Scraper - INFO -   No new points or corrections needed
2026-07-25 13:33:15,739 - V2Scraper - INFO -   No updates needed
2026-07-25 13:33:16,740 - V2Scraper - INFO - 
[287/292] Rascal Does Not Dream Of A Knapsack Kid (yxxkllavYoNKtdXw1Lez)
2026-07-25 13:33:16,740 - V2Scraper - INFO -   Already exists (ID 6474), checking for updates...
2026-07-25 13:33:16,741 - V2Scraper - INFO -   Existing points: 23
2026-07-25 13:33:18,184 - V2Scraper - INFO -   RSC: 45 places (23 total unique)
2026-07-25 13:33:18,419 - V2Scraper - INFO - Total extracted: 23 places
2026-07-25 13:33:18,419 - V2Scraper - INFO -   No new points or corrections needed
2026-07-25 13:33:18,420 - V2Scraper - INFO -   No updates needed
2026-07-25 13:33:19,421 - V2Scraper - INFO - 
[288/292] Ameku Md Doctor Detective (z30sfzlqpJpiCAeoUi8h)
2026-07-25 13:33:19,421 - V2Scraper - INFO -   Already exists (ID 6475), checking for updates...
2026-07-25 13:33:19,422 - V2Scraper - INFO -   Existing points: 8
2026-07-25 13:33:20,810 - V2Scraper - INFO -   RSC: 16 places (8 total unique)
2026-07-25 13:33:21,026 - V2Scraper - INFO - Total extracted: 8 places
2026-07-25 13:33:21,027 - V2Scraper - INFO -   No new points or corrections needed
2026-07-25 13:33:21,027 - V2Scraper - INFO -   No updates needed
2026-07-25 13:33:22,028 - V2Scraper - INFO - 
[289/292] Love Chunibyo Other Delusions (z7BgNrMdTaMbmYysRMBz)
2026-07-25 13:33:22,028 - V2Scraper - INFO -   Already exists (ID 6476), checking for updates...
2026-07-25 13:33:22,029 - V2Scraper - INFO -   Existing points: 46
2026-07-25 13:33:23,243 - V2Scraper - INFO -   RSC: 70 places (46 total unique)
2026-07-25 13:33:23,461 - V2Scraper - INFO - Total extracted: 46 places
2026-07-25 13:33:23,462 - V2Scraper - INFO -   No new points or corrections needed
2026-07-25 13:33:23,462 - V2Scraper - INFO -   No updates needed
2026-07-25 13:33:24,463 - V2Scraper - INFO - 
[290/292] Tokyo Ghoul (zWadHN3vlTLoK9u1PXoS)
2026-07-25 13:33:24,463 - V2Scraper - INFO -   Already exists (ID 6477), checking for updates...
2026-07-25 13:33:24,464 - V2Scraper - INFO -   Existing points: 10
2026-07-25 13:33:25,974 - V2Scraper - INFO -   RSC: 20 places (10 total unique)
2026-07-25 13:33:26,193 - V2Scraper - INFO - Total extracted: 10 places
2026-07-25 13:33:26,193 - V2Scraper - INFO -   No new points or corrections needed
2026-07-25 13:33:26,194 - V2Scraper - INFO -   No updates needed
2026-07-25 13:33:27,195 - V2Scraper - INFO - 
[291/292] Zombie Land Saga (zpeuh4ic4dDDneypMAZp)
2026-07-25 13:33:27,195 - V2Scraper - INFO -   Already exists (ID 6478), checking for updates...
2026-07-25 13:33:27,196 - V2Scraper - INFO -   Existing points: 21
2026-07-25 13:33:28,431 - V2Scraper - INFO -   RSC: 41 places (21 total unique)
2026-07-25 13:33:28,644 - V2Scraper - INFO - Total extracted: 21 places
2026-07-25 13:33:28,644 - V2Scraper - INFO -   No new points or corrections needed
2026-07-25 13:33:28,645 - V2Scraper - INFO -   No updates needed
2026-07-25 13:33:29,646 - V2Scraper - INFO - 
[292/292] Chainsmoker Cat (ztYqVosnEOhoNlPRvVCo)
2026-07-25 13:33:29,646 - V2Scraper - INFO -   Already exists (ID 6921), checking for updates...
2026-07-25 13:33:29,647 - V2Scraper - INFO -   Existing points: 1
2026-07-25 13:33:30,895 - V2Scraper - INFO -   RSC: 3 places (1 total unique)
2026-07-25 13:33:31,102 - V2Scraper - INFO -   Posts API: 1 user-uploaded places
2026-07-25 13:33:31,103 - V2Scraper - INFO -   API: 1 user-uploaded places (1 total unique)
2026-07-25 13:33:31,103 - V2Scraper - INFO - Total extracted: 1 places
2026-07-25 13:33:31,103 - V2Scraper - INFO -   No new points or corrections needed
2026-07-25 13:33:31,103 - V2Scraper - INFO -   No updates needed
2026-07-25 13:33:32,104 - V2Scraper - INFO - 
--- Fixing missing covers ---
2026-07-25 13:33:32,104 - V2Scraper - INFO - Scanning for missing covers (animepilgrimage mapped only)...
2026-07-25 13:33:32,113 - V2Scraper - INFO - Fixed 0 missing covers
2026-07-25 13:33:32,113 - V2Scraper - INFO - 
--- Fixing logo covers ---
2026-07-25 13:33:32,114 - V2Scraper - INFO - Scanning for logo covers...
2026-07-25 13:33:33,743 - V2Scraper - INFO - Fixed 0 logo covers
2026-07-25 13:33:33,743 - V2Scraper - INFO - 
--- Fixing zero-coordinate points ---
2026-07-25 13:33:33,743 - V2Scraper - INFO - Scanning for zero-coordinate points...
2026-07-25 13:33:34,067 - V2Scraper - INFO - Found 17 anime with zero-coordinate points
2026-07-25 13:33:34,067 - V2Scraper - INFO - Fetching anime list for URL mapping...
2026-07-25 13:33:34,067 - V2Scraper - INFO - Fetching anime list from sitemap.xml...
2026-07-25 13:33:34,977 - V2Scraper - INFO - Sitemap: 292 anime
2026-07-25 13:33:34,977 - V2Scraper - INFO - Found 292 anime
2026-07-25 13:33:34,977 - V2Scraper - INFO -   1. Days With My Stepsister (04krYkLnGxdyZnphVjQD)
2026-07-25 13:33:34,977 - V2Scraper - INFO -   2. Tonikawa (0AvGlAgPpCxpeHIuaJPN)
2026-07-25 13:33:34,977 - V2Scraper - INFO -   3. Girls Band Cry (0MKV87agZS5NoAaTX6B0)
2026-07-25 13:33:34,977 - V2Scraper - INFO -   4. Tokyo Revengers (0eav7fRw7FpJyEOwfQKl)
2026-07-25 13:33:34,978 - V2Scraper - INFO -   5. Jujutsu Kaisen 1 (0krqHxVPwJzgjw4B5AJN)
2026-07-25 13:33:34,978 - V2Scraper - INFO -   ... and 287 more
2026-07-25 13:33:34,978 - V2Scraper - INFO - Fixing: 无法访问此网站 (ID 5967)
2026-07-25 13:33:34,978 - V2Scraper - WARNING -   Could not find '无法访问此网站' on the new site
2026-07-25 13:33:34,979 - V2Scraper - INFO - Fixing: 違国日記 (ID 6133)
2026-07-25 13:33:34,979 - V2Scraper - WARNING -   Could not find '違国日記' on the new site
2026-07-25 13:33:34,979 - V2Scraper - INFO - Fixing: 日本三國 (ID 6182)
2026-07-25 13:33:34,979 - V2Scraper - WARNING -   Could not find '日本三國' on the new site
2026-07-25 13:33:34,979 - V2Scraper - INFO - Fixing: クラスで２番目に可愛い女の子と友だちになった (ID 6183)
2026-07-25 13:33:34,979 - V2Scraper - WARNING -   Could not find 'クラスで２番目に可愛い女の子と友だちになった' on the new site
2026-07-25 13:33:34,979 - V2Scraper - INFO - Fixing: ３月のライオン 第2シリーズ (ID 6184)
2026-07-25 13:33:34,979 - V2Scraper - WARNING -   Could not find '３月のライオン 第2シリーズ' on the new site
2026-07-25 13:33:34,979 - V2Scraper - INFO - Fixing: 呪術廻戦 死滅回遊 (ID 6186)
2026-07-25 13:33:34,979 - V2Scraper - WARNING -   Could not find '呪術廻戦 死滅回遊' on the new site
2026-07-25 13:33:34,979 - V2Scraper - INFO - Fixing: 【推しの子】第3期 (ID 6187)
2026-07-25 13:33:34,979 - V2Scraper - WARNING -   Could not find '【推しの子】第3期' on the new site
2026-07-25 13:33:34,979 - V2Scraper - INFO - Fixing: 多聞くん今どっち!? (ID 6188)
2026-07-25 13:33:34,980 - V2Scraper - WARNING -   Could not find '多聞くん今どっち!?' on the new site
2026-07-25 13:33:34,980 - V2Scraper - INFO - Fixing: 姫様“拷問”の時間です (ID 6189)
2026-07-25 13:33:34,980 - V2Scraper - WARNING -   Could not find '姫様“拷問”の時間です' on the new site
2026-07-25 13:33:34,980 - V2Scraper - INFO - Fixing: 呪術廻戦 2期 (ID 6190)
2026-07-25 13:33:34,980 - V2Scraper - WARNING -   Could not find '呪術廻戦 2期' on the new site
2026-07-25 13:33:34,980 - V2Scraper - INFO - Fixing: 彼女、お借りします 2期 (ID 6191)
2026-07-25 13:33:34,980 - V2Scraper - WARNING -   Could not find '彼女、お借りします 2期' on the new site
2026-07-25 13:33:34,980 - V2Scraper - INFO - Fixing: かぐや様は告らせたい ウルトラロマンティック (ID 6192)
2026-07-25 13:33:34,980 - V2Scraper - WARNING -   Could not find 'かぐや様は告らせたい ウルトラロマンティック' on the new site
2026-07-25 13:33:34,980 - V2Scraper - INFO - Fixing: ゾン100 ～ゾンビになるまでにしたい100のこと～ (ID 6193)
2026-07-25 13:33:34,980 - V2Scraper - WARNING -   Could not find 'ゾン100 ～ゾンビになるまでにしたい100のこと～' on the new site
2026-07-25 13:33:34,980 - V2Scraper - INFO - Fixing: 劇場版 呪術廻戦 0 (ID 6194)
2026-07-25 13:33:34,980 - V2Scraper - WARNING -   Could not find '劇場版 呪術廻戦 0' on the new site
2026-07-25 13:33:34,980 - V2Scraper - INFO - Fixing: 東京喰種 (ID 6195)
2026-07-25 13:33:34,981 - V2Scraper - WARNING -   Could not find '東京喰種' on the new site
2026-07-25 13:33:34,981 - V2Scraper - INFO - Fixing: 劇場版 ソードアート・オンライン オーディナル・スケール (ID 6196)
2026-07-25 13:33:34,981 - V2Scraper - WARNING -   Could not find '劇場版 ソードアート・オンライン オーディナル・スケール' on the new site
2026-07-25 13:33:34,981 - V2Scraper - INFO - Fixing: 氷の城壁 (ID 6197)
2026-07-25 13:33:34,981 - V2Scraper - WARNING -   Could not find '氷の城壁' on the new site
2026-07-25 13:33:34,981 - V2Scraper - INFO - Fixed 0 zero-coordinate points total
2026-07-25 13:33:35,005 - V2Scraper - INFO - 
--- Fixing invalid episode types ---
2026-07-25 13:33:35,005 - V2Scraper - INFO - Scanning for invalid episode types (TRAILER/OTHERS)...
2026-07-25 13:33:36,595 - V2Scraper - INFO - Fixed 0 invalid episode values
2026-07-25 13:33:36,595 - V2Scraper - INFO - 
--- Backfilling missing images ---
2026-07-25 13:33:36,595 - V2Scraper - INFO - Scanning for points with missing images...
2026-07-25 13:33:36,650 - V2Scraper - INFO -   ID 105: 1 missing images, but no anime_id
2026-07-25 13:33:36,651 - V2Scraper - INFO -   ID 106: 3 missing images, but no anime_id
2026-07-25 13:33:36,658 - V2Scraper - INFO -   ID 115: 1 missing images, but no anime_id
2026-07-25 13:33:36,659 - V2Scraper - INFO -   ID 116: 1 missing images, but no anime_id
2026-07-25 13:33:36,662 - V2Scraper - INFO -   ID 12: 21 missing images, but no anime_id
2026-07-25 13:33:36,663 - V2Scraper - INFO -   ID 121: 1 missing images, but no anime_id
2026-07-25 13:33:36,665 - V2Scraper - INFO -   ID 122: 1 missing images, but no anime_id
2026-07-25 13:33:36,667 - V2Scraper - INFO -   ID 125: 2 missing images, but no anime_id
2026-07-25 13:33:36,669 - V2Scraper - INFO -   ID 128: 1 missing images, but no anime_id
2026-07-25 13:33:36,670 - V2Scraper - INFO -   ID 129: 24 missing images, but no anime_id
2026-07-25 13:33:36,671 - V2Scraper - INFO -   ID 13: 2 missing images, but no anime_id
2026-07-25 13:33:36,674 - V2Scraper - INFO -   ID 134: 27 missing images, but no anime_id
2026-07-25 13:33:36,675 - V2Scraper - INFO -   ID 135: 2 missing images, but no anime_id
2026-07-25 13:33:36,678 - V2Scraper - INFO -   ID 14: 11 missing images, but no anime_id
2026-07-25 13:33:36,681 - V2Scraper - INFO -   ID 146: 20 missing images, but no anime_id
2026-07-25 13:33:36,682 - V2Scraper - INFO -   ID 148: 1 missing images, but no anime_id
2026-07-25 13:33:36,687 - V2Scraper - INFO -   ID 156: 28 missing images, but no anime_id
2026-07-25 13:33:36,688 - V2Scraper - INFO -   ID 158: 52 missing images, but no anime_id
2026-07-25 13:33:36,689 - V2Scraper - INFO -   ID 159: 3 missing images, but no anime_id
2026-07-25 13:33:36,692 - V2Scraper - INFO -   ID 163: 32 missing images, but no anime_id
2026-07-25 13:33:36,693 - V2Scraper - INFO -   ID 165: 6 missing images, but no anime_id
2026-07-25 13:33:36,695 - V2Scraper - INFO -   ID 169: 11 missing images, but no anime_id
2026-07-25 13:33:36,696 - V2Scraper - INFO -   ID 17: 3 missing images, but no anime_id
2026-07-25 13:33:36,697 - V2Scraper - INFO -   ID 171: 57 missing images, but no anime_id
2026-07-25 13:33:36,698 - V2Scraper - INFO -   ID 173: 4 missing images, but no anime_id
2026-07-25 13:33:36,699 - V2Scraper - INFO -   ID 174: 4 missing images, but no anime_id
2026-07-25 13:33:36,700 - V2Scraper - INFO -   ID 175: 1 missing images, but no anime_id
2026-07-25 13:33:36,701 - V2Scraper - INFO -   ID 178: 23 missing images, but no anime_id
2026-07-25 13:33:36,703 - V2Scraper - INFO -   ID 18: 2 missing images, but no anime_id
2026-07-25 13:33:36,703 - V2Scraper - INFO -   ID 180: 5 missing images, but no anime_id
2026-07-25 13:33:36,714 - V2Scraper - INFO -   ID 2: 3 missing images, but no anime_id
2026-07-25 13:33:36,714 - V2Scraper - INFO -   ID 20: 3 missing images, but no anime_id
2026-07-25 13:33:36,716 - V2Scraper - INFO -   ID 204: 1 missing images, but no anime_id
2026-07-25 13:33:36,720 - V2Scraper - INFO -   ID 21: 1 missing images, but no anime_id
2026-07-25 13:33:36,720 - V2Scraper - INFO -   ID 210: 14 missing images, but no anime_id
2026-07-25 13:33:36,722 - V2Scraper - INFO -   ID 214: 22 missing images, but no anime_id
2026-07-25 13:33:36,724 - V2Scraper - INFO -   ID 216: 5 missing images, but no anime_id
2026-07-25 13:33:36,724 - V2Scraper - INFO -   ID 217: 23 missing images, but no anime_id
2026-07-25 13:33:36,726 - V2Scraper - INFO -   ID 22: 5 missing images, but no anime_id
2026-07-25 13:33:36,726 - V2Scraper - INFO -   ID 220: 7 missing images, but no anime_id
2026-07-25 13:33:36,727 - V2Scraper - INFO -   ID 223: 34 missing images, but no anime_id
2026-07-25 13:33:36,729 - V2Scraper - INFO -   ID 225: 33 missing images, but no anime_id
2026-07-25 13:33:36,731 - V2Scraper - INFO -   ID 229: 8 missing images, but no anime_id
2026-07-25 13:33:36,732 - V2Scraper - INFO -   ID 230: 6 missing images, but no anime_id
2026-07-25 13:33:36,732 - V2Scraper - INFO -   ID 231: 5 missing images, but no anime_id
2026-07-25 13:33:36,734 - V2Scraper - INFO -   ID 234: 1 missing images, but no anime_id
2026-07-25 13:33:36,738 - V2Scraper - INFO -   ID 240: 21 missing images, but no anime_id
2026-07-25 13:33:36,740 - V2Scraper - INFO -   ID 244: 14 missing images, but no anime_id
2026-07-25 13:33:36,741 - V2Scraper - INFO -   ID 245: 22 missing images, but no anime_id
2026-07-25 13:33:36,742 - V2Scraper - INFO -   ID 248: 27 missing images, but no anime_id
2026-07-25 13:33:36,744 - V2Scraper - INFO -   ID 251: 28 missing images, but no anime_id
2026-07-25 13:33:36,745 - V2Scraper - INFO -   ID 252: 9 missing images, but no anime_id
2026-07-25 13:33:36,748 - V2Scraper - INFO -   ID 257: 23 missing images, but no anime_id
2026-07-25 13:33:36,748 - V2Scraper - INFO -   ID 258: 4 missing images, but no anime_id
2026-07-25 13:33:36,751 - V2Scraper - INFO -   ID 262: 3 missing images, but no anime_id
2026-07-25 13:33:36,751 - V2Scraper - INFO -   ID 263: 9 missing images, but no anime_id
2026-07-25 13:33:36,754 - V2Scraper - INFO -   ID 269: 34 missing images, but no anime_id
2026-07-25 13:33:36,755 - V2Scraper - INFO -   ID 27: 3 missing images, but no anime_id
2026-07-25 13:33:36,755 - V2Scraper - INFO -   ID 270: 5 missing images, but no anime_id
2026-07-25 13:33:36,757 - V2Scraper - INFO -   ID 274: 2 missing images, but no anime_id
2026-07-25 13:33:36,757 - V2Scraper - INFO -   ID 276: 1 missing images, but no anime_id
2026-07-25 13:33:36,758 - V2Scraper - INFO -   ID 278: 1 missing images, but no anime_id
2026-07-25 13:33:36,758 - V2Scraper - INFO -   ID 279: 8 missing images, but no anime_id
2026-07-25 13:33:36,760 - V2Scraper - INFO -   ID 288: 4 missing images, but no anime_id
2026-07-25 13:33:36,760 - V2Scraper - INFO -   ID 289: 80 missing images, but no anime_id
2026-07-25 13:33:36,760 - V2Scraper - INFO -   ID 290: 26 missing images, but no anime_id
2026-07-25 13:33:36,762 - V2Scraper - INFO -   ID 292: 3 missing images, but no anime_id
2026-07-25 13:33:36,763 - V2Scraper - INFO -   ID 295: 36 missing images, but no anime_id
2026-07-25 13:33:36,764 - V2Scraper - INFO -   ID 296: 5 missing images, but no anime_id
2026-07-25 13:33:36,766 - V2Scraper - INFO -   ID 3: 1 missing images, but no anime_id
2026-07-25 13:33:36,767 - V2Scraper - INFO -   ID 301: 1 missing images, but no anime_id
2026-07-25 13:33:36,770 - V2Scraper - INFO -   ID 307: 5 missing images, but no anime_id
2026-07-25 13:33:36,771 - V2Scraper - INFO -   ID 31: 4 missing images, but no anime_id
2026-07-25 13:33:36,773 - V2Scraper - INFO -   ID 313: 10 missing images, but no anime_id
2026-07-25 13:33:36,778 - V2Scraper - INFO -   ID 32: 8 missing images, but no anime_id
2026-07-25 13:33:36,780 - V2Scraper - INFO -   ID 325: 3 missing images, but no anime_id
2026-07-25 13:33:36,783 - V2Scraper - INFO -   ID 33: 2 missing images, but no anime_id
2026-07-25 13:33:36,784 - V2Scraper - INFO -   ID 332: 1 missing images, but no anime_id
2026-07-25 13:33:36,785 - V2Scraper - INFO -   ID 333: 7 missing images, but no anime_id
2026-07-25 13:33:36,788 - V2Scraper - INFO -   ID 339: 10 missing images, but no anime_id
2026-07-25 13:33:36,790 - V2Scraper - INFO -   ID 342: 9 missing images, but no anime_id
2026-07-25 13:33:36,792 - V2Scraper - INFO -   ID 345: 3 missing images, but no anime_id
2026-07-25 13:33:36,792 - V2Scraper - INFO -   ID 346: 1 missing images, but no anime_id
2026-07-25 13:33:36,795 - V2Scraper - INFO -   ID 35: 7 missing images, but no anime_id
2026-07-25 13:33:36,795 - V2Scraper - INFO -   ID 350: 65 missing images, but no anime_id
2026-07-25 13:33:36,797 - V2Scraper - INFO -   ID 352: 1 missing images, but no anime_id
2026-07-25 13:33:36,799 - V2Scraper - INFO -   ID 356: 2 missing images, but no anime_id
2026-07-25 13:33:36,800 - V2Scraper - INFO -   ID 357: 14 missing images, but no anime_id
2026-07-25 13:33:36,801 - V2Scraper - INFO -   ID 359: 4 missing images, but no anime_id
2026-07-25 13:33:36,805 - V2Scraper - INFO -   ID 367: 17 missing images, but no anime_id
2026-07-25 13:33:36,807 - V2Scraper - INFO -   ID 370: 2 missing images, but no anime_id
2026-07-25 13:33:36,808 - V2Scraper - INFO -   ID 371: 68 missing images, but no anime_id
2026-07-25 13:33:36,809 - V2Scraper - INFO -   ID 372: 3 missing images, but no anime_id
2026-07-25 13:33:36,811 - V2Scraper - INFO -   ID 375: 3 missing images, but no anime_id
2026-07-25 13:33:36,812 - V2Scraper - INFO -   ID 377: 1 missing images, but no anime_id
2026-07-25 13:33:36,814 - V2Scraper - INFO -   ID 380: 21 missing images, but no anime_id
2026-07-25 13:33:36,816 - V2Scraper - INFO -   ID 383: 2 missing images, but no anime_id
2026-07-25 13:33:36,817 - V2Scraper - INFO -   ID 385: 2 missing images, but no anime_id
2026-07-25 13:33:36,818 - V2Scraper - INFO -   ID 387: 1 missing images, but no anime_id
2026-07-25 13:33:36,823 - V2Scraper - INFO -   ID 393: 1 missing images, but no anime_id
2026-07-25 13:33:36,823 - V2Scraper - INFO -   ID 394: 1 missing images, but no anime_id
2026-07-25 13:33:36,826 - V2Scraper - INFO -   ID 398: 1 missing images, but no anime_id
2026-07-25 13:33:36,833 - V2Scraper - INFO -   ID 412: 15 missing images, but no anime_id
2026-07-25 13:33:36,837 - V2Scraper - INFO -   ID 419: 25 missing images, but no anime_id
2026-07-25 13:33:36,838 - V2Scraper - INFO -   ID 422: 3 missing images, but no anime_id
2026-07-25 13:33:36,840 - V2Scraper - INFO -   ID 424: 23 missing images, but no anime_id
2026-07-25 13:33:36,841 - V2Scraper - INFO -   ID 426: 1 missing images, but no anime_id
2026-07-25 13:33:36,844 - V2Scraper - INFO -   ID 432: 1 missing images, but no anime_id
2026-07-25 13:33:36,846 - V2Scraper - INFO -   ID 436: 5 missing images, but no anime_id
2026-07-25 13:33:36,848 - V2Scraper - INFO -   ID 439: 3 missing images, but no anime_id
2026-07-25 13:33:36,849 - V2Scraper - INFO -   ID 444: 7 missing images, but no anime_id
2026-07-25 13:33:36,849 - V2Scraper - INFO -   ID 445: 15 missing images, but no anime_id
2026-07-25 13:33:36,850 - V2Scraper - INFO -   ID 447: 2 missing images, but no anime_id
2026-07-25 13:33:36,851 - V2Scraper - INFO -   ID 448: 1 missing images, but no anime_id
2026-07-25 13:33:36,859 - V2Scraper - INFO -   ID 461: 1 missing images, but no anime_id
2026-07-25 13:33:36,860 - V2Scraper - INFO -   ID 463: 2 missing images, but no anime_id
2026-07-25 13:33:36,861 - V2Scraper - INFO -   ID 464: 4 missing images, but no anime_id
2026-07-25 13:33:36,862 - V2Scraper - INFO -   ID 465: 1 missing images, but no anime_id
2026-07-25 13:33:36,863 - V2Scraper - INFO -   ID 467: 6 missing images, but no anime_id
2026-07-25 13:33:36,864 - V2Scraper - INFO -   ID 469: 3 missing images, but no anime_id
2026-07-25 13:33:36,866 - V2Scraper - INFO -   ID 470: 1 missing images, but no anime_id
2026-07-25 13:33:36,867 - V2Scraper - INFO -   ID 473: 1 missing images, but no anime_id
2026-07-25 13:33:36,868 - V2Scraper - INFO -   ID 474: 1 missing images, but no anime_id
2026-07-25 13:33:36,869 - V2Scraper - INFO -   ID 475: 6 missing images, but no anime_id
2026-07-25 13:33:36,870 - V2Scraper - INFO -   ID 477: 1 missing images, but no anime_id
2026-07-25 13:33:36,876 - V2Scraper - INFO -   ID 49: 1 missing images, but no anime_id
2026-07-25 13:33:36,878 - V2Scraper - INFO -   ID 494: 1 missing images, but no anime_id
2026-07-25 13:33:36,881 - V2Scraper - INFO -   ID 50: 3 missing images, but no anime_id
2026-07-25 13:33:36,883 - V2Scraper - INFO -   ID 503: 4 missing images, but no anime_id
2026-07-25 13:33:36,890 - V2Scraper - INFO -   ID 513: 4 missing images, but no anime_id
2026-07-25 13:33:36,891 - V2Scraper - INFO -   ID 514: 11 missing images, but no anime_id
2026-07-25 13:33:36,896 - V2Scraper - INFO -   ID 519: 1 missing images, but no anime_id
2026-07-25 13:33:36,897 - V2Scraper - INFO -   ID 521: 2 missing images, but no anime_id
2026-07-25 13:33:36,900 - V2Scraper - INFO -   ID 524: 1 missing images, but no anime_id
2026-07-25 13:33:36,907 - V2Scraper - INFO -   ID 535: 1 missing images, but no anime_id
2026-07-25 13:33:36,909 - V2Scraper - INFO -   ID 538: 7 missing images, but no anime_id
2026-07-25 13:33:36,910 - V2Scraper - INFO -   ID 539: 6 missing images, but no anime_id
2026-07-25 13:33:36,911 - V2Scraper - INFO -   ID 54: 1 missing images, but no anime_id
2026-07-25 13:33:36,911 - V2Scraper - INFO -   ID 540: 1 missing images, but no anime_id
2026-07-25 13:33:36,913 - V2Scraper - INFO -   ID 542: 7 missing images, but no anime_id
2026-07-25 13:33:36,913 - V2Scraper - INFO -   ID 543: 2 missing images, but no anime_id
2026-07-25 13:33:36,915 - V2Scraper - INFO -   ID 546: 1 missing images, but no anime_id
2026-07-25 13:33:36,917 - V2Scraper - INFO -   ID 549: 1 missing images, but no anime_id
2026-07-25 13:33:36,921 - V2Scraper - INFO -   ID 556: 3 missing images, but no anime_id
2026-07-25 13:33:36,922 - V2Scraper - INFO -   ID 557: 11 missing images, but no anime_id
2026-07-25 13:33:36,924 - V2Scraper - INFO -   ID 561: 63 missing images, but no anime_id
2026-07-25 13:33:36,926 - V2Scraper - INFO -   ID 564: 2 missing images, but no anime_id
2026-07-25 13:33:36,927 - V2Scraper - INFO -   ID 565: 148 missing images, but no anime_id
2026-07-25 13:33:36,931 - V2Scraper - INFO -   ID 573: 3 missing images, but no anime_id
2026-07-25 13:33:36,946 - V2Scraper - INFO -   ID 595: 1 missing images, but no anime_id
2026-07-25 13:33:36,948 - V2Scraper - INFO -   ID 5967: 2 missing images, but no anime_id
2026-07-25 13:33:36,951 - V2Scraper - INFO -   ID 5990: 1 missing images, but no anime_id
2026-07-25 13:33:36,952 - V2Scraper - INFO -   ID 5996: 1 missing images, but no anime_id
2026-07-25 13:33:36,952 - V2Scraper - INFO -   ID 5997: 1 missing images, but no anime_id
2026-07-25 13:33:36,952 - V2Scraper - INFO -   ID 6002: 2 missing images, but no anime_id
2026-07-25 13:33:36,954 - V2Scraper - INFO -   ID 601: 1 missing images, but no anime_id
2026-07-25 13:33:36,957 - V2Scraper - INFO -   ID 604: 1 missing images, but no anime_id
2026-07-25 13:33:36,959 - V2Scraper - INFO -   ID 6055: 3 missing images, but no anime_id
2026-07-25 13:33:36,959 - V2Scraper - INFO -   ID 6057: 4 missing images, but no anime_id
2026-07-25 13:33:36,960 - V2Scraper - INFO -   ID 6058: 99 missing images, but no anime_id
2026-07-25 13:33:36,960 - V2Scraper - INFO -   ID 6060: 6 missing images, but no anime_id
2026-07-25 13:33:36,961 - V2Scraper - INFO -   ID 6066: 1 missing images, but no anime_id
2026-07-25 13:33:36,962 - V2Scraper - INFO -   ID 6067: 29 missing images, but no anime_id
2026-07-25 13:33:36,964 - V2Scraper - INFO -   ID 6090: 6 missing images, but no anime_id
2026-07-25 13:33:36,966 - V2Scraper - INFO -   ID 6116: 1 missing images, but no anime_id
2026-07-25 13:33:36,968 - V2Scraper - INFO -   ID 6131: 29 missing images, but no anime_id
2026-07-25 13:33:36,968 - V2Scraper - INFO -   ID 6133: 13 missing images, but no anime_id
2026-07-25 13:33:36,971 - V2Scraper - INFO -   ID 6152: 1 missing images, but no anime_id
2026-07-25 13:33:36,973 - V2Scraper - INFO -   ID 6178: 38 missing images, but no anime_id
2026-07-25 13:33:36,973 - V2Scraper - INFO -   ID 6179: 3 missing images, but no anime_id
2026-07-25 13:33:36,975 - V2Scraper - INFO -   ID 620: 2 missing images, but no anime_id
2026-07-25 13:33:36,981 - V2Scraper - INFO -   ID 625: 4 missing images, but no anime_id
2026-07-25 13:33:36,984 - V2Scraper - INFO -   ID 626: 3 missing images, but no anime_id
2026-07-25 13:33:36,985 - V2Scraper - INFO -   ID 6265: 3 missing images (anime_id=F5gBooqJ1oVepAqEaLBS)
2026-07-25 13:33:38,977 - V2Scraper - INFO -   RSC: 52 places (28 total unique)
2026-07-25 13:33:39,193 - V2Scraper - INFO - Total extracted: 28 places
2026-07-25 13:33:41,198 - V2Scraper - INFO -   ID 627: 1 missing images, but no anime_id
2026-07-25 13:33:41,202 - V2Scraper - INFO -   ID 6300: 1 missing images (anime_id=OaKLJatdGQqtkk4SZWdB)
2026-07-25 13:33:43,032 - V2Scraper - INFO -   RSC: 50 places (26 total unique)
2026-07-25 13:33:43,244 - V2Scraper - INFO - Total extracted: 26 places
2026-07-25 13:33:45,248 - V2Scraper - INFO -   ID 631: 4 missing images, but no anime_id
2026-07-25 13:33:45,253 - V2Scraper - INFO -   ID 635: 1 missing images, but no anime_id
2026-07-25 13:33:45,254 - V2Scraper - INFO -   ID 6357: 1 missing images (anime_id=ZqtTUmgvqV5KPwgxSndw)
2026-07-25 13:33:47,233 - V2Scraper - INFO -   RSC: 42 places (21 total unique)
2026-07-25 13:33:47,472 - V2Scraper - INFO -   Posts API: 1 user-uploaded places
2026-07-25 13:33:47,472 - V2Scraper - INFO -   API: 1 user-uploaded places (21 total unique)
2026-07-25 13:33:47,472 - V2Scraper - INFO - Total extracted: 21 places
2026-07-25 13:33:49,476 - V2Scraper - INFO -   ID 637: 1 missing images, but no anime_id
2026-07-25 13:33:49,485 - V2Scraper - INFO -   ID 645: 2 missing images, but no anime_id
2026-07-25 13:33:49,487 - V2Scraper - INFO -   ID 6457: 1 missing images (anime_id=w5KAbfUc7AIQc5Qv4hEM)
2026-07-25 13:33:51,204 - V2Scraper - INFO -   RSC: 72 places (48 total unique)
2026-07-25 13:33:51,418 - V2Scraper - INFO - Total extracted: 48 places
2026-07-25 13:33:53,425 - V2Scraper - INFO -   ID 6488: 1 missing images, but no anime_id
2026-07-25 13:33:53,425 - V2Scraper - INFO -   ID 6489: 1 missing images, but no anime_id
2026-07-25 13:33:53,426 - V2Scraper - INFO -   ID 6492: 5 missing images, but no anime_id
2026-07-25 13:33:53,426 - V2Scraper - INFO -   ID 6493: 2 missing images, but no anime_id
2026-07-25 13:33:53,426 - V2Scraper - INFO -   ID 6494: 4 missing images, but no anime_id
2026-07-25 13:33:53,426 - V2Scraper - INFO -   ID 6495: 2 missing images, but no anime_id
2026-07-25 13:33:53,426 - V2Scraper - INFO -   ID 6497: 1 missing images, but no anime_id
2026-07-25 13:33:53,427 - V2Scraper - INFO -   ID 650: 27 missing images, but no anime_id
2026-07-25 13:33:53,427 - V2Scraper - INFO -   ID 6501: 2 missing images, but no anime_id
2026-07-25 13:33:53,428 - V2Scraper - INFO -   ID 6505: 1 missing images, but no anime_id
2026-07-25 13:33:53,428 - V2Scraper - INFO -   ID 6506: 1 missing images, but no anime_id
2026-07-25 13:33:53,428 - V2Scraper - INFO -   ID 6507: 1 missing images, but no anime_id
2026-07-25 13:33:53,428 - V2Scraper - INFO -   ID 6510: 1 missing images, but no anime_id
2026-07-25 13:33:53,429 - V2Scraper - INFO -   ID 6512: 1 missing images, but no anime_id
2026-07-25 13:33:53,429 - V2Scraper - INFO -   ID 6513: 1 missing images, but no anime_id
2026-07-25 13:33:53,429 - V2Scraper - INFO -   ID 6515: 1 missing images, but no anime_id
2026-07-25 13:33:53,429 - V2Scraper - INFO -   ID 6516: 2 missing images, but no anime_id
2026-07-25 13:33:53,430 - V2Scraper - INFO -   ID 6518: 2 missing images, but no anime_id
2026-07-25 13:33:53,430 - V2Scraper - INFO -   ID 6519: 1 missing images, but no anime_id
2026-07-25 13:33:53,430 - V2Scraper - INFO -   ID 6520: 1 missing images, but no anime_id
2026-07-25 13:33:53,430 - V2Scraper - INFO -   ID 6521: 1 missing images, but no anime_id
2026-07-25 13:33:53,430 - V2Scraper - INFO -   ID 6522: 2 missing images, but no anime_id
2026-07-25 13:33:53,431 - V2Scraper - INFO -   ID 6523: 2 missing images, but no anime_id
2026-07-25 13:33:53,431 - V2Scraper - INFO -   ID 6527: 1 missing images, but no anime_id
2026-07-25 13:33:53,431 - V2Scraper - INFO -   ID 6528: 2 missing images, but no anime_id
2026-07-25 13:33:53,432 - V2Scraper - INFO -   ID 653: 5 missing images, but no anime_id
2026-07-25 13:33:53,433 - V2Scraper - INFO -   ID 6542: 3 missing images, but no anime_id
2026-07-25 13:33:53,433 - V2Scraper - INFO -   ID 6543: 14 missing images, but no anime_id
2026-07-25 13:33:53,437 - V2Scraper - INFO -   ID 6548: 195 missing images, but no anime_id
2026-07-25 13:33:53,438 - V2Scraper - INFO -   ID 6553: 2 missing images, but no anime_id
2026-07-25 13:33:53,441 - V2Scraper - INFO -   ID 6565: 47 missing images, but no anime_id
2026-07-25 13:33:53,442 - V2Scraper - INFO -   ID 657: 2 missing images, but no anime_id
2026-07-25 13:33:53,442 - V2Scraper - INFO -   ID 6575: 7 missing images, but no anime_id
2026-07-25 13:33:53,444 - V2Scraper - INFO -   ID 6589: 1 missing images, but no anime_id
2026-07-25 13:33:53,444 - V2Scraper - INFO -   ID 6590: 1 missing images, but no anime_id
2026-07-25 13:33:53,445 - V2Scraper - INFO -   ID 6591: 5 missing images, but no anime_id
2026-07-25 13:33:53,445 - V2Scraper - INFO -   ID 6592: 1 missing images, but no anime_id
2026-07-25 13:33:53,446 - V2Scraper - INFO -   ID 6595: 1 missing images, but no anime_id
2026-07-25 13:33:53,447 - V2Scraper - INFO -   ID 66: 153 missing images, but no anime_id
2026-07-25 13:33:53,448 - V2Scraper - INFO -   ID 6605: 1 missing images, but no anime_id
2026-07-25 13:33:53,449 - V2Scraper - INFO -   ID 6607: 13 missing images, but no anime_id
2026-07-25 13:33:53,450 - V2Scraper - INFO -   ID 661: 60 missing images, but no anime_id
2026-07-25 13:33:53,450 - V2Scraper - INFO -   ID 6614: 23 missing images, but no anime_id
2026-07-25 13:33:53,452 - V2Scraper - INFO -   ID 6621: 27 missing images, but no anime_id
2026-07-25 13:33:53,454 - V2Scraper - INFO -   ID 6629: 7 missing images, but no anime_id
2026-07-25 13:33:53,455 - V2Scraper - INFO -   ID 6630: 9 missing images, but no anime_id
2026-07-25 13:33:53,456 - V2Scraper - INFO -   ID 6637: 88 missing images, but no anime_id
2026-07-25 13:33:53,461 - V2Scraper - INFO -   ID 667: 1 missing images, but no anime_id
2026-07-25 13:33:53,462 - V2Scraper - INFO -   ID 6672: 1 missing images, but no anime_id
2026-07-25 13:33:53,462 - V2Scraper - INFO -   ID 6673: 36 missing images, but no anime_id
2026-07-25 13:33:53,465 - V2Scraper - INFO -   ID 6694: 19 missing images, but no anime_id
2026-07-25 13:33:53,466 - V2Scraper - INFO -   ID 6700: 6 missing images, but no anime_id
2026-07-25 13:33:53,467 - V2Scraper - INFO -   ID 6705: 2 missing images, but no anime_id
2026-07-25 13:33:53,469 - V2Scraper - INFO -   ID 6711: 1 missing images, but no anime_id
2026-07-25 13:33:53,470 - V2Scraper - INFO -   ID 6713: 23 missing images, but no anime_id
2026-07-25 13:33:53,470 - V2Scraper - INFO -   ID 6717: 10 missing images, but no anime_id
2026-07-25 13:33:53,471 - V2Scraper - INFO -   ID 6722: 42 missing images, but no anime_id
2026-07-25 13:33:53,472 - V2Scraper - INFO -   ID 6724: 4 missing images, but no anime_id
2026-07-25 13:33:53,472 - V2Scraper - INFO -   ID 6729: 2 missing images, but no anime_id
2026-07-25 13:33:53,473 - V2Scraper - INFO -   ID 6732: 5 missing images, but no anime_id
2026-07-25 13:33:53,473 - V2Scraper - INFO -   ID 6737: 13 missing images, but no anime_id
2026-07-25 13:33:53,474 - V2Scraper - INFO -   ID 6738: 7 missing images, but no anime_id
2026-07-25 13:33:53,475 - V2Scraper - INFO -   ID 6757: 2 missing images, but no anime_id
2026-07-25 13:33:53,476 - V2Scraper - INFO -   ID 6760: 21 missing images, but no anime_id
2026-07-25 13:33:53,477 - V2Scraper - INFO -   ID 6773: 4 missing images, but no anime_id
2026-07-25 13:33:53,478 - V2Scraper - INFO -   ID 6783: 2 missing images, but no anime_id
2026-07-25 13:33:53,479 - V2Scraper - INFO -   ID 6793: 1 missing images, but no anime_id
2026-07-25 13:33:53,479 - V2Scraper - INFO -   ID 6798: 5 missing images (anime_id=Dts24mB9vQ2lpeOlu0sm)
2026-07-25 13:33:55,231 - V2Scraper - INFO -   RSC: 13 places (6 total unique)
2026-07-25 13:33:55,457 - V2Scraper - INFO -   Posts API: 1 user-uploaded places
2026-07-25 13:33:55,457 - V2Scraper - INFO -   API: 1 user-uploaded places (6 total unique)
2026-07-25 13:33:55,457 - V2Scraper - INFO - Total extracted: 6 places
2026-07-25 13:33:57,460 - V2Scraper - INFO -   ID 68: 2 missing images, but no anime_id
2026-07-25 13:33:57,461 - V2Scraper - INFO -   ID 6800: 1 missing images, but no anime_id
2026-07-25 13:33:57,462 - V2Scraper - INFO -   ID 6803: 1 missing images, but no anime_id
2026-07-25 13:33:57,462 - V2Scraper - INFO -   ID 6812: 7 missing images, but no anime_id
2026-07-25 13:33:57,463 - V2Scraper - INFO -   ID 6813: 11 missing images, but no anime_id
2026-07-25 13:33:57,463 - V2Scraper - INFO -   ID 6814: 13 missing images, but no anime_id
2026-07-25 13:33:57,463 - V2Scraper - INFO -   ID 6815: 36 missing images, but no anime_id
2026-07-25 13:33:57,465 - V2Scraper - INFO -   ID 6826: 1 missing images, but no anime_id
2026-07-25 13:33:57,465 - V2Scraper - INFO -   ID 6832: 2 missing images, but no anime_id
2026-07-25 13:33:57,466 - V2Scraper - INFO -   ID 6839: 8 missing images (anime_id=Q5sGWTURXZRsHIhzUbAH)
2026-07-25 13:33:59,212 - V2Scraper - INFO -   RSC: 19 places (9 total unique)
2026-07-25 13:33:59,429 - V2Scraper - INFO -   Posts API: 1 user-uploaded places
2026-07-25 13:33:59,429 - V2Scraper - INFO -   API: 1 user-uploaded places (9 total unique)
2026-07-25 13:33:59,429 - V2Scraper - INFO - Total extracted: 9 places
2026-07-25 13:34:01,432 - V2Scraper - INFO -   ID 684: 2 missing images, but no anime_id
2026-07-25 13:34:01,433 - V2Scraper - INFO -   ID 6844: 43 missing images, but no anime_id
2026-07-25 13:34:01,433 - V2Scraper - INFO -   ID 6845: 12 missing images, but no anime_id
2026-07-25 13:34:01,434 - V2Scraper - INFO -   ID 6846: 17 missing images, but no anime_id
2026-07-25 13:34:01,434 - V2Scraper - INFO -   ID 6847: 6 missing images, but no anime_id
2026-07-25 13:34:01,434 - V2Scraper - INFO -   ID 6848: 5 missing images, but no anime_id
2026-07-25 13:34:01,434 - V2Scraper - INFO -   ID 6849: 17 missing images, but no anime_id
2026-07-25 13:34:01,435 - V2Scraper - INFO -   ID 6850: 6 missing images, but no anime_id
2026-07-25 13:34:01,435 - V2Scraper - INFO -   ID 6851: 14 missing images, but no anime_id
2026-07-25 13:34:01,435 - V2Scraper - INFO -   ID 6852: 14 missing images, but no anime_id
2026-07-25 13:34:01,435 - V2Scraper - INFO -   ID 6853: 12 missing images, but no anime_id
2026-07-25 13:34:01,435 - V2Scraper - INFO -   ID 6854: 12 missing images, but no anime_id
2026-07-25 13:34:01,436 - V2Scraper - INFO -   ID 6855: 33 missing images, but no anime_id
2026-07-25 13:34:01,436 - V2Scraper - INFO -   ID 6856: 10 missing images, but no anime_id
2026-07-25 13:34:01,436 - V2Scraper - INFO -   ID 6857: 43 missing images, but no anime_id
2026-07-25 13:34:01,436 - V2Scraper - INFO -   ID 6858: 6 missing images, but no anime_id
2026-07-25 13:34:01,437 - V2Scraper - INFO -   ID 6859: 14 missing images, but no anime_id
2026-07-25 13:34:01,437 - V2Scraper - INFO -   ID 6860: 8 missing images, but no anime_id
2026-07-25 13:34:01,437 - V2Scraper - INFO -   ID 6861: 7 missing images, but no anime_id
2026-07-25 13:34:01,437 - V2Scraper - INFO -   ID 6862: 4 missing images, but no anime_id
2026-07-25 13:34:01,437 - V2Scraper - INFO -   ID 6863: 2 missing images, but no anime_id
2026-07-25 13:34:01,438 - V2Scraper - INFO -   ID 6864: 3 missing images, but no anime_id
2026-07-25 13:34:01,438 - V2Scraper - INFO -   ID 6865: 2 missing images, but no anime_id
2026-07-25 13:34:01,438 - V2Scraper - INFO -   ID 6866: 1 missing images, but no anime_id
2026-07-25 13:34:01,438 - V2Scraper - INFO -   ID 6867: 6 missing images, but no anime_id
2026-07-25 13:34:01,438 - V2Scraper - INFO -   ID 6868: 5 missing images, but no anime_id
2026-07-25 13:34:01,439 - V2Scraper - INFO -   ID 6869: 1 missing images, but no anime_id
2026-07-25 13:34:01,439 - V2Scraper - INFO -   ID 6870: 5 missing images, but no anime_id
2026-07-25 13:34:01,439 - V2Scraper - INFO -   ID 6871: 4 missing images, but no anime_id
2026-07-25 13:34:01,439 - V2Scraper - INFO -   ID 6872: 4 missing images, but no anime_id
2026-07-25 13:34:01,439 - V2Scraper - INFO -   ID 6873: 15 missing images, but no anime_id
2026-07-25 13:34:01,440 - V2Scraper - INFO -   ID 6874: 3 missing images, but no anime_id
2026-07-25 13:34:01,440 - V2Scraper - INFO -   ID 6875: 1 missing images, but no anime_id
2026-07-25 13:34:01,440 - V2Scraper - INFO -   ID 6876: 5 missing images, but no anime_id
2026-07-25 13:34:01,440 - V2Scraper - INFO -   ID 6877: 5 missing images, but no anime_id
2026-07-25 13:34:01,440 - V2Scraper - INFO -   ID 6878: 2 missing images, but no anime_id
2026-07-25 13:34:01,441 - V2Scraper - INFO -   ID 6879: 10 missing images, but no anime_id
2026-07-25 13:34:01,441 - V2Scraper - INFO -   ID 6880: 1 missing images, but no anime_id
2026-07-25 13:34:01,441 - V2Scraper - INFO -   ID 6881: 14 missing images, but no anime_id
2026-07-25 13:34:01,442 - V2Scraper - INFO -   ID 6882: 28 missing images, but no anime_id
2026-07-25 13:34:01,442 - V2Scraper - INFO -   ID 6883: 2 missing images, but no anime_id
2026-07-25 13:34:01,442 - V2Scraper - INFO -   ID 6884: 3 missing images, but no anime_id
2026-07-25 13:34:01,442 - V2Scraper - INFO -   ID 6885: 4 missing images, but no anime_id
2026-07-25 13:34:01,442 - V2Scraper - INFO -   ID 6886: 6 missing images, but no anime_id
2026-07-25 13:34:01,442 - V2Scraper - INFO -   ID 6887: 8 missing images, but no anime_id
2026-07-25 13:34:01,442 - V2Scraper - INFO -   ID 6888: 4 missing images, but no anime_id
2026-07-25 13:34:01,443 - V2Scraper - INFO -   ID 6889: 37 missing images, but no anime_id
2026-07-25 13:34:01,443 - V2Scraper - INFO -   ID 6890: 9 missing images, but no anime_id
2026-07-25 13:34:01,443 - V2Scraper - INFO -   ID 6891: 9 missing images, but no anime_id
2026-07-25 13:34:01,443 - V2Scraper - INFO -   ID 6892: 10 missing images, but no anime_id
2026-07-25 13:34:01,444 - V2Scraper - INFO -   ID 6893: 10 missing images, but no anime_id
2026-07-25 13:34:01,444 - V2Scraper - INFO -   ID 6894: 14 missing images, but no anime_id
2026-07-25 13:34:01,444 - V2Scraper - INFO -   ID 6895: 42 missing images, but no anime_id
2026-07-25 13:34:01,444 - V2Scraper - INFO -   ID 6896: 47 missing images, but no anime_id
2026-07-25 13:34:01,444 - V2Scraper - INFO -   ID 6897: 15 missing images, but no anime_id
2026-07-25 13:34:01,445 - V2Scraper - INFO -   ID 6898: 7 missing images, but no anime_id
2026-07-25 13:34:01,445 - V2Scraper - INFO -   ID 6899: 80 missing images, but no anime_id
2026-07-25 13:34:01,446 - V2Scraper - INFO -   ID 69: 1 missing images, but no anime_id
2026-07-25 13:34:01,446 - V2Scraper - INFO -   ID 6900: 1 missing images, but no anime_id
2026-07-25 13:34:01,446 - V2Scraper - INFO -   ID 6901: 2 missing images, but no anime_id
2026-07-25 13:34:01,446 - V2Scraper - INFO -   ID 6902: 15 missing images, but no anime_id
2026-07-25 13:34:01,446 - V2Scraper - INFO -   ID 6903: 18 missing images, but no anime_id
2026-07-25 13:34:01,447 - V2Scraper - INFO -   ID 6904: 60 missing images, but no anime_id
2026-07-25 13:34:01,447 - V2Scraper - INFO -   ID 6905: 5 missing images, but no anime_id
2026-07-25 13:34:01,447 - V2Scraper - INFO -   ID 6906: 52 missing images, but no anime_id
2026-07-25 13:34:01,447 - V2Scraper - INFO -   ID 6907: 5 missing images, but no anime_id
2026-07-25 13:34:01,448 - V2Scraper - INFO -   ID 6908: 6 missing images, but no anime_id
2026-07-25 13:34:01,448 - V2Scraper - INFO -   ID 6909: 2 missing images, but no anime_id
2026-07-25 13:34:01,449 - V2Scraper - INFO -   ID 6910: 5 missing images, but no anime_id
2026-07-25 13:34:01,449 - V2Scraper - INFO -   ID 6911: 35 missing images, but no anime_id
2026-07-25 13:34:01,449 - V2Scraper - INFO -   ID 6912: 62 missing images, but no anime_id
2026-07-25 13:34:01,449 - V2Scraper - INFO -   ID 6913: 3 missing images, but no anime_id
2026-07-25 13:34:01,450 - V2Scraper - INFO -   ID 6920: 3 missing images (anime_id=fNMHHPGHtnQ928juROn7)
2026-07-25 13:34:03,126 - V2Scraper - INFO -   RSC: 8 places (3 total unique)
2026-07-25 13:34:03,342 - V2Scraper - INFO -   Posts API: 3 user-uploaded places
2026-07-25 13:34:03,343 - V2Scraper - INFO -   API: 3 user-uploaded places (3 total unique)
2026-07-25 13:34:03,343 - V2Scraper - INFO - Total extracted: 3 places
2026-07-25 13:34:05,345 - V2Scraper - INFO -   ID 6921: 1 missing images (anime_id=ztYqVosnEOhoNlPRvVCo)
2026-07-25 13:34:06,980 - V2Scraper - INFO -   RSC: 3 places (1 total unique)
2026-07-25 13:34:07,188 - V2Scraper - INFO -   Posts API: 1 user-uploaded places
2026-07-25 13:34:07,188 - V2Scraper - INFO -   API: 1 user-uploaded places (1 total unique)
2026-07-25 13:34:07,188 - V2Scraper - INFO - Total extracted: 1 places
2026-07-25 13:34:09,191 - V2Scraper - INFO -   ID 6923: 3 missing images (anime_id=RLvmUUdAaqEDbvILfPsq)
2026-07-25 13:34:10,893 - V2Scraper - INFO -   RSC: 6 places (3 total unique)
2026-07-25 13:34:11,099 - V2Scraper - INFO - Total extracted: 3 places
2026-07-25 13:34:13,102 - V2Scraper - INFO -   ID 6924: 10 missing images (anime_id=txYgEfCLSykeTWemzp22)
2026-07-25 13:34:14,787 - V2Scraper - INFO -   RSC: 28 places (14 total unique)
2026-07-25 13:34:15,012 - V2Scraper - INFO - Total extracted: 14 places
2026-07-25 13:34:17,015 - V2Scraper - INFO -   ID 6925: 5 missing images (anime_id=7qKvxoZi4qfqT9hPApwM)
2026-07-25 13:34:18,746 - V2Scraper - INFO -   RSC: 17 places (7 total unique)
2026-07-25 13:34:18,962 - V2Scraper - INFO -   Posts API: 7 user-uploaded places
2026-07-25 13:34:18,962 - V2Scraper - INFO -   API: 7 user-uploaded places (7 total unique)
2026-07-25 13:34:18,962 - V2Scraper - INFO - Total extracted: 7 places
2026-07-25 13:34:20,966 - V2Scraper - INFO -   ID 6929: 1 missing images, but no anime_id
2026-07-25 13:34:20,966 - V2Scraper - INFO -   ID 6932: 1 missing images (anime_id=KxxurNxXiTegfvduCkyC)
2026-07-25 13:34:22,728 - V2Scraper - INFO -   RSC: 2 places (1 total unique)
2026-07-25 13:34:22,942 - V2Scraper - INFO - Total extracted: 1 places
2026-07-25 13:34:24,947 - V2Scraper - INFO -   ID 704: 7 missing images, but no anime_id
2026-07-25 13:34:24,948 - V2Scraper - INFO -   ID 71: 3 missing images, but no anime_id
2026-07-25 13:34:24,948 - V2Scraper - INFO -   ID 710: 17 missing images, but no anime_id
2026-07-25 13:34:24,950 - V2Scraper - INFO -   ID 73: 1 missing images, but no anime_id
2026-07-25 13:34:24,951 - V2Scraper - INFO -   ID 733: 30 missing images, but no anime_id
2026-07-25 13:34:24,952 - V2Scraper - INFO -   ID 741: 1 missing images, but no anime_id
2026-07-25 13:34:24,953 - V2Scraper - INFO -   ID 75: 3 missing images, but no anime_id
2026-07-25 13:34:24,955 - V2Scraper - INFO -   ID 753: 1 missing images, but no anime_id
2026-07-25 13:34:24,955 - V2Scraper - INFO -   ID 756: 6 missing images, but no anime_id
2026-07-25 13:34:24,956 - V2Scraper - INFO -   ID 757: 1 missing images, but no anime_id
2026-07-25 13:34:24,958 - V2Scraper - INFO -   ID 77: 5 missing images, but no anime_id
2026-07-25 13:34:24,958 - V2Scraper - INFO -   ID 778: 7 missing images, but no anime_id
2026-07-25 13:34:24,959 - V2Scraper - INFO -   ID 784: 5 missing images, but no anime_id
2026-07-25 13:34:24,960 - V2Scraper - INFO -   ID 79: 5 missing images, but no anime_id
2026-07-25 13:34:24,963 - V2Scraper - INFO -   ID 797: 4 missing images, but no anime_id
2026-07-25 13:34:24,965 - V2Scraper - INFO -   ID 809: 1 missing images, but no anime_id
2026-07-25 13:34:24,965 - V2Scraper - INFO -   ID 81: 52 missing images, but no anime_id
2026-07-25 13:34:24,967 - V2Scraper - INFO -   ID 816: 17 missing images, but no anime_id
2026-07-25 13:34:24,969 - V2Scraper - INFO -   ID 83: 6 missing images, but no anime_id
2026-07-25 13:34:24,973 - V2Scraper - INFO -   ID 834: 3 missing images, but no anime_id
2026-07-25 13:34:24,974 - V2Scraper - INFO -   ID 836: 13 missing images, but no anime_id
2026-07-25 13:34:24,975 - V2Scraper - INFO -   ID 844: 2 missing images, but no anime_id
2026-07-25 13:34:24,975 - V2Scraper - INFO -   ID 846: 15 missing images, but no anime_id
2026-07-25 13:34:24,976 - V2Scraper - INFO -   ID 851: 2 missing images, but no anime_id
2026-07-25 13:34:24,976 - V2Scraper - INFO -   ID 854: 1 missing images, but no anime_id
2026-07-25 13:34:24,981 - V2Scraper - INFO -   ID 872: 2 missing images, but no anime_id
2026-07-25 13:34:24,984 - V2Scraper - INFO -   ID 878: 1 missing images, but no anime_id
2026-07-25 13:34:24,985 - V2Scraper - INFO -   ID 881: 3 missing images, but no anime_id
2026-07-25 13:34:24,986 - V2Scraper - INFO -   ID 887: 2 missing images, but no anime_id
2026-07-25 13:34:24,987 - V2Scraper - INFO -   ID 89: 52 missing images, but no anime_id
2026-07-25 13:34:24,991 - V2Scraper - INFO -   ID 9: 13 missing images, but no anime_id
2026-07-25 13:34:24,993 - V2Scraper - INFO -   ID 912: 1 missing images, but no anime_id
2026-07-25 13:34:24,994 - V2Scraper - INFO -   ID 920: 16 missing images, but no anime_id
2026-07-25 13:34:24,995 - V2Scraper - INFO -   ID 924: 27 missing images, but no anime_id
2026-07-25 13:34:24,997 - V2Scraper - INFO -   ID 94: 11 missing images, but no anime_id
2026-07-25 13:34:24,999 - V2Scraper - INFO -   ID 944: 1 missing images, but no anime_id
2026-07-25 13:34:25,005 - V2Scraper - INFO -   ID 99: 52 missing images, but no anime_id
2026-07-25 13:34:25,009 - V2Scraper - INFO - Backfilled 0 images across 0 anime
